sensorName,lat,long,transmitDateTime,CO,NO2,NH3,TDS,turbidity
prototype,47.653133,-122.306114,2025-03-05 15:24:43,4.385000,0.702430,0.145300,161.964310
prototype,47.653133,-122.306114,2025-03-05 15:24:59,4.385000,0.702430,0.145300,161.964310
prototype,47.653133,-122.306114,2025-03-05 15:25:07,4.413273,0.725741,0.145300,161.964310
prototype,47.653133,-122.306114,2025-03-05 15:25:15,4.385000,0.691212,0.145589,161.964310
prototype,47.653133,-122.306114,2025-03-05 15:25:23,4.385000,0.680272,0.145445,161.528870
prototype,47.653133,-122.306114,2025-03-05 15:25:31,4.385000,0.702430,0.145445,161.964310
prototype,47.653133,-122.306114,2025-03-05 15:25:39,4.413273,0.713937,0.145156,161.964310
prototype,47.653133,-122.306114,2025-03-05 15:25:55,0.552745,0.019782,0.643838,162.399597
prototype,47.653133,-122.306114,2025-03-05 15:26:03,0.525289,0.007465,0.470893,161.964310
prototype,47.653133,-122.306114,2025-03-05 15:26:12,0.515193,0.003221,0.443577,162.399597
prototype,47.653133,-122.306114,2025-03-05 15:26:20,0.509434,0.001596,0.454195,162.399597
prototype,47.653133,-122.306114,2025-03-05 15:26:36,0.503768,0.000646,0.513071,166.311493
prototype,47.653133,-122.306114,2025-03-05 15:26:44,0.500571,0.000444,0.575309,163.269806
prototype,47.653133,-122.306114,2025-03-05 15:26:52,0.498983,0.000323,0.642645,160.657608
prototype,47.653133,-122.306114,2025-03-05 15:27:00,0.496615,0.000245,0.725829,162.399597
prototype,47.653133,-122.306114,2025-03-05 15:27:16,0.496615,0.000169,0.873653,35.739185
prototype,47.653133,-122.306114,2025-03-05 15:27:24,0.495046,0.000140,0.973571,31.741314
prototype,47.653133,-122.306114,2025-03-05 15:27:40,0.493484,0.000101,1.193490,31.240076
prototype,47.653133,-122.306114,2025-03-05 15:27:48,0.492705,0.000082,1.329370,30.738501
prototype,47.653133,-122.306114,2025-03-05 15:27:56,0.491153,0.000067,1.507180,30.738501
prototype,47.653133,-122.306114,2025-03-05 15:28:12,0.490380,0.000052,1.845723,30.236588
prototype,47.653133,-122.306114,2025-03-05 15:28:28,0.489609,0.000044,2.264988,30.738501
prototype,47.653133,-122.306114,2025-03-05 15:28:36,0.488839,0.000041,2.534940,29.734335
prototype,47.653133,-122.306114,2025-03-05 15:28:44,0.488839,0.000040,2.855414,30.738501
prototype,47.653133,-122.306114,2025-03-05 15:28:52,0.488839,0.000039,3.129798,29.734335
prototype,47.653133,-122.306114,2025-03-05 15:29:00,0.488071,0.000038,3.512322,30.236588
prototype,47.653133,-122.306114,2025-03-05 15:29:08,0.488071,0.000037,3.769683,30.236588
prototype,47.653133,-122.306114,2025-03-05 15:29:16,0.488839,0.000036,4.138216,31.741314
prototype,47.653133,-122.306114,2025-03-05 15:29:24,0.488071,0.000036,4.495799,49.078110
prototype,47.653133,-122.306114,2025-03-05 15:29:32,0.488071,0.000036,5.023315,49.078110
prototype,47.653133,-122.306114,2025-03-05 15:29:40,0.487305,0.000035,5.825592,48.588203
prototype,47.653133,-122.306114,2025-03-05 15:29:56,0.487305,0.000034,7.235923,49.078110
prototype,47.653133,-122.306114,2025-03-05 15:30:04,0.487305,0.000034,9.708442,49.078110
prototype,47.653133,-122.306114,2025-03-05 15:30:12,0.486540,0.000034,10.784896,49.078110
prototype,47.653133,-122.306114,2025-03-05 15:30:20,0.486540,0.000033,12.433295,49.078110
prototype,47.653133,-122.306114,2025-03-05 15:30:28,0.486540,0.000033,18.530075,49.567707
prototype,47.653133,-122.306114,2025-03-05 15:30:36,0.486540,0.000033,25.111645,49.078110
prototype,47.653133,-122.306114,2025-03-05 15:30:44,0.485016,0.000033,38.817005,49.078110
prototype,47.653133,-122.306114,2025-03-05 15:30:52,0.486540,0.000032,127.482849,49.078110
prototype,47.653133,-122.306114,2025-03-05 15:31:00,0.485778,0.000033,49.078110
prototype,47.653133,-122.306114,2025-03-05 15:31:08,0.486540,0.000032,49.078110
prototype,47.653133,-122.306114,2025-03-05 15:31:16,0.485778,0.000032,47.607452
prototype,47.653133,-122.306114,2025-03-05 15:31:24,0.484257,0.000032,47.607452
prototype,47.653133,-122.306114,2025-03-05 15:31:32,0.485016,0.000032,49.567707
prototype,47.653133,-122.306114,2025-03-05 15:31:40,0.485778,0.000032,49.078110
prototype,47.653133,-122.306114,2025-03-05 15:31:56,0.484257,0.000032,48.588203
prototype,47.653133,-122.306114,2025-03-05 15:32:04,0.484257,0.000032,49.567707
prototype,47.653133,-122.306114,2025-03-05 15:32:12,0.485016,0.000031,49.078110
prototype,47.653133,-122.306114,2025-03-05 15:32:20,0.485016,0.000031,49.078110
prototype,47.653133,-122.306114,2025-03-05 15:32:28,0.484257,0.000031,48.097984
prototype,47.653133,-122.306114,2025-03-05 15:32:44,0.485016,0.000032,48.588203
prototype,47.653133,-122.306114,2025-03-05 15:32:52,0.484257,0.000031,49.078110
prototype,47.653133,-122.306114,2025-03-05 15:33:00,0.484257,0.000031,49.078110
prototype,47.653133,-122.306114,2025-03-05 15:33:08,0.484257,0.000032,50.056995
prototype,47.653133,-122.306114,2025-03-05 15:33:16,0.484257,0.000031,49.078110
prototype,47.653133,-122.306114,2025-03-05 15:33:24,0.485016,0.000031,49.078110
prototype,47.653133,-122.306114,2025-03-05 15:33:32,0.484257,0.000032,49.078110
prototype,47.653133,-122.306114,2025-03-05 15:33:40,0.484257,0.000031,48.588203
prototype,47.653133,-122.306114,2025-03-05 15:33:48,0.485016,0.000031,49.078110
prototype,47.653133,-122.306114,2025-03-05 15:33:56,0.484257,0.000005,48.588203
prototype,47.653133,-122.306114,2025-03-05 15:34:04,0.485778,0.000033,49.078110
prototype,47.653133,-122.306114,2025-03-05 15:34:12,0.484257,0.000032,48.588203
prototype,47.653133,-122.306114,2025-03-05 15:34:20,0.485016,0.000032,49.078110
prototype,47.653133,-122.306114,2025-03-05 15:34:40,4.391871,0.680272,-1.000000,48.588203
prototype,47.653133,-122.306114,2025-03-05 15:35:12,4.412579,0.662597,-1.000000,49.567707
prototype,47.653133,-122.306114,2025-03-05 15:35:20,4.391871,0.673174,-1.000000,47.607452
prototype,47.653133,-122.306114,2025-03-05 15:35:44,39.768867,15073.449219,0.000000,49.567707
prototype,47.653133,-122.306114,2025-03-05 15:35:52,40.025276,15826.436523,0.000000,49.078110
prototype,47.653133,-122.306114,2025-03-05 15:36:00,4.482625,0.760835,-1.000000,48.588203
prototype,47.653133,-122.306114,2025-03-05 15:36:08,4.303733,0.046379,-1.000000,52.986248
prototype,47.653133,-122.306114,2025-03-05 15:36:16,4.412579,0.810598,-1.000000,48.588203
prototype,47.653133,-122.306114,2025-03-05 15:36:24,4.398758,0.798971,-1.000000,49.078110
prototype,47.653133,-122.306114,2025-03-05 15:36:57,4.391871,0.656151,-1.000000,48.588203
prototype,47.653133,-122.306114,2025-03-05 15:37:05,4.385000,0.656151,-1.000000,49.078110
prototype,47.653133,-122.306114,2025-03-05 15:37:26,4.378134,0.683754,-1.000000,49.078110
prototype,47.653133,-122.306114,2025-03-05 15:37:34,4.378134,0.656151,-1.000000,48.097984
prototype,47.653133,-122.306114,2025-03-05 15:38:02,4.391867,0.687541,-1.000000,49.078110
prototype,47.653133,-122.306114,2025-03-05 15:38:10,4.391867,0.683901,-1.000000,49.078110
prototype,47.653133,-122.306114,2025-03-05 15:38:18,4.398749,0.683901,-1.000000,48.588203
prototype,47.653133,-122.306114,2025-03-05 15:38:26,4.385000,0.673043,-1.000000,43.178509
prototype,47.653133,-122.306114,2025-03-05 15:38:34,39.577225,15393.337891,0.000000,49.078110
prototype,47.653133,-122.306114,2025-03-05 15:38:42,39.577225,15640.889648,0.000000,49.078110
prototype,47.653133,-122.306114,2025-03-05 15:38:50,39.831142,16155.110352,0.000000,49.567707
prototype,47.653133,-122.306114,2025-03-05 15:38:58,39.831142,16155.110352,0.000000,49.078110
prototype,47.653133,-122.306114,2025-03-05 15:39:06,39.577225,15640.889648,0.000000,48.588203
prototype,47.653133,-122.306114,2025-03-05 15:39:14,39.831142,15640.889648,0.000000,48.588203
prototype,47.653133,-122.306114,2025-03-05 15:39:30,39.577225,15393.337891,0.000000,48.588203
prototype,47.653133,-122.306114,2025-03-05 15:39:38,4.612651,0.773925,-1.000000,49.078110
prototype,47.653133,-122.306114,2025-03-05 15:39:46,4.461391,0.911177,-1.000000,49.078110
prototype,47.653133,-122.306114,2025-03-05 15:40:39,4.385000,0.673265,-1.000000,49.078110
prototype,47.653133,-122.306114,2025-03-05 15:40:47,4.385000,0.655906,-1.000000,48.588203
prototype,47.653133,-122.306114,2025-03-05 15:40:55,4.391867,0.649026,-1.000000,49.078110
prototype,47.653133,-122.306114,2025-03-05 15:41:03,4.385000,0.642183,-1.000000,49.567707
prototype,47.653133,-122.306114,2025-03-05 15:41:11,4.391867,0.635376,-1.000000,49.567707
prototype,47.653133,-122.306114,2025-03-05 15:41:19,4.385000,0.625234,-1.000000,49.567707
prototype,47.653133,-122.306114,2025-03-05 15:41:27,4.391867,0.628606,-1.000000,49.567707
prototype,47.653133,-122.306114,2025-03-05 15:41:35,4.385000,0.618518,-1.000000,49.567707
prototype,47.653133,-122.306114,2025-03-05 15:41:43,4.391867,0.625234,-1.000000,49.567707
prototype,47.653133,-122.306114,2025-03-05 15:41:51,4.385000,0.615174,-1.000000,49.078110
prototype,47.653133,-122.306114,2025-03-05 15:41:59,4.391867,0.615174,-1.000000,49.567707
prototype,47.653133,-122.306114,2025-03-05 15:42:07,4.391867,0.621872,-1.000000,49.567707
prototype,47.653133,-122.306114,2025-03-05 15:42:15,4.385000,0.615174,-1.000000,50.056995
prototype,47.653133,-122.306114,2025-03-05 15:42:23,4.391867,0.618518,-1.000000,49.567707
prototype,47.653133,-122.306114,2025-03-05 15:42:31,4.391867,0.618518,-1.000000,49.567707
prototype,47.653133,-122.306114,2025-03-05 15:42:39,4.385000,0.611838,-1.000000,48.588203
prototype,47.653133,-122.306114,2025-03-05 15:42:47,4.391867,0.618518,-1.000000,49.567707
prototype,47.653133,-122.306114,2025-03-05 15:42:55,4.385000,0.611838,-1.000000,49.078110
prototype,47.653133,-122.306114,2025-03-05 15:43:03,4.385000,0.611838,-1.000000,49.567707
prototype,47.653133,-122.306114,2025-03-05 15:53:50,4.385000,0.579139,0.156312,47.116608
prototype,47.653133,-122.306114,2025-03-05 15:53:58,4.364251,0.509474,0.166167,49.078110
prototype,47.653133,-122.306114,2025-03-05 15:54:06,4.357367,0.458914,0.180614,48.097984
prototype,47.653133,-122.306114,2025-03-05 15:54:14,4.357367,0.448215,0.190938,49.078110
prototype,47.653133,-122.306114,2025-03-05 15:54:22,4.364251,0.415567,0.203832,48.588203
prototype,47.653133,-122.306114,2025-03-05 15:54:30,4.364251,0.443814,0.207494,49.567707
prototype,47.653133,-122.306114,2025-03-05 15:54:38,4.350497,0.417239,0.220910,48.588203
prototype,47.653133,-122.306114,2025-03-05 15:54:46,4.357367,0.403995,0.223445,48.588203
prototype,47.653133,-122.306114,2025-03-05 15:54:54,4.357367,0.390265,0.234150,49.078110
prototype,47.653133,-122.306114,2025-03-05 15:55:02,4.357367,0.393464,0.238896,48.588203
prototype,47.653133,-122.306114,2025-03-05 15:55:10,4.357367,0.387085,0.245851,49.078110
prototype,47.653133,-122.306114,2025-03-05 15:55:18,4.350497,0.395877,0.251054,49.567707
prototype,47.653133,-122.306114,2025-03-05 15:55:26,4.357367,0.407277,0.252119,49.567707
prototype,47.653133,-122.306114,2025-03-05 15:55:34,4.357367,0.398299,0.256466,48.097984
prototype,47.653133,-122.306114,2025-03-05 15:55:50,4.343644,0.357804,0.277899,49.078110
prototype,47.653133,-122.306114,2025-03-05 15:55:58,4.336805,0.330857,0.297038,48.588203
prototype,47.653133,-122.306114,2025-03-05 15:56:06,4.336805,0.317595,0.304488,48.588203
prototype,47.653133,-122.306114,2025-03-05 15:56:15,4.336805,0.310767,0.307568,49.078110
prototype,47.653133,-122.306114,2025-03-05 15:56:23,4.329983,0.295453,0.318826,48.588203
prototype,47.653133,-122.306114,2025-03-05 15:56:31,4.336805,0.298078,0.312299,50.545971
prototype,47.653133,-122.306114,2025-03-05 15:56:39,4.336805,0.318973,0.332687,48.588203
prototype,47.653133,-122.306114,2025-03-05 15:56:47,4.336805,0.316907,0.323894,49.078110
prototype,47.653133,-122.306114,2025-03-05 15:56:55,4.336805,0.330857,0.323894,48.588203
prototype,47.653133,-122.306114,2025-03-05 15:57:11,4.336805,0.350372,0.327357,48.588203
prototype,47.653133,-122.306114,2025-03-05 15:57:19,4.343644,0.361562,0.320499,49.078110
prototype,47.653133,-122.306114,2025-03-05 15:57:27,4.336805,0.348164,0.327357,49.078110
prototype,47.653133,-122.306114,2025-03-05 15:57:35,4.343644,0.351110,0.323894,48.588203
prototype,47.653133,-122.306114,2025-03-05 15:57:43,4.336805,0.369929,0.318826,48.588203
prototype,47.653133,-122.306114,2025-03-05 15:57:59,4.350497,0.366109,0.323894,48.588203
prototype,47.653133,-122.306114,2025-03-05 15:58:07,4.336805,0.361562,0.323894,48.588203
prototype,47.653133,-122.306114,2025-03-05 15:58:31,4.323176,0.283840,0.362010,49.078110
prototype,47.653133,-122.306114,2025-03-05 15:58:39,4.323176,0.276899,0.370676,48.588203
prototype,47.653133,-122.306114,2025-03-05 15:58:47,4.323176,0.275027,0.382082,48.588203
prototype,47.653133,-122.306114,2025-03-05 15:58:55,4.323176,0.265187,0.391700,49.078110
prototype,47.653133,-122.306114,2025-03-05 15:59:03,4.323176,0.250293,0.407027,48.588203
prototype,47.653133,-122.306114,2025-03-05 15:59:11,4.316385,0.220053,0.426423,48.588203
prototype,47.653133,-122.306114,2025-03-05 15:59:19,4.309608,0.196769,0.467575,49.567707
prototype,47.653133,-122.306114,2025-03-05 15:59:27,4.309608,0.179802,0.508848,48.588203
prototype,47.653133,-122.306114,2025-03-05 15:59:35,4.309608,0.162904,0.538972,48.588203
prototype,47.653133,-122.306114,2025-03-05 15:59:43,4.309608,0.161579,0.548222,49.078110
prototype,47.653133,-122.306114,2025-03-05 15:59:51,4.316385,0.175132,0.562686,48.588203
prototype,47.653133,-122.306114,2025-03-05 15:59:59,4.323176,0.200281,0.521351,47.607452
prototype,47.653133,-122.306114,2025-03-05 16:00:07,4.329983,0.227098,0.485505,49.078110
prototype,47.653133,-122.306114,2025-03-05 16:00:15,4.329983,0.246804,0.478176,48.588203
prototype,47.653133,-122.306114,2025-03-05 16:00:23,4.329983,0.252637,0.471058,48.588203
prototype,47.653133,-122.306114,2025-03-05 16:00:31,4.336805,0.270692,0.447674,48.588203
prototype,47.653133,-122.306114,2025-03-05 16:00:47,4.323176,0.272544,0.432294,48.097984
prototype,47.653133,-122.306114,2025-03-05 16:00:55,4.323176,0.287675,0.432294,48.588203
prototype,47.653133,-122.306114,2025-03-05 16:01:03,4.336805,0.314168,0.423545,48.588203
prototype,47.653133,-122.306114,2025-03-05 16:01:11,4.329983,0.316221,0.417898,48.588203
prototype,47.653133,-122.306114,2025-03-05 16:02:41,4.391895,0.683360,0.146818,48.097984
prototype,47.653133,-122.306114,2025-03-05 16:02:49,4.391895,0.689563,0.153728,48.588203
prototype,47.653133,-122.306114,2025-03-05 16:02:57,4.398806,0.702086,0.147768,48.588203
prototype,47.653133,-122.306114,2025-03-05 16:03:05,4.385000,0.689563,0.169600,48.588203
prototype,47.653133,-122.306114,2025-03-05 16:03:13,4.391895,0.698941,0.157964,48.588203
prototype,47.653133,-122.306114,2025-03-05 16:03:21,4.391895,0.654412,0.167143,48.588203
prototype,47.653133,-122.306114,2025-03-05 16:03:29,4.385000,0.614722,0.178776,48.588203
prototype,47.653133,-122.306114,2025-03-05 16:03:37,4.385000,0.594793,0.174729,48.588203
prototype,47.653133,-122.306114,2025-03-05 16:03:45,4.391895,0.594793,0.185937,48.588203
prototype,47.653133,-122.306114,2025-03-05 16:03:53,4.391895,0.578058,0.183007,48.588203
prototype,47.653133,-122.306114,2025-03-05 16:04:01,4.385000,0.529725,0.202056,48.097984
prototype,47.653133,-122.306114,2025-03-05 16:04:09,4.385000,0.533647,0.209285,47.607452
prototype,47.653133,-122.306114,2025-03-05 16:04:17,4.385000,0.548192,0.207432,48.588203
prototype,47.653133,-122.306114,2025-03-05 16:04:25,4.378121,0.553544,0.209285,48.588203
prototype,47.653133,-122.306114,2025-03-05 16:04:33,4.378121,0.545528,0.203818,48.588203
prototype,47.653133,-122.306114,2025-03-05 16:04:41,4.385000,0.512944,0.229754,49.078110
prototype,47.653133,-122.306114,2025-03-05 16:04:49,4.378121,0.514223,0.219057,48.588203
prototype,47.653133,-122.306114,2025-03-05 16:04:57,4.378121,0.519357,0.223218,47.607452
prototype,47.653133,-122.306114,2025-03-05 16:05:05,4.378121,0.528421,0.232016,49.078110
prototype,47.653133,-122.306114,2025-03-05 16:05:22,4.391895,0.561638,0.211171,48.588203
prototype,47.653133,-122.306114,2025-03-05 16:05:30,4.398806,0.568442,0.217033,48.097984
prototype,47.653133,-122.306114,2025-03-05 16:05:38,4.385000,0.580825,0.229754,48.588203
prototype,47.653133,-122.306114,2025-03-05 16:05:46,4.391895,0.584992,0.227534,48.588203
prototype,47.653133,-122.306114,2025-03-05 16:05:54,4.385000,0.578058,0.217033,49.078110
prototype,47.653133,-122.306114,2025-03-05 16:06:10,4.385000,0.534959,0.234322,48.588203
prototype,47.653133,-122.306114,2025-03-05 16:06:18,4.385000,0.538906,0.246552,48.097984
prototype,47.653133,-122.306114,2025-03-05 16:06:26,4.385000,0.544200,0.241514,48.588203
prototype,47.653133,-122.306114,2025-03-05 16:06:34,4.385000,0.519357,0.246552,48.588203
prototype,47.653133,-122.306114,2025-03-05 16:06:42,4.385000,0.519357,0.249148,48.588203
prototype,47.653133,-122.306114,2025-03-05 16:06:50,4.385000,0.516786,0.262970,47.607452
prototype,47.653133,-122.306114,2025-03-05 16:06:58,4.385000,0.515503,0.265916,47.607452
prototype,47.653133,-122.306114,2025-03-05 16:07:06,4.385000,0.528421,0.265916,47.607452
prototype,47.653133,-122.306114,2025-03-05 16:07:14,4.385000,0.537589,0.254503,47.607452
prototype,47.653133,-122.306114,2025-03-05 16:07:30,4.385000,0.540227,0.239069,48.097984
prototype,47.653133,-122.306114,2025-03-05 16:07:38,4.385000,0.548192,0.251798,47.607452
prototype,47.653133,-122.306114,2025-03-05 16:07:46,4.385000,0.545528,0.246552,47.607452
prototype,47.653133,-122.306114,2025-03-05 16:07:54,4.385000,0.540227,0.251798,48.097984
prototype,47.653133,-122.306114,2025-03-05 16:08:02,4.385000,0.540227,0.260088,48.097984
prototype,47.653133,-122.306114,2025-03-05 16:08:10,4.385000,0.540227,0.265916,47.607452
prototype,47.653133,-122.306114,2025-03-05 16:08:18,4.385000,0.509122,0.299336,47.607452
prototype,47.653133,-122.306114,2025-03-05 16:08:26,4.378121,0.510394,0.288481,47.116608
prototype,47.653133,-122.306114,2025-03-05 16:08:34,4.378121,0.518070,0.307026,47.116608
prototype,47.653133,-122.306114,2025-03-05 16:08:42,4.385000,0.533647,0.303133,47.116608
prototype,47.653133,-122.306114,2025-03-05 16:08:50,4.378121,0.520645,0.323626,47.607452
prototype,47.653133,-122.306114,2025-03-05 16:09:06,4.385000,0.540227,0.295630,48.097984
prototype,47.653133,-122.306114,2025-03-05 16:09:22,4.385000,0.558931,0.307026,47.116608
prototype,47.653133,-122.306114,2025-03-05 16:09:30,4.385000,0.549527,0.307026,47.607452
prototype,47.653133,-122.306114,2025-03-05 16:09:38,4.385000,0.545528,0.295630,47.607452
prototype,47.653133,-122.306114,2025-03-05 16:09:46,4.385000,0.523229,0.323626,47.607452
prototype,47.653133,-122.306114,2025-03-05 16:09:54,4.378121,0.492770,0.362707,47.607452
prototype,47.653133,-122.306114,2025-03-05 16:10:02,4.378121,0.509122,0.332601,48.588203
prototype,47.653133,-122.306114,2025-03-05 16:10:10,4.385000,0.533647,0.347016,47.116608
prototype,47.653133,-122.306114,2025-03-05 16:10:18,4.378121,0.486572,0.398662,47.607452
prototype,47.653133,-122.306114,2025-03-05 16:10:26,4.378121,0.473113,0.426781,47.116608
prototype,47.653133,-122.306114,2025-03-05 16:10:34,4.378121,0.487807,0.405345,47.116608
prototype,47.653133,-122.306114,2025-03-05 16:10:42,4.378121,0.479200,0.385925,48.097984
prototype,47.653133,-122.306114,2025-03-05 16:10:50,4.385000,0.502792,0.398662,47.116608
prototype,47.653133,-122.306114,2025-03-05 16:10:58,4.385000,0.504053,0.357324,47.607452
prototype,47.653133,-122.306114,2025-03-05 16:11:06,4.378121,0.486572,0.412251,47.116608
prototype,47.653133,-122.306114,2025-03-05 16:11:14,4.385000,0.502792,0.379852,47.607452
prototype,47.653133,-122.306114,2025-03-05 16:11:22,4.378121,0.496512,0.419392,47.116608
prototype,47.653133,-122.306114,2025-03-05 16:11:30,4.378121,0.514223,0.379852,47.607452
prototype,47.653133,-122.306114,2025-03-05 16:11:38,4.378121,0.492770,0.442352,47.607452
prototype,47.653133,-122.306114,2025-03-05 16:11:46,4.391895,0.529725,0.373963,47.607452
prototype,47.653133,-122.306114,2025-03-05 16:11:54,4.371256,0.528421,0.426781,47.116608
prototype,47.653133,-122.306114,2025-03-05 16:12:02,4.385000,0.519357,0.398662,47.607452
prototype,47.653133,-122.306114,2025-03-05 16:12:10,4.385000,0.519357,0.412251,47.607452
prototype,47.653133,-122.306114,2025-03-05 16:12:18,4.385000,0.528421,0.442352,47.116608
prototype,47.653133,-122.306114,2025-03-05 16:12:26,4.378121,0.541549,0.426781,47.116608
prototype,47.653133,-122.306114,2025-03-05 16:13:35,19.670752,7585.597656,0.000043,47.607452
prototype,47.653133,-122.306114,2025-03-05 16:13:43,19.746193,11829.589844,0.000044,47.607452
prototype,47.653133,-122.306114,2025-03-05 16:13:51,19.746193,17242.500000,0.000043,47.116608
prototype,47.653133,-122.306114,2025-03-05 16:13:59,19.746193,100610.234375,0.000044,47.607452
prototype,47.653133,-122.306114,2025-03-05 16:14:07,19.746193,210852.609375,0.000041,47.116608
prototype,47.653133,-122.306114,2025-03-05 16:14:15,19.822128,0.000040,47.116608
prototype,47.653133,-122.306114,2025-03-05 16:14:23,19.822128,127.515091,0.000040,47.116608
prototype,47.653133,-122.306114,2025-03-05 16:14:31,19.822128,137.023849,0.000038,47.116608
prototype,47.653133,-122.306114,2025-03-05 16:14:39,19.822128,144.241516,0.000038,47.607452
prototype,47.653133,-122.306114,2025-03-05 16:14:55,19.898563,149.029816,0.000037,47.607452
prototype,47.653133,-122.306114,2025-03-05 16:15:03,19.822128,150.510452,0.000036,47.116608
prototype,47.653133,-122.306114,2025-03-05 16:15:11,19.822128,150.014587,0.000036,47.607452
prototype,47.653133,-122.306114,2025-03-05 16:15:19,19.822128,152.012161,0.000038,47.607452
prototype,47.653133,-122.306114,2025-03-05 16:15:27,19.822128,152.517487,0.000035,47.607452
prototype,47.653133,-122.306114,2025-03-05 16:18:02,19.853252,128.020462,0.000028,47.116608
prototype,47.653133,-122.306114,2025-03-05 16:18:10,19.853252,137.167984,0.000027,46.625450
prototype,47.653133,-122.306114,2025-03-05 16:18:18,19.853252,143.014023,0.000027,47.116608
prototype,47.653133,-122.306114,2025-03-05 16:18:26,19.929810,141.633972,0.000028,47.116608
prototype,47.653133,-122.306114,2025-03-05 16:18:34,19.929810,146.309464,0.000027,46.625450
prototype,47.653133,-122.306114,2025-03-05 16:18:43,19.853252,149.714066,0.000026,47.607452
prototype,47.653133,-122.306114,2025-03-05 16:18:51,19.853252,142.091873,0.000027,47.607452
prototype,47.653133,-122.306114,2025-03-05 16:18:59,19.853252,142.551895,0.000027,47.116608
prototype,47.653133,-122.306114,2025-03-05 16:19:07,19.853252,140.724426,0.000028,46.625450
prototype,47.653133,-122.306114,2025-03-05 16:19:15,19.853252,149.220825,0.000027,47.607452
prototype,47.653133,-122.306114,2025-03-05 16:19:23,19.853252,143.014023,0.000028,46.133980
prototype,47.653133,-122.306114,2025-03-05 16:19:31,19.853252,144.884048,0.000028,47.116608
prototype,47.653133,-122.306114,2025-03-05 16:19:39,19.853252,139.823151,0.000029,47.116608
prototype,47.653133,-122.306114,2025-03-05 16:19:47,19.777197,126.450447,0.000031,46.625450
prototype,47.653133,-122.306114,2025-03-05 16:20:03,19.853252,1316835.750000,0.000031,46.625450
prototype,47.653133,-122.306114,2025-03-05 16:20:11,19.777197,209736.953125,0.000032,46.625450
prototype,47.653133,-122.306114,2025-03-05 16:20:19,19.777197,55028.128906,0.000033,47.607452
prototype,47.653133,-122.306114,2025-03-05 16:20:27,19.853252,21480.113281,0.000033,46.625450
prototype,47.653133,-122.306114,2025-03-05 16:20:35,19.777197,37831.582031,0.000033,47.607452
prototype,47.653133,-122.306114,2025-03-05 16:21:17,19.701641,5333.574707,0.000001,47.116608
prototype,47.653133,-122.306114,2025-03-05 16:21:25,19.777197,5446.258301,0.000001,46.133980
prototype,47.653133,-122.306114,2025-03-05 16:21:33,19.777197,3227.628418,0.000001,47.116608
prototype,47.653133,-122.306114,2025-03-05 16:21:41,19.853252,6981.348633,0.000001,46.133980
prototype,47.653133,-122.306114,2025-03-05 16:21:49,19.777197,4821.544922,0.000001,46.625450
prototype,47.653133,-122.306114,2025-03-05 16:21:57,19.701641,6208.678223,0.000001,47.116608
prototype,47.653133,-122.306114,2025-03-05 16:22:05,19.701641,7714.984375,0.000001,46.625450
prototype,47.653133,-122.306114,2025-03-05 16:22:13,19.701641,4148.926758,0.000001,47.116608
prototype,47.653133,-122.306114,2025-03-05 16:22:21,19.626575,2520.904785,0.000001,46.625450
prototype,47.653133,-122.306114,2025-03-05 16:22:29,19.777197,2555.480957,0.000001,47.607452
prototype,47.653133,-122.306114,2025-03-05 16:22:37,19.777197,3227.628418,0.000001,47.607452
prototype,47.653133,-122.306114,2025-03-05 16:22:45,19.777197,3866.319580,0.000001,47.116608
prototype,47.653133,-122.306114,2025-03-05 16:22:53,19.853252,6070.330078,0.000001,47.116608
prototype,47.653133,-122.306114,2025-03-05 16:23:01,19.777197,5936.782715,0.000001,47.116608
prototype,47.653133,-122.306114,2025-03-05 16:23:09,19.853252,32811.640625,0.000001,47.116608
prototype,47.653133,-122.306114,2025-03-05 16:23:45,19.732555,4765.253418,0.000000,47.116608
prototype,47.653133,-122.306114,2025-03-05 16:23:53,19.808233,4518.482910,0.000000,47.607452
prototype,47.653133,-122.306114,2025-03-05 16:24:01,19.732555,3147.046631,0.000000,47.116608
prototype,47.653133,-122.306114,2025-03-05 16:24:09,19.732555,3434.658447,0.000000,46.625450
prototype,47.653133,-122.306114,2025-03-05 16:24:17,19.732555,3486.583496,0.000000,47.116608
prototype,47.653133,-122.306114,2025-03-05 16:24:25,19.808233,3594.192383,0.000000,47.607452
prototype,47.653133,-122.306114,2025-03-05 16:24:33,19.732555,3334.372070,0.000000,48.097984
prototype,47.653133,-122.306114,2025-03-05 16:24:41,19.808233,3887.177490,0.000000,47.116608
prototype,47.653133,-122.306114,2025-03-05 16:24:49,19.961082,31755.783203,0.000000,47.116608
prototype,47.653133,-122.306114,2025-03-05 16:24:57,20.038265,196.254227,0.000000,46.625450
prototype,47.653133,-122.306114,2025-03-05 16:25:05,19.808233,176.329483,0.000000,47.116608
prototype,47.653133,-122.306114,2025-03-05 16:25:13,19.808233,153.337723,0.000000,47.116608
prototype,47.653133,-122.306114,2025-03-05 16:27:44,19.822128,355015.593750,0.000057,46.133980
prototype,47.653133,-122.306114,2025-03-05 16:27:52,19.822128,97326.703125,0.000060,46.625450
prototype,47.653133,-122.306114,2025-03-05 16:28:00,19.822128,51514.796875,0.000065,46.133980
prototype,47.653133,-122.306114,2025-03-05 16:28:08,19.898563,56405.742188,0.000070,46.133980
prototype,47.653133,-122.306114,2025-03-05 16:28:48,19.898563,135.199173,0.000065,46.133980
prototype,47.653133,-122.306114,2025-03-05 16:29:04,19.822128,122.444908,0.000068,46.625450
prototype,47.653133,-122.306114,2025-03-05 16:29:12,19.898563,130.311691,0.000065,45.642193
prototype,47.653133,-122.306114,2025-03-05 16:29:20,19.898563,133.392075,0.000064,46.133980
prototype,47.653133,-122.306114,2025-03-05 16:29:28,19.822128,124.854347,0.000068,46.133980
prototype,47.653133,-122.306114,2025-03-05 16:29:36,19.898563,118.573738,0.000074,46.133980
prototype,47.653133,-122.306114,2025-03-05 16:53:11,4.371265,0.657208,-1.000000,46.133980
prototype,47.653133,-122.306114,2025-03-05 16:53:19,4.378125,0.659111,-1.000000,45.642193
prototype,47.653133,-122.306114,2025-03-05 16:53:27,4.385000,0.651516,-1.000000,45.642193
prototype,47.653133,-122.306114,2025-03-05 16:53:35,4.385000,0.668680,-1.000000,45.150089
prototype,47.653133,-122.306114,2025-03-05 16:53:43,4.385000,0.693950,-1.000000,46.133980
prototype,47.653133,-122.306114,2025-03-05 16:53:51,4.391891,0.783791,-1.000000,45.150089
prototype,47.653133,-122.306114,2025-03-05 16:54:19,19.416855,11613.471680,0.000003,47.607452
prototype,47.653133,-122.306114,2025-03-05 16:54:27,19.715216,5643.668945,0.000003,45.642193
prototype,47.653133,-122.306114,2025-03-05 16:54:35,19.715216,3177.568359,0.000003,45.642193
prototype,47.653133,-122.306114,2025-03-05 16:54:43,19.715216,2980.240967,0.000003,45.642193
prototype,47.653133,-122.306114,2025-03-05 16:54:51,19.715216,2888.684814,0.000003,45.150089
prototype,47.653133,-122.306114,2025-03-05 16:55:07,19.791031,6346.021973,0.000003,45.150089
prototype,47.653133,-122.306114,2025-03-05 16:55:15,19.791031,16359.154297,0.000003,45.642193
prototype,47.653133,-122.306114,2025-03-05 16:55:23,19.791031,200050.468750,0.000003,45.642193
prototype,47.653133,-122.306114,2025-03-05 16:55:31,19.715216,14480.113281,0.000003,45.642193
prototype,47.653133,-122.306114,2025-03-05 16:55:39,19.791031,57204.320313,0.000003,45.642193
prototype,47.653133,-122.306114,2025-03-05 16:55:47,19.791031,117.334412,0.000003,45.642193
prototype,47.653133,-122.306114,2025-03-05 16:55:55,19.867346,122.866592,0.000003,45.150089
prototype,47.653133,-122.306114,2025-03-05 16:56:11,19.867346,136.851913,0.000002,45.642193
prototype,47.653133,-122.306114,2025-03-05 16:56:19,19.867346,138.192734,0.000002,45.150089
prototype,47.653133,-122.306114,2025-03-05 16:56:27,19.867346,144.703888,0.000002,45.150089
prototype,47.653133,-122.306114,2025-03-05 16:56:35,19.791031,141.860962,0.000002,45.642193
prototype,47.653133,-122.306114,2025-03-05 16:56:51,19.791031,125.968513,0.000002,45.642193
prototype,47.653133,-122.306114,2025-03-05 16:56:59,19.867346,127.963745,0.000002,45.642193
prototype,47.653133,-122.306114,2025-03-05 16:57:07,19.791031,123.248375,0.000003,45.642193
prototype,47.653133,-122.306114,2025-03-05 16:57:15,19.791031,123.631844,0.000003,45.150089
prototype,47.653133,-122.306114,2025-03-05 16:57:23,19.791031,124.403877,0.000003,45.150089
prototype,47.653133,-122.306114,2025-03-05 16:57:31,19.791031,120.240158,0.000003,45.150089
prototype,47.653133,-122.306114,2025-03-05 16:57:39,19.791031,116.978188,0.000003,45.642193
prototype,47.653133,-122.306114,2025-03-05 16:58:29,4.378121,0.651717,0.191312,46.133980
prototype,47.653133,-122.306114,2025-03-05 16:58:45,4.378121,0.620726,0.501738,45.642193
prototype,47.653133,-122.306114,2025-03-05 16:58:53,4.371256,0.632032,0.501738,45.150089
prototype,47.653133,-122.306114,2025-03-05 16:59:09,4.385000,0.670104,0.839639,45.150089
prototype,47.653133,-122.306114,2025-03-05 16:59:17,4.385000,0.645113,0.417479,45.150089
prototype,47.653133,-122.306114,2025-03-05 16:59:33,4.378121,0.593807,45.150089
prototype,47.653133,-122.306114,2025-03-05 16:59:41,4.378121,0.619122,0.839639,44.657669
prototype,47.653133,-122.306114,2025-03-05 16:59:49,4.378121,0.623943,45.150089
prototype,47.653133,-122.306114,2025-03-05 16:59:57,4.378121,0.630409,45.642193
prototype,47.653133,-122.306114,2025-03-05 17:00:05,4.371256,0.650062,1.263348,45.642193
prototype,47.653133,-122.306114,2025-03-05 17:00:21,4.378121,0.620726,2.539611,45.642193
prototype,47.653133,-122.306114,2025-03-05 17:00:29,4.378121,0.625556,45.150089
prototype,47.653133,-122.306114,2025-03-05 17:00:37,4.378121,0.606381,45.642193
prototype,47.653133,-122.306114,2025-03-05 17:00:45,4.385000,0.635286,45.642193
prototype,47.653133,-122.306114,2025-03-05 17:00:53,4.378121,0.645113,1.263348,45.642193
prototype,47.653133,-122.306114,2025-03-05 17:01:09,4.385000,0.675176,1.263348,45.150089
prototype,47.653133,-122.306114,2025-03-05 17:01:18,4.378121,0.638551,2.539611,45.150089
prototype,47.653133,-122.306114,2025-03-05 17:01:26,4.378121,0.612730,45.642193
prototype,47.653133,-122.306114,2025-03-05 17:21:24,4.385000,0.667714,-1.000000,45.642193
prototype,47.653133,-122.306114,2025-03-05 17:21:28,4.385000,0.660604,-1.000000,45.150089
prototype,47.653133,-122.306114,2025-03-05 17:21:33,4.385000,0.650027,-1.000000,44.657669
prototype,47.653133,-122.306114,2025-03-05 17:21:38,4.385000,0.639557,-1.000000,45.150089
prototype,47.653133,-122.306114,2025-03-05 17:21:48,4.385000,0.644779,-1.000000,49.567707
prototype,47.653133,-122.306114,2025-03-05 17:21:52,4.385000,0.667714,-1.000000,45.150089
prototype,47.653133,-122.306114,2025-03-05 17:21:57,4.385000,0.665932,-1.000000,45.150089
prototype,47.653133,-122.306114,2025-03-05 17:22:02,4.391905,0.682078,-1.000000,46.625450
prototype,47.653133,-122.306114,2025-03-05 17:22:07,4.385000,0.682078,-1.000000,45.150089
prototype,47.653133,-122.306114,2025-03-05 17:22:12,4.378112,0.660604,-1.000000,44.657669
prototype,47.653133,-122.306114,2025-03-05 17:22:16,4.385000,0.665932,-1.000000,45.642193
prototype,47.653133,-122.306114,2025-03-05 17:22:21,4.391905,0.667714,-1.000000,45.150089
prototype,47.653133,-122.306114,2025-03-05 17:22:26,4.385000,0.653541,-1.000000,45.150089
prototype,47.653133,-122.306114,2025-03-05 17:22:31,4.385000,0.662377,-1.000000,44.657669
prototype,47.653133,-122.306114,2025-03-05 17:22:36,4.385000,0.667714,-1.000000,45.150089
prototype,47.653133,-122.306114,2025-03-05 17:22:40,4.385000,0.689332,-1.000000,45.150089
prototype,47.653133,-122.306114,2025-03-05 17:22:45,4.385000,0.713244,-1.000000,45.642193
prototype,47.653133,-122.306114,2025-03-05 17:22:50,4.385000,0.687514,-1.000000,45.150089
prototype,47.653133,-122.306114,2025-03-05 17:22:55,4.385000,0.662377,-1.000000,45.150089
prototype,47.653133,-122.306114,2025-03-05 17:23:00,4.378112,0.634362,-1.000000,44.657669
prototype,47.653133,-122.306114,2025-03-05 17:23:04,4.378112,0.610463,-1.000000,45.150089
prototype,47.653133,-122.306114,2025-03-05 17:23:09,4.378112,0.602064,-1.000000,45.642193
prototype,47.653133,-122.306114,2025-03-05 17:23:14,4.385000,0.592080,-1.000000,45.642193
prototype,47.653133,-122.306114,2025-03-05 17:23:19,4.378112,0.577296,-1.000000,45.150089
prototype,47.653133,-122.306114,2025-03-05 17:23:28,4.378112,0.559535,-1.000000,45.150089
prototype,47.653133,-122.306114,2025-03-05 17:23:38,4.378112,0.538978,-1.000000,44.657669
prototype,47.653133,-122.306114,2025-03-05 17:23:43,4.378112,0.553160,-1.000000,45.150089
prototype,47.653133,-122.306114,2025-03-05 17:23:48,4.378112,0.561136,-1.000000,45.150089
prototype,47.653133,-122.306114,2025-03-05 17:23:52,4.385000,0.605415,-1.000000,45.150089
prototype,47.653133,-122.306114,2025-03-05 17:23:57,4.385000,0.625761,-1.000000,45.150089
prototype,47.653133,-122.306114,2025-03-05 17:24:02,4.391905,0.653541,-1.000000,45.642193
prototype,47.653133,-122.306114,2025-03-05 17:24:07,4.385000,0.643036,-1.000000,44.657669
prototype,47.653133,-122.306114,2025-03-05 17:24:12,4.378112,0.630913,-1.000000,45.150089
prototype,47.653133,-122.306114,2025-03-05 17:24:16,4.378112,0.618933,-1.000000,45.150089
prototype,47.653133,-122.306114,2025-03-05 17:24:31,4.378112,0.585481,-1.000000,44.164936
prototype,47.653133,-122.306114,2025-03-05 17:24:36,4.378112,0.597059,-1.000000,45.150089
prototype,47.653133,-122.306114,2025-03-05 17:24:41,4.378112,0.620636,-1.000000,45.150089
prototype,47.653133,-122.306114,2025-03-05 17:24:45,4.378112,0.592080,-1.000000,45.150089
prototype,47.653133,-122.306114,2025-03-05 17:24:50,4.371238,0.577296,-1.000000,44.657669
prototype,47.653133,-122.306114,2025-03-05 17:24:55,4.385000,0.570798,-1.000000,45.642193
prototype,47.653133,-122.306114,2025-03-05 17:25:00,4.378112,0.567566,-1.000000,45.150089
prototype,47.653133,-122.306114,2025-03-05 17:25:05,4.378112,0.548408,-1.000000,45.642193
prototype,47.653133,-122.306114,2025-03-05 17:25:09,4.378112,0.553160,-1.000000,45.150089
prototype,47.653133,-122.306114,2025-03-05 17:25:14,4.378112,0.556342,-1.000000,45.642193
prototype,47.653133,-122.306114,2025-03-05 17:25:19,4.371238,0.540543,-1.000000,45.150089
prototype,47.653133,-122.306114,2025-03-05 17:25:24,4.378112,0.528101,-1.000000,45.150089
prototype,47.653133,-122.306114,2025-03-05 17:25:29,4.378112,0.529647,-1.000000,45.150089
prototype,47.653133,-122.306114,2025-03-05 17:25:33,4.378112,0.546830,-1.000000,45.642193
prototype,47.653133,-122.306114,2025-03-05 17:25:38,4.371238,0.551574,-1.000000,45.150089
prototype,47.653133,-122.306114,2025-03-05 17:25:48,4.378112,0.535857,-1.000000,44.657669
prototype,47.653133,-122.306114,2025-03-05 17:25:53,4.378112,0.546830,-1.000000,44.657669
prototype,47.653133,-122.306114,2025-03-05 17:25:57,4.378112,0.553160,-1.000000,45.150089
prototype,47.653133,-122.306114,2025-03-05 17:26:02,4.378112,0.546830,-1.000000,45.150089
prototype,47.653133,-122.306114,2025-03-05 17:26:07,4.371238,0.564346,-1.000000,44.657669
prototype,47.653133,-122.306114,2025-03-05 17:26:12,4.378112,0.559535,-1.000000,45.150089
prototype,47.653133,-122.306114,2025-03-05 17:26:17,4.378112,0.559535,-1.000000,45.150089
prototype,47.653133,-122.306114,2025-03-05 17:26:21,4.371238,0.553160,-1.000000,45.150089
prototype,47.653133,-122.306114,2025-03-05 17:26:26,4.378112,0.557937,-1.000000,45.150089
prototype,47.653133,-122.306114,2025-03-05 17:26:36,4.385000,0.577296,-1.000000,44.657669
prototype,47.653133,-122.306114,2025-03-05 17:26:41,4.378112,0.553160,-1.000000,45.150089
prototype,47.653133,-122.306114,2025-03-05 17:26:45,4.371238,0.534301,-1.000000,44.657669
prototype,47.653133,-122.306114,2025-03-05 17:26:50,4.371238,0.525018,-1.000000,45.150089
prototype,47.653133,-122.306114,2025-03-05 17:26:55,4.371238,0.514312,-1.000000,44.657669
prototype,47.653133,-122.306114,2025-03-05 17:27:00,4.371238,0.508254,-1.000000,44.657669
prototype,47.653133,-122.306114,2025-03-05 17:27:05,4.378112,0.546830,-1.000000,45.150089
prototype,47.653133,-122.306114,2025-03-05 17:27:14,4.385000,0.597059,-1.000000,45.150089
prototype,47.653133,-122.306114,2025-03-05 17:27:24,4.371238,0.561136,-1.000000,44.657669
prototype,47.653133,-122.306114,2025-03-05 17:27:29,4.371238,0.540543,-1.000000,45.150089
prototype,47.653133,-122.306114,2025-03-05 17:27:33,4.371238,0.545254,-1.000000,45.642193
prototype,47.653133,-122.306114,2025-03-05 17:27:38,4.371238,0.540543,-1.000000,45.150089
prototype,47.653133,-122.306114,2025-03-05 17:27:43,4.385000,0.565955,-1.000000,45.150089
prototype,47.653133,-122.306114,2025-03-05 17:27:57,4.385000,0.590426,-1.000000,44.657669
prototype,47.653133,-122.306114,2025-03-05 17:28:02,4.385000,0.605415,-1.000000,44.657669
prototype,47.653133,-122.306114,2025-03-05 17:28:07,4.378112,0.592080,-1.000000,45.150089
prototype,47.653133,-122.306114,2025-03-05 17:28:12,4.371238,0.583838,-1.000000,44.657669
prototype,47.653133,-122.306114,2025-03-05 17:28:17,4.371238,0.556342,-1.000000,44.657669
prototype,47.653133,-122.306114,2025-03-05 17:28:26,4.378112,0.603738,-1.000000,44.657669
prototype,47.653133,-122.306114,2025-03-05 17:28:31,4.385000,0.660604,-1.000000,45.150089
prototype,47.653133,-122.306114,2025-03-05 17:28:36,4.378112,0.711386,-1.000000,44.657669
prototype,47.653133,-122.306114,2025-03-05 17:28:41,4.378112,0.705831,-1.000000,45.150089
prototype,47.653133,-122.306114,2025-03-05 17:29:41,4.378097,0.639311,0.146864,45.150089
prototype,47.653133,-122.306114,2025-03-05 17:29:45,4.378097,0.633083,0.151989,44.657669
prototype,47.653133,-122.306114,2025-03-05 17:29:50,4.371209,0.586063,0.156342,44.657669
prototype,47.653133,-122.306114,2025-03-05 17:29:55,4.371209,0.562985,0.154136,45.150089
prototype,47.653133,-122.306114,2025-03-05 17:30:00,4.378097,0.575593,0.163339,44.657669
prototype,47.653133,-122.306114,2025-03-05 17:30:05,4.378097,0.586063,0.158609,44.164936
prototype,47.653133,-122.306114,2025-03-05 17:30:09,4.378097,0.586063,0.159767,45.150089
prototype,47.653133,-122.306114,2025-03-05 17:30:14,4.378097,0.586063,0.162132,44.657669
prototype,47.653133,-122.306114,2025-03-05 17:30:19,4.378097,0.600242,0.159767,44.657669
prototype,47.653133,-122.306114,2025-03-05 17:30:24,4.378097,0.581392,0.167069,45.642193
prototype,47.653133,-122.306114,2025-03-05 17:30:29,4.371209,0.549465,0.167069,44.657669
prototype,47.653133,-122.306114,2025-03-05 17:30:33,4.378097,0.555069,0.168349,45.150089
prototype,47.653133,-122.306114,2025-03-05 17:30:38,4.378097,0.567546,0.177866,45.150089
prototype,47.653133,-122.306114,2025-03-05 17:30:43,4.378097,0.574438,0.177866,44.657669
prototype,47.653133,-122.306114,2025-03-05 17:30:48,4.378097,0.580229,0.176443,44.657669
prototype,47.653133,-122.306114,2025-03-05 17:30:53,4.385000,0.576749,0.170966,45.642193
prototype,47.653133,-122.306114,2025-03-05 17:30:57,4.385000,0.580229,0.176443,44.164936
prototype,47.653133,-122.306114,2025-03-05 17:31:02,4.371209,0.577907,0.176443,49.567707
prototype,47.653133,-122.306114,2025-03-05 17:31:07,4.364337,0.535088,0.183785,44.657669
prototype,47.653133,-122.306114,2025-03-05 17:31:12,4.371209,0.531810,0.185324,44.164936
prototype,47.653133,-122.306114,2025-03-05 17:31:17,4.364337,0.493599,0.188479,44.657669
prototype,47.653133,-122.306114,2025-03-05 17:31:21,4.364337,0.487429,0.196841,44.657669
prototype,47.653133,-122.306114,2025-03-05 17:31:26,4.371209,0.485385,0.193411,45.150089
prototype,47.653133,-122.306114,2025-03-05 17:31:31,4.364337,0.476262,0.205951,44.657669
prototype,47.653133,-122.306114,2025-03-05 17:31:37,4.364337,0.475256,0.209828,44.657669
prototype,47.653133,-122.306114,2025-03-05 17:31:51,4.364337,0.500868,0.205951,44.657669
prototype,47.653133,-122.306114,2025-03-05 17:31:56,4.364337,0.506108,0.198600,44.657669
prototype,47.653133,-122.306114,2025-03-05 17:32:01,4.371209,0.493599,0.204064,45.150089
prototype,47.653133,-122.306114,2025-03-05 17:32:06,4.364337,0.489480,0.205951,45.150089
prototype,47.653133,-122.306114,2025-03-05 17:32:10,4.821914,0.992059,0.107738,45.150089
prototype,47.653133,-122.306114,2025-03-05 17:32:15,5.051788,1.699656,0.070929,44.657669
prototype,47.653133,-122.306114,2025-03-05 17:32:20,4.555502,1.771692,0.058139,45.150089
prototype,47.653133,-122.306114,2025-03-05 17:32:30,4.412770,1.327090,0.070182,44.164936
prototype,47.653133,-122.306114,2025-03-05 17:32:35,4.398853,1.164328,0.078681,45.150089
prototype,47.653133,-122.306114,2025-03-05 17:32:39,4.391919,1.106898,0.084547,44.657669
prototype,47.653133,-122.306114,2025-03-05 17:32:44,4.385000,1.048167,0.092095,44.657669
prototype,47.653133,-122.306114,2025-03-05 17:32:49,4.533670,1.164328,0.101998,44.657669
prototype,47.653133,-122.306114,2025-03-05 17:32:54,4.461981,0.058371,44.657669
prototype,47.653133,-122.306114,2025-03-05 17:32:59,4.476187,1.160288,0.110553,44.164936
prototype,47.653133,-122.306114,2025-03-05 17:33:03,4.405804,1.057459,0.113511,44.657669
prototype,47.653133,-122.306114,2025-03-05 17:33:08,4.391919,1.015277,0.118569,44.657669
prototype,47.653133,-122.306114,2025-03-05 17:33:13,4.562813,0.347709,0.295138,44.657669
prototype,47.653133,-122.306114,2025-03-05 17:33:18,4.426750,1.026144,0.136681,44.657669
prototype,47.653133,-122.306114,2025-03-05 17:33:23,4.385000,0.928357,0.147862,44.657669
prototype,47.653133,-122.306114,2025-03-05 17:33:27,4.364337,0.856978,0.154136,45.150089
prototype,47.653133,-122.306114,2025-03-05 17:33:32,4.433764,0.164555,0.606831,44.657669
prototype,47.653133,-122.306114,2025-03-05 17:33:37,4.419752,0.888852,0.170966,44.657669
prototype,47.653133,-122.306114,2025-03-05 17:33:42,4.378097,0.833679,0.173663,44.657669
prototype,47.653133,-122.306114,2025-03-05 17:33:47,4.364337,0.779814,0.183785,44.657669
prototype,47.653133,-122.306114,2025-03-05 17:33:51,4.350640,0.739845,0.195111,45.150089
prototype,47.653133,-122.306114,2025-03-05 17:33:56,4.398853,0.728725,0.218023,44.657669
prototype,47.653133,-122.306114,2025-03-05 17:34:01,4.385000,0.741244,0.222358,44.657669
prototype,47.653133,-122.306114,2025-03-05 17:34:06,4.350640,0.682897,0.229183,45.150089
prototype,47.653133,-122.306114,2025-03-05 17:34:11,4.350640,0.648106,0.241509,44.657669
prototype,47.653133,-122.306114,2025-03-05 17:34:15,4.371209,0.052505,44.657669
prototype,47.653133,-122.306114,2025-03-05 17:34:20,4.476187,0.906786,0.179311,43.671879
prototype,47.653133,-122.306114,2025-03-05 17:34:25,4.405804,0.887235,0.182270,44.657669
prototype,47.653133,-122.306114,2025-03-05 17:34:30,4.378097,0.858549,0.186889,44.657669
prototype,47.653133,-122.306114,2025-03-05 17:34:35,4.364337,0.826026,0.205951,44.164936
prototype,47.653133,-122.306114,2025-03-05 17:34:39,4.364337,0.797453,0.211820,44.164936
prototype,47.653133,-122.306114,2025-03-05 17:34:44,4.357481,0.775452,0.220170,44.164936
prototype,47.653133,-122.306114,2025-03-05 17:34:54,4.357481,0.788595,0.236427,44.164936
prototype,47.653133,-122.306114,2025-03-05 17:34:59,4.364337,0.785659,0.229183,44.657669
prototype,47.653133,-122.306114,2025-03-05 17:35:08,4.337005,0.561849,0.412248,44.164936
prototype,47.653133,-122.306114,2025-03-05 17:35:18,4.330209,0.419435,0.819808,44.657669
prototype,47.653133,-122.306114,2025-03-05 17:35:23,4.323430,0.375982,1.407906,44.164936
prototype,47.653133,-122.306114,2025-03-05 17:35:27,4.323430,0.368352,1.496904,44.164936
prototype,47.653133,-122.306114,2025-03-05 17:35:32,4.330209,0.381128,0.915780,44.657669
prototype,47.653133,-122.306114,2025-03-05 17:35:37,4.330209,0.401302,0.849506,44.657669
prototype,47.653133,-122.306114,2025-03-05 17:35:42,4.343814,0.421279,0.915780,44.657669
prototype,47.653133,-122.306114,2025-03-05 17:35:47,4.343814,0.436235,0.915780,44.657669
prototype,47.653133,-122.306114,2025-03-05 17:35:51,4.343814,0.436235,0.993143,44.164936
prototype,47.653133,-122.306114,2025-03-05 17:35:56,4.337005,0.399520,1.328829,44.164936
prototype,47.653133,-122.306114,2025-03-05 17:36:01,4.330209,0.375982,2.001871,44.164936
prototype,47.653133,-122.306114,2025-03-05 17:36:06,4.323430,0.338879,44.657669
prototype,47.653133,-122.306114,2025-03-05 17:36:11,4.323430,0.291880,44.657669
prototype,47.653133,-122.306114,2025-03-05 17:36:15,4.330209,0.274903,44.657669
prototype,47.653133,-122.306114,2025-03-05 17:36:20,4.323430,0.254593,44.657669
prototype,47.653133,-122.306114,2025-03-05 17:36:25,4.323430,0.263947,44.164936
prototype,47.653133,-122.306114,2025-03-05 17:36:30,4.330209,0.280489,44.657669
prototype,47.653133,-122.306114,2025-03-05 17:36:35,4.330209,0.299150,44.657669
prototype,47.653133,-122.306114,2025-03-05 17:36:39,4.337005,0.318605,44.657669
prototype,47.653133,-122.306114,2025-03-05 17:36:44,4.337005,0.333338,44.657669
prototype,47.653133,-122.306114,2025-03-05 17:36:49,4.343814,0.346900,24.510275,45.150089
prototype,47.653133,-122.306114,2025-03-05 17:36:54,4.343814,0.372577,6.063917,44.657669
prototype,47.653133,-122.306114,2025-03-05 17:36:59,4.371209,0.423128,0.952909,44.657669
prototype,47.653133,-122.306114,2025-03-05 17:37:03,4.364337,0.434345,0.915780,45.150089
prototype,47.653133,-122.306114,2025-03-05 17:37:13,4.350640,0.441938,0.819808,45.150089
prototype,47.653133,-122.306114,2025-03-05 17:37:18,4.350640,0.441938,0.849506,45.150089
prototype,47.653133,-122.306114,2025-03-05 17:37:23,4.350640,0.448658,0.881411,45.150089
prototype,47.653133,-122.306114,2025-03-05 17:37:32,4.350640,0.469251,0.658259,46.625450
prototype,47.653133,-122.306114,2025-03-05 17:37:37,4.350640,0.484365,0.591409,46.133980
prototype,47.653133,-122.306114,2025-03-05 17:37:42,4.350640,0.488454,0.591409,46.133980
prototype,47.653133,-122.306114,2025-03-05 17:37:47,4.357481,0.500868,0.536752,46.133980
prototype,47.653133,-122.306114,2025-03-05 17:37:51,4.357481,0.518843,0.471215,46.625450
prototype,47.653133,-122.306114,2025-03-05 17:37:56,4.357481,0.518843,0.427559,46.625450
prototype,47.653133,-122.306114,2025-03-05 17:38:01,4.357481,0.510328,0.427559,46.625450
prototype,47.653133,-122.306114,2025-03-05 17:38:06,4.350640,0.506108,0.444030,46.133980
prototype,47.653133,-122.306114,2025-03-05 17:38:11,4.350640,0.504007,0.452742,45.642193
prototype,47.653133,-122.306114,2025-03-05 17:38:15,4.350640,0.505057,0.461797,46.133980
prototype,47.653133,-122.306114,2025-03-05 17:38:20,4.350640,0.514573,0.404990,46.133980
prototype,47.653133,-122.306114,2025-03-05 17:38:25,4.350640,0.531810,0.404990,46.625450
prototype,47.653133,-122.306114,2025-03-05 17:38:30,4.357481,0.539482,0.384649,46.625450
prototype,47.653133,-122.306114,2025-03-05 17:38:35,4.350640,0.532901,0.391202,46.133980
prototype,47.653133,-122.306114,2025-03-05 17:38:39,4.350640,0.530720,0.378307,46.625450
prototype,47.653133,-122.306114,2025-03-05 17:38:44,4.350640,0.527462,0.344188,46.625450
prototype,47.653133,-122.306114,2025-03-05 17:38:54,4.357481,0.549465,0.329298,46.625450
prototype,47.653133,-122.306114,2025-03-05 17:39:08,4.343814,0.523140,0.349448,46.625450
prototype,47.653133,-122.306114,2025-03-05 17:39:18,4.350640,0.506108,0.360457,46.133980
prototype,47.653133,-122.306114,2025-03-05 17:39:23,4.357481,0.506108,0.334119,46.133980
prototype,47.653133,-122.306114,2025-03-05 17:39:27,4.357481,0.514573,0.339080,46.625450
prototype,47.653133,-122.306114,2025-03-05 17:39:32,4.357481,0.531810,0.324611,46.625450
prototype,47.653133,-122.306114,2025-03-05 17:39:37,4.350640,0.523140,0.324611,46.625450
prototype,47.653133,-122.306114,2025-03-05 17:39:42,4.350640,0.497744,0.349448,46.625450
prototype,47.653133,-122.306114,2025-03-05 17:39:47,4.350640,0.486407,0.366221,46.133980
prototype,47.653133,-122.306114,2025-03-05 17:39:51,4.350640,0.493599,0.339080,46.133980
prototype,47.653133,-122.306114,2025-03-05 17:40:01,4.350640,0.492567,0.366221,46.625450
prototype,47.653133,-122.306114,2025-03-05 17:40:06,4.350640,0.476262,0.391202,46.625450
prototype,47.653133,-122.306114,2025-03-05 17:40:11,4.350640,0.464288,0.404990,46.133980
prototype,47.653133,-122.306114,2025-03-05 17:40:15,4.350640,0.463300,0.397979,46.133980
prototype,47.653133,-122.306114,2025-03-05 17:40:20,4.350640,0.465278,0.397979,46.625450
prototype,47.653133,-122.306114,2025-03-05 17:40:25,4.350640,0.461329,0.360457,46.625450
prototype,47.653133,-122.306114,2025-03-05 17:40:30,4.350640,0.473248,0.354869,46.625450
prototype,47.653133,-122.306114,2025-03-05 17:40:35,4.350640,0.485385,0.344188,46.625450
prototype,47.653133,-122.306114,2025-03-05 17:40:44,4.364337,0.530720,0.324611,46.133980
prototype,47.653133,-122.306114,2025-03-05 17:40:54,4.364337,0.535088,0.307102,46.133980
prototype,47.653133,-122.306114,2025-03-05 17:40:59,4.357481,0.531810,0.291350,46.625450
prototype,47.653133,-122.306114,2025-03-05 17:41:04,4.357481,0.531810,0.284052,46.625450
prototype,47.653133,-122.306114,2025-03-05 17:41:08,4.357481,0.522063,0.315619,46.133980
prototype,47.653133,-122.306114,2025-03-05 17:41:13,4.350640,0.523140,0.299023,46.625450
prototype,47.653133,-122.306114,2025-03-05 17:41:18,4.357481,0.539482,0.307102,46.133980
prototype,47.653133,-122.306114,2025-03-05 17:41:23,4.483315,0.097002,1.496904,46.133980
prototype,47.653133,-122.306114,2025-03-05 17:41:28,4.674557,0.785659,0.264156,47.116608
prototype,47.653133,-122.306114,2025-03-05 17:41:32,4.440794,0.763915,0.264156,47.116608
prototype,47.653133,-122.306114,2025-03-05 17:41:37,4.476187,0.055259,46.625450
prototype,47.653133,-122.306114,2025-03-05 17:41:42,4.511990,0.969281,0.213850,46.625450
prototype,47.653133,-122.306114,2025-03-05 17:41:47,4.412770,0.910078,0.218023,46.133980
prototype,47.653133,-122.306114,2025-03-05 17:41:52,4.584849,0.192114,0.792097,46.625450
prototype,47.653133,-122.306114,2025-03-05 17:41:56,4.454903,1.064942,0.198600,46.625450
prototype,47.653133,-122.306114,2025-03-05 17:42:01,4.276398,0.042440,45.642193
prototype,47.653133,-122.306114,2025-03-05 17:42:06,4.689756,0.501913,47.116608
prototype,47.653133,-122.306114,2025-03-05 17:42:16,4.419752,1.126424,0.200389,46.133980
prototype,47.653133,-122.306114,2025-03-05 17:42:25,4.419752,0.057230,46.625450
prototype,47.653133,-122.306114,2025-03-05 17:42:30,4.519200,1.375408,0.170966,46.133980
prototype,47.653133,-122.306114,2025-03-05 17:42:40,4.385000,1.154250,0.213850,46.133980
prototype,47.653133,-122.306114,2025-03-05 17:42:44,4.364337,1.055595,0.226863,46.133980
prototype,47.653133,-122.306114,2025-03-05 17:42:54,4.357481,0.972757,0.252338,46.133980
prototype,47.653133,-122.306114,2025-03-05 17:43:04,4.357481,0.941839,0.270478,46.133980
prototype,47.653133,-122.306114,2025-03-05 17:43:09,4.357481,0.920012,0.324611,46.625450
prototype,47.653133,-122.306114,2025-03-05 17:43:14,4.350640,0.890470,0.284052,46.133980
prototype,47.653133,-122.306114,2025-03-05 17:43:19,4.350640,0.861699,0.307102,46.625450
prototype,47.653133,-122.306114,2025-03-05 17:43:29,4.350640,0.827553,0.311304,44.164936
prototype,47.653133,-122.306114,2025-03-05 17:43:33,4.350640,0.803403,0.324611,46.625450
prototype,47.653133,-122.306114,2025-03-05 17:43:38,4.350640,0.785659,0.349448,46.625450
prototype,47.653133,-122.306114,2025-03-05 17:43:43,4.357481,0.791539,0.324611,45.150089
prototype,47.653133,-122.306114,2025-03-05 17:43:48,4.357481,0.797453,0.311304,44.164936
prototype,47.653133,-122.306114,2025-03-05 17:43:53,4.357481,0.812392,0.295138,44.164936
prototype,47.653133,-122.306114,2025-03-05 17:43:57,4.357481,0.821462,0.273752,44.657669
prototype,47.653133,-122.306114,2025-03-05 17:44:02,4.357481,0.842937,0.277103,44.657669
prototype,47.653133,-122.306114,2025-03-05 17:44:12,4.644372,1.103027,0.284052,45.642193
prototype,47.653133,-122.306114,2025-03-05 17:44:17,4.378097,0.457403,45.642193
prototype,47.653133,-122.306114,2025-03-05 17:44:26,4.483315,1.126424,0.264156,45.150089
prototype,47.653133,-122.306114,2025-03-05 17:44:36,4.385000,0.977991,0.303010,44.657669
prototype,47.653133,-122.306114,2025-03-05 17:44:41,4.364337,0.903503,0.315619,44.657669
prototype,47.653133,-122.306114,2025-03-05 17:44:45,4.364337,0.880795,0.339080,44.164936
prototype,47.653133,-122.306114,2025-03-05 17:44:50,4.364337,0.850714,0.360457,44.164936
prototype,47.653133,-122.306114,2025-03-05 17:44:55,4.357481,0.821462,0.366221,44.657669
prototype,47.653133,-122.306114,2025-03-05 17:45:05,4.350640,0.755351,0.471215,43.671879
prototype,47.653133,-122.306114,2025-03-05 17:45:09,4.350640,0.745455,0.435641,44.164936
prototype,47.653133,-122.306114,2025-03-05 17:45:14,4.350640,0.734268,0.481020,44.164936
prototype,47.653133,-122.306114,2025-03-05 17:45:24,4.357481,0.728725,0.481020,44.657669
prototype,47.653133,-122.306114,2025-03-05 17:45:29,4.350640,0.717734,0.435641,44.164936
prototype,47.653133,-122.306114,2025-03-05 17:45:33,4.357481,0.710931,0.491234,43.671879
prototype,47.653133,-122.306114,2025-03-05 17:45:38,4.350640,0.701490,0.501885,44.657669
prototype,47.653133,-122.306114,2025-03-05 17:45:43,4.357481,0.694805,0.513000,44.164936
prototype,47.653133,-122.306114,2025-03-05 17:45:48,4.357481,0.680272,0.491234,44.657669
prototype,47.653133,-122.306114,2025-03-05 17:45:53,4.357481,0.669850,0.536752,44.164936
prototype,47.653133,-122.306114,2025-03-05 17:45:57,4.357481,0.654445,0.513000,44.657669
prototype,47.653133,-122.306114,2025-03-05 17:46:07,4.357481,0.633083,0.640186,43.671879
prototype,47.653133,-122.306114,2025-03-05 17:46:12,4.357481,0.626902,0.658259,43.671879
prototype,47.653133,-122.306114,2025-03-05 17:46:17,4.357481,0.634325,0.623068,44.164936
prototype,47.653133,-122.306114,2025-03-05 17:46:21,4.350640,0.631844,0.658259,44.164936
prototype,47.653133,-122.306114,2025-03-05 17:46:26,4.357481,0.639311,0.536752,44.164936
prototype,47.653133,-122.306114,2025-03-05 17:46:31,4.357481,0.638061,0.606831,43.671879
prototype,47.653133,-122.306114,2025-03-05 17:46:36,4.357481,0.631844,0.658259,43.671879
prototype,47.653133,-122.306114,2025-03-05 17:46:41,4.357481,0.636814,0.576741,44.164936
prototype,47.653133,-122.306114,2025-03-05 17:46:46,4.364337,0.644326,0.513000,44.164936
prototype,47.653133,-122.306114,2025-03-05 17:46:50,4.364337,0.649370,0.491234,44.164936
prototype,47.653133,-122.306114,2025-03-05 17:46:55,4.364337,0.656993,0.513000,44.164936
prototype,47.653133,-122.306114,2025-03-05 17:47:00,4.357481,0.645584,0.524611,44.164936
prototype,47.653133,-122.306114,2025-03-05 17:47:05,4.357481,0.629369,0.491234,43.671879
prototype,47.653133,-122.306114,2025-03-05 17:47:10,4.357481,0.605025,0.524611,44.164936
prototype,47.653133,-122.306114,2025-03-05 17:47:19,4.364337,0.628135,0.513000,44.657669
prototype,47.653133,-122.306114,2025-03-05 17:47:24,4.357481,0.643069,0.471215,44.657669
prototype,47.653133,-122.306114,2025-03-05 17:47:29,4.357481,0.618325,0.513000,44.657669
prototype,47.653133,-122.306114,2025-03-05 17:47:34,4.350640,0.583724,0.576741,44.657669
prototype,47.653133,-122.306114,2025-03-05 17:47:38,4.357481,0.576749,0.524611,44.164936
prototype,47.653133,-122.306114,2025-03-05 17:47:43,4.364337,0.593121,0.536752,43.178509
prototype,47.653133,-122.306114,2025-03-05 17:47:48,4.357481,0.599051,0.513000,43.671879
prototype,47.653133,-122.306114,2025-03-05 17:47:53,4.357481,0.590761,0.471215,44.164936
prototype,47.653133,-122.306114,2025-03-05 17:47:58,4.357481,0.588409,0.471215,44.164936
prototype,47.653133,-122.306114,2025-03-05 17:48:02,4.364337,0.595488,0.461797,44.657669
prototype,47.653133,-122.306114,2025-03-05 17:48:07,4.357481,0.608631,0.452742,44.657669
prototype,47.653133,-122.306114,2025-03-05 17:48:12,4.364337,0.620767,0.461797,44.164936
prototype,47.653133,-122.306114,2025-03-05 17:48:17,4.357481,0.624443,0.404990,44.657669
prototype,47.653133,-122.306114,2025-03-05 17:48:22,4.357481,0.602630,0.461797,44.657669
prototype,47.653133,-122.306114,2025-03-05 17:48:26,4.357481,0.595488,0.419766,44.657669
prototype,47.653133,-122.306114,2025-03-05 17:48:31,4.364337,0.590761,0.419766,44.657669
prototype,47.653133,-122.306114,2025-03-05 17:48:36,4.357481,0.572134,0.435641,44.164936
prototype,47.653133,-122.306114,2025-03-05 17:48:41,4.357481,0.567546,0.427559,44.657669
prototype,47.653133,-122.306114,2025-03-05 17:48:46,4.350640,0.548349,0.461797,44.164936
prototype,47.653133,-122.306114,2025-03-05 17:48:50,4.357481,0.552822,0.444030,43.671879
prototype,47.653133,-122.306114,2025-03-05 17:48:55,4.357481,0.559582,0.404990,44.657669
prototype,47.653133,-122.306114,2025-03-05 17:49:00,4.357481,0.553945,0.397979,44.657669
prototype,47.653133,-122.306114,2025-03-05 17:49:05,4.350640,0.561849,0.419766,43.671879
prototype,47.653133,-122.306114,2025-03-05 17:49:10,4.364337,0.567546,0.427559,44.657669
prototype,47.653133,-122.306114,2025-03-05 17:49:14,4.357481,0.552822,0.435641,44.657669
prototype,47.653133,-122.306114,2025-03-05 17:49:19,4.357481,0.557322,0.435641,44.164936
prototype,47.653133,-122.306114,2025-03-05 17:49:24,4.364337,0.576749,0.412248,44.164936
prototype,47.653133,-122.306114,2025-03-05 17:49:29,4.364337,0.588409,0.419766,43.671879
prototype,47.653133,-122.306114,2025-03-05 17:49:34,4.357481,0.591940,0.404990,44.164936
prototype,47.653133,-122.306114,2025-03-05 17:49:38,4.364337,0.590761,0.366221,44.657669
prototype,47.653133,-122.306114,2025-03-05 17:49:43,4.364337,0.599051,0.391202,43.671879
prototype,47.653133,-122.306114,2025-03-05 17:49:48,4.364337,0.600242,0.391202,44.657669
prototype,47.653133,-122.306114,2025-03-05 17:49:53,4.357481,0.599051,0.378307,44.657669
prototype,47.653133,-122.306114,2025-03-05 17:49:58,4.357481,0.595488,0.344188,44.164936
prototype,47.653133,-122.306114,2025-03-05 17:50:02,4.364337,0.606225,0.339080,44.657669
prototype,47.653133,-122.306114,2025-03-05 17:50:07,4.364337,0.614676,0.324611,44.164936
prototype,47.653133,-122.306114,2025-03-05 17:50:12,4.364337,0.609836,0.324611,44.657669
prototype,47.653133,-122.306114,2025-03-05 17:50:17,4.364337,0.614676,0.324611,44.164936
prototype,47.653133,-122.306114,2025-03-05 17:50:22,4.371209,0.612253,0.344188,44.164936
prototype,47.653133,-122.306114,2025-03-05 17:50:26,4.364337,0.605025,0.324611,44.657669
prototype,47.653133,-122.306114,2025-03-05 17:50:31,4.357481,0.605025,0.334119,44.657669
prototype,47.653133,-122.306114,2025-03-05 17:50:36,4.357481,0.599051,0.354869,44.164936
prototype,47.653133,-122.306114,2025-03-05 17:50:41,4.357481,0.595488,0.334119,44.657669
prototype,47.653133,-122.306114,2025-03-05 17:50:46,4.357481,0.586063,0.344188,44.164936
prototype,47.653133,-122.306114,2025-03-05 17:50:50,4.350640,0.562985,0.339080,43.671879
prototype,47.653133,-122.306114,2025-03-05 17:50:55,4.364337,0.566403,0.378307,44.164936
prototype,47.653133,-122.306114,2025-03-05 17:51:00,4.357481,0.566403,0.366221,44.657669
prototype,47.653133,-122.306114,2025-03-05 17:51:05,4.357481,0.540585,0.344188,44.657669
prototype,47.653133,-122.306114,2025-03-05 17:51:10,4.350640,0.517773,0.397979,43.671879
prototype,47.653133,-122.306114,2025-03-05 17:51:14,4.350640,0.514573,0.366221,44.657669
prototype,47.653133,-122.306114,2025-03-05 17:51:19,4.350640,0.518843,0.384649,44.657669
prototype,47.653133,-122.306114,2025-03-05 17:51:24,4.350640,0.525298,0.384649,44.164936
prototype,47.653133,-122.306114,2025-03-05 17:51:29,4.364337,0.535088,0.378307,44.657669
prototype,47.653133,-122.306114,2025-03-05 17:51:34,4.357481,0.531810,0.366221,44.657669
prototype,47.653133,-122.306114,2025-03-05 17:51:43,4.357481,0.535088,0.391202,43.671879
prototype,47.653133,-122.306114,2025-03-05 17:51:48,4.357481,0.536184,0.354869,44.657669
prototype,47.653133,-122.306114,2025-03-05 17:51:58,4.357481,0.542795,0.360457,44.164936
prototype,47.653133,-122.306114,2025-03-05 17:52:02,4.357481,0.545011,0.339080,44.657669
prototype,47.653133,-122.306114,2025-03-05 17:52:07,4.357481,0.549465,0.344188,44.164936
prototype,47.653133,-122.306114,2025-03-05 17:52:12,4.357481,0.553945,0.339080,44.657669
prototype,47.653133,-122.306114,2025-03-05 17:52:17,4.357481,0.557322,0.349448,44.657669
prototype,47.653133,-122.306114,2025-03-05 17:52:22,4.357481,0.553945,0.349448,44.164936
prototype,47.653133,-122.306114,2025-03-05 17:52:26,4.357481,0.549465,0.354869,43.178509
prototype,47.653133,-122.306114,2025-03-05 17:52:31,4.357481,0.553945,0.349448,43.671879
prototype,47.653133,-122.306114,2025-03-05 17:52:36,4.364337,0.572134,0.334119,45.150089
prototype,47.653133,-122.306114,2025-03-05 17:52:46,4.364337,0.590761,0.307102,44.657669
prototype,47.653133,-122.306114,2025-03-05 17:52:55,4.364337,0.613464,0.299023,44.657669
prototype,47.653133,-122.306114,2025-03-05 17:53:00,4.364337,0.607427,0.307102,44.164936
prototype,47.653133,-122.306114,2025-03-05 17:53:05,4.364337,0.586063,0.307102,44.164936
prototype,47.653133,-122.306114,2025-03-05 17:53:10,4.357481,0.558451,0.307102,44.164936
prototype,47.653133,-122.306114,2025-03-05 17:53:14,4.357481,0.546122,0.324611,43.671879
prototype,47.653133,-122.306114,2025-03-05 17:53:19,4.357481,0.527462,0.349448,44.164936
prototype,47.653133,-122.306114,2025-03-05 17:53:24,4.357481,0.520988,0.360457,43.671879
prototype,47.653133,-122.306114,2025-03-05 17:53:29,4.364337,0.540585,0.315619,44.164936
prototype,47.653133,-122.306114,2025-03-05 17:53:34,4.357481,0.525298,0.344188,44.164936
prototype,47.653133,-122.306114,2025-03-05 17:53:38,4.364337,0.531810,0.334119,44.164936
prototype,47.653133,-122.306114,2025-03-05 17:53:43,4.357481,0.519915,0.360457,44.657669
prototype,47.653133,-122.306114,2025-03-05 17:53:53,4.364337,0.531810,0.324611,44.657669
prototype,47.653133,-122.306114,2025-03-05 17:53:59,4.357481,0.528547,0.354869,44.164936
prototype,47.653133,-122.306114,2025-03-05 17:54:03,4.357481,0.518843,0.344188,44.164936
prototype,47.653133,-122.306114,2025-03-05 17:54:08,4.350640,0.509270,0.378307,44.164936
prototype,47.653133,-122.306114,2025-03-05 17:54:13,4.357481,0.515638,0.378307,44.164936
prototype,47.653133,-122.306114,2025-03-05 17:54:18,4.357481,0.509270,0.384649,43.671879
prototype,47.653133,-122.306114,2025-03-05 17:54:23,4.364337,0.523140,0.349448,44.164936
prototype,47.653133,-122.306114,2025-03-05 17:54:27,4.371209,0.530720,0.366221,44.164936
prototype,47.653133,-122.306114,2025-03-05 17:54:37,4.357481,0.523140,0.344188,44.657669
prototype,47.653133,-122.306114,2025-03-05 17:54:42,4.357481,0.528547,0.366221,44.164936
prototype,47.653133,-122.306114,2025-03-05 17:54:47,4.364337,0.514573,0.354869,44.164936
prototype,47.653133,-122.306114,2025-03-05 17:54:52,4.364337,0.519915,0.349448,44.657669
prototype,47.653133,-122.306114,2025-03-05 17:54:56,4.364337,0.528547,0.344188,44.657669
prototype,47.653133,-122.306114,2025-03-05 17:55:01,4.364337,0.533994,0.397979,44.657669
prototype,47.653133,-122.306114,2025-03-05 17:55:06,4.357481,0.532901,0.339080,44.164936
prototype,47.653133,-122.306114,2025-03-05 17:55:11,4.357481,0.536184,0.334119,44.657669
prototype,47.653133,-122.306114,2025-03-05 17:55:16,4.364337,0.543902,0.354869,43.671879
prototype,47.653133,-122.306114,2025-03-05 17:55:20,4.371209,0.545011,0.324611,44.657669
prototype,47.653133,-122.306114,2025-03-05 17:55:25,4.357481,0.527462,0.339080,44.657669
prototype,47.653133,-122.306114,2025-03-05 17:55:30,4.364337,0.528547,0.354869,43.671879
prototype,47.653133,-122.306114,2025-03-05 17:55:40,4.357481,0.545011,0.315619,44.657669
prototype,47.653133,-122.306114,2025-03-05 17:55:44,4.357481,0.531810,0.324611,44.657669
prototype,47.653133,-122.306114,2025-03-05 17:55:49,4.357481,0.529633,0.344188,44.164936
prototype,47.653133,-122.306114,2025-03-05 17:55:54,4.357481,0.533994,0.344188,44.164936
prototype,47.653133,-122.306114,2025-03-05 17:55:59,4.357481,0.528547,0.354869,44.657669
prototype,47.653133,-122.306114,2025-03-05 17:56:04,4.350640,0.501913,0.344188,44.657669
prototype,47.653133,-122.306114,2025-03-05 17:56:08,4.357481,0.500868,0.366221,44.164936
prototype,47.653133,-122.306114,2025-03-05 17:56:13,4.350640,0.482330,0.366221,44.164936
prototype,47.653133,-122.306114,2025-03-05 17:56:18,4.350640,0.458382,0.435641,44.164936
prototype,47.653133,-122.306114,2025-03-05 17:56:23,4.343814,0.437182,0.461797,44.164936
prototype,47.653133,-122.306114,2025-03-05 17:56:28,4.343814,0.428711,0.435641,43.671879
prototype,47.653133,-122.306114,2025-03-05 17:56:32,4.350640,0.426845,0.419766,44.164936
prototype,47.653133,-122.306114,2025-03-05 17:56:37,4.343814,0.428711,0.461797,43.671879
prototype,47.653133,-122.306114,2025-03-05 17:56:47,4.350640,0.404885,0.481020,44.164936
prototype,47.653133,-122.306114,2025-03-05 17:56:52,4.350640,0.404885,0.491234,44.164936
prototype,47.653133,-122.306114,2025-03-05 17:57:06,4.350640,0.401302,0.491234,44.164936
prototype,47.653133,-122.306114,2025-03-05 17:57:11,4.357481,0.405784,0.549460,44.164936
prototype,47.653133,-122.306114,2025-03-05 17:57:16,4.350640,0.414850,0.536752,43.671879
prototype,47.653133,-122.306114,2025-03-05 17:57:20,4.357481,0.424055,0.524611,43.671879
prototype,47.653133,-122.306114,2025-03-05 17:57:25,4.350640,0.413937,0.513000,43.671879
prototype,47.653133,-122.306114,2025-03-05 17:57:30,4.350640,0.425913,0.513000,44.164936
prototype,47.653133,-122.306114,2025-03-05 17:57:35,4.350640,0.427777,0.491234,44.164936
prototype,47.653133,-122.306114,2025-03-05 17:57:40,4.350640,0.403987,0.576741,44.164936
prototype,47.653133,-122.306114,2025-03-05 17:57:44,4.343814,0.391564,0.591409,44.164936
prototype,47.653133,-122.306114,2025-03-05 17:57:49,4.350640,0.390687,0.536752,44.657669
prototype,47.653133,-122.306114,2025-03-05 17:57:54,4.350640,0.393323,0.591409,44.164936
prototype,47.653133,-122.306114,2025-03-05 17:57:59,4.350640,0.383719,0.562774,44.657669
prototype,47.653133,-122.306114,2025-03-05 17:58:04,4.343814,0.363324,0.677368,44.164936
prototype,47.653133,-122.306114,2025-03-05 17:58:08,4.337005,0.364158,0.741888,44.164936
prototype,47.653133,-122.306114,2025-03-05 17:58:13,4.343814,0.359998,0.640186,44.164936
prototype,47.653133,-122.306114,2025-03-05 17:58:18,4.343814,0.352590,0.819808,44.164936
prototype,47.653133,-122.306114,2025-03-05 17:58:28,4.343814,0.340473,0.792097,44.164936
prototype,47.653133,-122.306114,2025-03-05 17:58:37,4.343814,0.346900,0.792097,44.657669
prototype,47.653133,-122.306114,2025-03-05 17:58:42,4.350640,0.362490,0.849506,44.164936
prototype,47.653133,-122.306114,2025-03-05 17:58:47,4.350640,0.376836,0.658259,44.657669
prototype,47.653133,-122.306114,2025-03-05 17:58:52,4.350640,0.389812,0.697605,44.164936
prototype,47.653133,-122.306114,2025-03-05 17:58:56,4.350640,0.398630,0.576741,44.657669
prototype,47.653133,-122.306114,2025-03-05 17:59:01,4.343814,0.394204,0.591409,44.164936
prototype,47.653133,-122.306114,2025-03-05 17:59:06,4.350640,0.383719,0.719073,44.657669
prototype,47.653133,-122.306114,2025-03-05 17:59:11,4.350640,0.380267,0.591409,44.657669
prototype,47.653133,-122.306114,2025-03-05 17:59:16,4.343814,0.379407,0.741888,43.671879
prototype,47.653133,-122.306114,2025-03-05 17:59:20,4.350640,0.381990,0.697605,44.164936
prototype,47.653133,-122.306114,2025-03-05 17:59:25,4.350640,0.399520,0.640186,44.657669
prototype,47.653133,-122.306114,2025-03-05 17:59:30,4.350640,0.408489,0.562774,44.657669
prototype,47.653133,-122.306114,2025-03-05 17:59:35,4.357481,0.421279,0.562774,44.164936
prototype,47.653133,-122.306114,2025-03-05 17:59:40,4.357481,0.434345,0.549460,44.657669
prototype,47.653133,-122.306114,2025-03-05 17:59:49,4.350640,0.429647,0.524611,44.164936
prototype,47.653133,-122.306114,2025-03-05 17:59:54,4.350640,0.429647,0.549460,43.671879
prototype,47.653133,-122.306114,2025-03-05 17:59:59,4.350640,0.412115,0.536752,44.657669
prototype,47.653133,-122.306114,2025-03-05 18:00:04,4.350640,0.401302,0.562774,44.657669
prototype,47.653133,-122.306114,2025-03-05 18:00:13,4.343814,0.416679,0.562774,46.133980
prototype,47.653133,-122.306114,2025-03-05 18:00:18,33.275330,281.467529,0.067793,46.133980
prototype,47.653133,-122.306114,2025-03-05 18:24:05,4.380404,0.680701,0.148463,45.478161,0.000000
prototype,47.653133,-122.306114,2025-03-05 18:24:10,4.422406,0.701368,0.148292,47.763699,0.000000
prototype,47.653133,-122.306114,2025-03-05 18:24:15,4.424709,0.721184,0.147342,45.806122,0.000000
prototype,47.653133,-122.306114,2025-03-05 18:24:20,4.422406,0.737403,0.147722,45.478161,0.000000
prototype,47.653133,-122.306114,2025-03-05 18:24:24,4.413055,0.711059,0.152911,45.478161,0.000000
prototype,47.653133,-122.306114,2025-03-05 18:24:29,4.420103,0.705359,0.154499,45.314121,0.000000
prototype,47.653133,-122.306114,2025-03-05 18:24:34,4.413055,0.702245,0.159361,45.150089,0.000000
prototype,47.653133,-122.306114,2025-03-05 18:24:39,4.417725,0.703120,0.156524,45.478161,0.000000
prototype,47.653133,-122.306114,2025-03-05 18:24:44,4.429262,0.720307,0.157170,45.478161,0.000000
prototype,47.653133,-122.306114,2025-03-05 18:24:48,4.441120,0.750145,0.150943,45.313915,0.000000
prototype,47.653133,-122.306114,2025-03-05 18:24:53,4.431789,0.745174,0.151525,45.478161,0.000000
prototype,47.653133,-122.306114,2025-03-05 18:24:58,4.422406,0.721721,0.155537,45.642193,0.000000
prototype,47.653133,-122.306114,2025-03-05 18:25:03,4.420103,0.709328,0.157820,45.478161,0.000000
prototype,47.653133,-122.306114,2025-03-05 18:25:08,4.422406,0.693181,0.161405,45.642193,0.000000
prototype,47.653133,-122.306114,2025-03-05 18:25:12,4.420028,0.687569,0.163847,45.314121,0.000000
prototype,47.653133,-122.306114,2025-03-05 18:25:17,4.438725,0.665517,0.169414,45.478161,0.000000
prototype,47.653133,-122.306114,2025-03-05 18:25:22,4.438725,0.671884,0.167562,45.642193,0.000000
prototype,47.653133,-122.306114,2025-03-05 18:25:27,4.438725,0.667216,0.172842,45.314121,0.000000
prototype,47.653133,-122.306114,2025-03-05 18:25:32,4.438725,0.665134,0.176654,45.150089,0.000000
prototype,47.653133,-122.306114,2025-03-05 18:25:36,4.399341,0.052252,45.314121,0.000000
prototype,47.653133,-122.306114,2025-03-05 18:25:41,4.576559,0.349798,45.970051,0.000000
prototype,47.653133,-122.306114,2025-03-05 18:25:46,4.551364,0.926698,0.163849,45.150089,0.000000
prototype,47.653133,-122.306114,2025-03-05 18:25:51,4.481252,0.888730,0.168057,45.478161,0.000000
prototype,47.653133,-122.306114,2025-03-05 18:25:56,4.452887,0.859482,0.172646,45.478161,0.000000
prototype,47.653133,-122.306114,2025-03-05 18:26:00,4.436411,0.830250,0.177192,45.314121,0.000000
prototype,47.653133,-122.306114,2025-03-05 18:26:05,4.427092,0.799722,0.181955,45.314121,0.000000
prototype,47.653133,-122.306114,2025-03-05 18:26:10,4.424709,0.793889,0.182235,45.642193,0.000000
prototype,47.653133,-122.306114,2025-03-05 18:26:15,4.420028,0.789561,0.187623,45.149982,0.000000
prototype,47.653133,-122.306114,2025-03-05 18:26:24,4.422406,0.792419,0.192337,44.985947,0.000000
prototype,47.653133,-122.306114,2025-03-05 18:26:29,4.420103,0.758313,0.200039,45.314014,0.000000
prototype,47.653133,-122.306114,2025-03-05 18:26:39,4.427018,0.727892,0.201867,45.150089,0.000000
prototype,47.653133,-122.306114,2025-03-05 18:26:44,4.431709,0.740085,0.199871,45.149982,0.000000
prototype,47.653133,-122.306114,2025-03-05 18:26:48,4.427017,0.721237,0.203191,45.314022,0.000000
prototype,47.653133,-122.306114,2025-03-05 18:26:53,4.429326,0.730576,0.205238,45.314121,0.000000
prototype,47.653133,-122.306114,2025-03-05 18:26:58,4.429401,0.741016,0.204617,45.150089,0.000000
prototype,47.653133,-122.306114,2025-03-05 18:27:03,4.431715,0.745580,0.202937,45.642193,0.000000
prototype,47.653133,-122.306114,2025-03-05 18:27:08,4.431650,0.747849,0.205296,45.150089,0.000000
prototype,47.653133,-122.306114,2025-03-05 18:27:13,4.424709,0.752450,0.206994,45.150089,0.000000
prototype,47.653133,-122.306114,2025-03-05 18:27:18,4.424709,0.751985,0.210879,45.478161,0.000000
prototype,47.653133,-122.306114,2025-03-05 18:27:23,4.424709,0.747857,0.210558,45.478161,0.000000
prototype,47.653133,-122.306114,2025-03-05 18:27:28,4.427017,0.746043,0.212344,45.149982,0.000000
prototype,47.653133,-122.306114,2025-03-05 18:28:19,4.382713,0.678046,0.150714,45.478161,4.998779
prototype,47.653133,-122.306114,2025-03-05 18:28:24,4.422406,0.693335,0.150076,45.805069,4.998779
prototype,47.653133,-122.306114,2025-03-05 18:28:28,4.417725,0.690277,0.151009,44.985950,4.998779
prototype,47.653133,-122.306114,2025-03-05 18:28:33,4.417725,0.669623,0.157230,45.149982,4.997152
prototype,47.653133,-122.306114,2025-03-05 18:28:38,4.422337,0.684303,0.152241,45.478161,4.998779
prototype,47.653133,-122.306114,2025-03-05 18:28:43,4.422331,0.683106,0.155175,45.314121,4.998779
prototype,47.653133,-122.306114,2025-03-05 18:28:48,4.417656,0.662621,0.157792,44.985844,4.998779
prototype,47.653133,-122.306114,2025-03-05 18:28:52,4.415353,0.637228,0.162310,45.149982,4.992269
prototype,47.653133,-122.306114,2025-03-05 18:28:57,4.413055,0.624113,0.161947,46.296127,4.998779
prototype,47.653133,-122.306114,2025-03-05 18:29:02,4.419964,0.631240,0.159843,45.149982,4.998779
prototype,47.653133,-122.306114,2025-03-05 18:29:07,4.415353,0.650425,0.160539,44.985950,4.998779
prototype,47.653133,-122.306114,2025-03-05 18:29:12,4.404051,0.468770,0.368997,44.985737,4.993083
prototype,47.653133,-122.306114,2025-03-05 18:29:16,4.476735,0.054314,44.657669,4.989014
prototype,47.653133,-122.306114,2025-03-05 18:29:21,4.556371,0.846035,0.155175,45.149776,4.998779
prototype,47.653133,-122.306114,2025-03-05 18:29:26,4.474222,0.886407,0.148861,44.821808,4.998779
prototype,47.653133,-122.306114,2025-03-05 18:29:31,4.436411,0.869019,0.156484,44.657562,4.997152
prototype,47.653133,-122.306114,2025-03-05 18:29:36,4.429401,0.858790,0.155176,44.985947,4.982910
prototype,47.653133,-122.306114,2025-03-05 18:29:40,4.420103,0.841328,0.157792,44.657562,3.315837
prototype,47.653133,-122.306114,2025-03-05 18:29:45,4.408395,0.843409,0.158875,44.657562,0.011393
prototype,47.653133,-122.306114,2025-03-05 18:29:50,4.401517,0.846064,0.158137,44.985950,0.008138
prototype,47.653133,-122.306114,2025-03-05 18:29:55,4.396800,0.842916,0.162143,44.657669,0.009766
prototype,47.653133,-122.306114,2025-03-05 18:30:00,4.399087,0.805457,0.164495,44.821808,4.989014
prototype,47.653133,-122.306114,2025-03-05 18:30:04,4.396868,0.757707,0.170211,44.657352,4.998779
prototype,47.653133,-122.306114,2025-03-05 18:30:09,4.392161,0.720033,0.177891,44.657562,4.998779
prototype,47.653133,-122.306114,2025-03-05 18:30:14,4.401443,0.723313,0.176726,44.493214,4.998779
prototype,47.653133,-122.306114,2025-03-05 18:30:24,4.403736,0.730282,0.179608,44.821808,4.998779
prototype,47.653133,-122.306114,2025-03-05 18:30:28,4.401517,0.724759,0.178425,44.493423,4.998779
prototype,47.653133,-122.306114,2025-03-05 18:30:33,4.403736,0.709326,0.182217,44.985950,4.998779
prototype,47.653133,-122.306114,2025-03-05 18:30:38,4.401443,0.711697,0.179619,44.821808,4.998779
prototype,47.653133,-122.306114,2025-03-05 18:30:43,4.408390,0.702893,0.179583,45.641876,4.998779
prototype,47.653133,-122.306114,2025-03-05 18:30:48,4.401443,0.700171,0.178737,44.657562,4.998779
prototype,47.653133,-122.306114,2025-03-05 18:30:52,4.406097,0.709297,0.177447,44.493210,4.998779
prototype,47.653133,-122.306114,2025-03-05 18:30:57,4.410688,0.728869,0.178585,44.821808,4.998779
prototype,47.653133,-122.306114,2025-03-05 18:31:02,4.406097,0.726037,0.174529,44.493320,4.998779
prototype,47.653133,-122.306114,2025-03-05 18:53:29,4.384402,0.366604,45.382473,4.998779
prototype,47.653133,-122.306114,2025-03-05 19:12:41,4.378573,0.185859,45.343586,4.998779
prototype,47.653133,-122.306114,2025-03-05 19:51:06,4.374501,0.126141,45.230774,4.998779
prototype,47.653133,-122.306114,2025-03-05 20:10:18,4.374814,0.124086,45.104996,4.998779
prototype,47.653133,-122.306114,2025-03-05 20:29:30,4.371816,0.111826,45.141212,4.998779
prototype,47.653133,-122.306114,2025-03-05 21:27:06,4.373420,0.110367,45.059162,4.998779
prototype,47.653133,-122.306114,2025-03-05 21:46:19,4.370674,0.104357,45.046879,4.998779
prototype,47.653133,-122.306114,2025-03-05 22:05:30,4.364928,0.093542,45.096756,4.998779
prototype,47.653133,-122.306114,2025-03-05 22:24:42,4.359879,0.087638,45.181572,4.998779
prototype,47.653133,-122.306114,2025-03-05 22:43:54,4.356731,0.083379,45.226688,4.998779
prototype,47.653133,-122.306114,2025-03-05 23:03:06,4.357282,0.083297,45.130283,4.998779
prototype,47.653133,-122.306114,2025-03-05 23:22:18,4.355584,0.081613,45.097477,4.998779
prototype,47.653133,-122.306114,2025-03-05 23:41:31,4.355381,0.080939,45.091274,4.998779
prototype,47.653133,-122.306114,2025-03-06 00:00:43,4.354355,0.079507,45.072842,4.998779
prototype,47.653133,-122.306114,2025-03-06 00:19:55,4.353309,0.078386,45.089272,4.998779
prototype,47.653133,-122.306114,2025-03-06 00:39:07,4.351453,0.077087,45.154217,4.998779
prototype,47.653133,-122.306114,2025-03-06 01:17:31,4.348195,0.074660,45.297832,4.998779
prototype,47.653133,-122.306114,2025-03-06 01:36:43,4.349429,0.074950,45.333363,4.998779
prototype,47.653133,-122.306114,2025-03-06 01:55:55,4.347455,0.074180,45.426315,4.998779
prototype,47.653133,-122.306114,2025-03-06 02:34:19,4.348979,0.074249,45.532921,4.998779
prototype,47.653133,-122.306114,2025-03-06 02:53:31,4.347257,0.073546,45.828087,4.998779
prototype,47.653133,-122.306114,2025-03-06 03:12:44,4.345716,0.072878,45.893669,4.998779
prototype,47.653133,-122.306114,2025-03-06 03:51:08,4.346815,0.072846,45.972786,4.998779
prototype,47.653133,-122.306114,2025-03-06 04:10:20,4.347340,0.073160,46.073124,4.998779
prototype,47.653133,-122.306114,2025-03-06 04:29:32,4.346559,0.072892,46.099098,4.998779
prototype,47.653133,-122.306114,2025-03-06 04:48:43,4.347275,0.072962,46.107265,4.998779
prototype,47.653133,-122.306114,2025-03-06 05:07:56,4.347456,0.072826,46.193947,4.998779
prototype,47.653133,-122.306114,2025-03-06 06:24:44,4.345932,0.071976,46.419846,4.998779
prototype,47.653133,-122.306114,2025-03-06 06:43:57,4.345040,0.071058,46.455322,4.998779
prototype,47.653133,-122.306114,2025-03-06 07:03:09,4.346305,0.071723,46.514030,4.998779
prototype,47.653133,-122.306114,2025-03-06 07:41:33,4.346324,0.071434,46.578835,4.998779
prototype,47.653133,-122.306114,2025-03-06 08:19:56,4.348513,0.071954,46.672970,4.998779
prototype,47.653133,-122.306114,2025-03-06 08:39:09,4.348013,0.071732,46.628639,4.998779
prototype,47.653133,-122.306114,2025-03-06 09:17:33,4.348601,0.071609,46.786880,4.998779
prototype,47.653133,-122.306114,2025-03-06 09:36:45,4.348549,0.071518,46.823112,4.998779
prototype,47.653133,-122.306114,2025-03-06 09:55:57,4.349624,0.072394,46.850365,4.998779
prototype,47.653133,-122.306114,2025-03-06 10:15:09,4.349246,0.071842,46.862679,4.998779
prototype,47.653133,-122.306114,2025-03-06 10:34:22,4.350020,0.072015,46.912460,4.998779
prototype,47.653133,-122.306114,2025-03-06 10:53:34,4.350983,0.072409,47.057735,4.998779
prototype,47.653133,-122.306114,2025-03-06 11:12:45,4.348283,0.070558,47.155968,4.998779
prototype,47.653133,-122.306114,2025-03-06 11:31:57,4.349408,0.071389,47.338799,4.998779
prototype,47.653133,-122.306114,2025-03-06 12:10:22,4.348046,0.070443,47.431484,4.998779
prototype,47.653133,-122.306114,2025-03-06 12:29:34,4.347431,0.070003,47.485336,4.998779
prototype,47.653133,-122.306114,2025-03-06 12:48:46,4.345064,0.068960,47.544598,4.998779
prototype,47.653133,-122.306114,2025-03-06 13:07:58,4.343699,0.068407,47.592976,4.998779
prototype,47.653133,-122.306114,2025-03-06 13:27:10,4.343623,0.068453,47.597054,4.998779
prototype,47.653133,-122.306114,2025-03-06 13:46:22,4.350084,0.070741,47.659729,4.998779
prototype,47.653133,-122.306114,2025-03-06 14:05:35,4.367034,0.082592,47.151073,4.998779
prototype,47.653133,-122.306114,2025-03-06 14:24:46,4.363731,0.080703,46.882969,4.998779
prototype,47.653133,-122.306114,2025-03-06 14:43:58,4.357507,0.077678,46.893250,4.998779
prototype,47.653133,-122.306114,2025-03-06 15:03:10,4.349338,0.073390,47.035954,4.998779
prototype,47.653133,-122.306114,2025-03-06 15:22:22,4.346962,0.071769,47.153305,4.998779
prototype,47.653133,-122.306114,2025-03-06 15:41:35,4.345717,0.070181,47.164837,4.998779
prototype,47.653133,-122.306114,2025-03-06 16:00:47,4.345567,0.069790,47.193504,4.998779
prototype,47.653133,-122.306114,2025-03-06 16:19:59,4.344860,0.069349,47.138298,4.998779
prototype,47.653133,-122.306114,2025-03-06 16:39:11,4.345689,0.069790,47.229671,4.998779
prototype,47.653133,-122.306114,2025-03-06 16:58:23,4.345564,0.069371,47.307411,4.998779
prototype,47.653133,-122.306114,2025-03-06 17:17:36,4.348269,0.070584,47.367382,4.998779
prototype,47.653133,-122.306114,2025-03-06 17:36:47,4.345594,0.068826,47.338058,4.998779
prototype,47.653133,-122.306114,2025-03-06 17:55:59,4.345199,0.068520,47.377560,4.998779
prototype,47.653133,-122.306114,2025-03-06 18:15:11,4.344370,0.068135,47.480465,4.998779
prototype,47.653133,-122.306114,2025-03-06 18:53:35,4.344633,0.068189,47.527546,4.998779
prototype,47.653133,-122.306114,2025-03-06 19:32:00,4.348203,0.068999,47.652264,4.998779
prototype,47.653133,-122.306114,2025-03-06 19:51:12,4.352209,0.070491,47.724483,4.998779
prototype,47.653133,-122.306114,2025-03-06 20:10:24,4.380533,0.080895,48.404594,4.998779
prototype,47.653133,-122.306114,2025-03-06 20:48:48,4.363057,0.080254,48.229149,4.998779
,2025-03-06 20:56:13
,2025-03-06 20:56:14
,2025-03-06 20:56:15
,2025-03-06 20:56:16
,2025-03-06 20:56:17
,2025-03-06 20:56:18
,2025-03-06 20:56:19
,2025-03-06 20:56:20
,2025-03-06 20:56:21
,2025-03-06 20:56:22
,2025-03-06 20:56:23
,2025-03-06 20:56:24
,2025-03-06 20:56:26
,2025-03-06 20:56:27
,2025-03-06 20:56:28
,2025-03-06 20:56:29
,2025-03-06 20:56:30
,2025-03-06 20:56:31
,2025-03-06 20:56:32
,2025-03-06 20:56:33
,2025-03-06 20:56:34
,2025-03-06 20:56:35
,2025-03-06 20:56:36
,2025-03-06 20:56:37
,2025-03-06 20:56:38
,2025-03-06 20:56:39
,2025-03-06 20:56:40
,2025-03-06 20:56:41
,2025-03-06 20:56:42
,2025-03-06 20:56:43
,2025-03-06 20:56:44
,2025-03-06 20:56:45
,2025-03-06 20:56:46
,2025-03-06 20:56:47
,2025-03-06 20:56:48
,2025-03-06 20:56:49
,2025-03-06 20:56:50
,2025-03-06 20:56:51
,2025-03-06 20:56:52
,2025-03-06 20:56:53
,2025-03-06 20:56:56
,2025-03-06 20:56:57
,2025-03-06 20:56:58
,2025-03-06 20:56:59
,2025-03-06 20:57:00
,2025-03-06 20:57:01
,2025-03-06 20:57:02
,2025-03-06 20:57:03
,2025-03-06 20:57:04
,2025-03-06 20:57:05
,2025-03-06 20:57:06
,2025-03-06 20:57:08
,2025-03-06 20:57:09
,2025-03-06 20:57:10
,2025-03-06 20:57:11
,2025-03-06 20:57:12
,2025-03-06 20:57:13
,2025-03-06 20:57:14
,2025-03-06 20:57:16
,2025-03-06 20:57:17
,2025-03-06 20:57:18
,2025-03-06 20:57:19
,2025-03-06 20:57:20
,2025-03-06 20:57:21
,2025-03-06 20:57:22
,2025-03-06 20:57:23
,2025-03-06 20:57:24
,2025-03-06 20:57:25
,2025-03-06 20:57:26
,2025-03-06 20:57:27
,2025-03-06 20:57:28
,2025-03-06 20:57:29
,2025-03-06 20:57:31
,2025-03-06 20:57:32
,2025-03-06 20:57:33
,2025-03-06 20:57:34
,2025-03-06 20:57:35
,2025-03-06 20:57:36
,2025-03-06 20:57:37
,2025-03-06 20:57:38
,2025-03-06 20:57:39
,2025-03-06 20:57:40
,2025-03-06 20:57:41
,2025-03-06 20:57:42
,2025-03-06 20:57:43
,2025-03-06 20:57:44
,2025-03-06 20:57:45
,2025-03-06 20:57:46
,2025-03-06 20:57:47
,2025-03-06 20:57:48
,2025-03-06 20:57:49
,2025-03-06 20:57:50
,2025-03-06 20:57:51
,2025-03-06 20:57:52
,2025-03-06 20:57:53
,2025-03-06 20:57:54
,2025-03-06 20:57:55
,2025-03-06 20:57:56
,2025-03-06 20:57:57
,2025-03-06 20:57:58
,2025-03-06 20:57:59
,2025-03-06 20:58:00
,2025-03-06 20:58:01
,2025-03-06 20:58:02
,2025-03-06 20:58:03
,2025-03-06 20:58:04
,2025-03-06 20:58:05
,2025-03-06 20:58:06
,2025-03-06 20:58:07
,2025-03-06 20:58:08
,2025-03-06 20:58:09
,2025-03-06 20:58:10
,2025-03-06 20:58:11
,2025-03-06 20:58:12
,2025-03-06 20:58:17
,2025-03-06 20:58:18
,2025-03-06 20:58:19
,2025-03-06 20:58:20
,2025-03-06 20:58:21
,2025-03-06 20:58:22
,2025-03-06 20:58:23
,2025-03-06 20:58:24
,2025-03-06 20:58:25
,2025-03-06 20:58:26
,2025-03-06 20:58:27
,2025-03-06 20:58:28
,2025-03-06 20:58:29
,2025-03-06 20:58:30
,2025-03-06 20:58:31
,2025-03-06 20:58:32
,2025-03-06 20:58:33
,2025-03-06 20:58:34
,2025-03-06 20:58:35
,2025-03-06 20:58:36
,2025-03-06 20:58:37
,2025-03-06 20:58:38
,2025-03-06 20:58:39
,2025-03-06 20:58:40
CO Value: 0 || NH3 Value: 0 || NO2 Value: 0,2025-03-06 20:59:44
CO Value: 0 || NH3 Value: 0 || NO2 Value: 0,2025-03-06 20:59:45
CO Value: 0 || NH3 Value: 0 || NO2 Value: 0,2025-03-06 20:59:46
CO Value: 0 || NH3 Value: 0 || NO2 Value: 0,2025-03-06 20:59:47
CO Value: 0 || NH3 Value: 0 || NO2 Value: 0,2025-03-06 20:59:48
CO Value: 0 || NH3 Value: 0 || NO2 Value: 0,2025-03-06 20:59:49
CO Value: 0 || NH3 Value: 0 || NO2 Value: 0,2025-03-06 20:59:50
CO Value: 0 || NH3 Value: 0 || NO2 Value: 0,2025-03-06 20:59:51
CO Value: 0 || NH3 Value: 0 || NO2 Value: 0,2025-03-06 20:59:52
CO Value: 0 || NH3 Value: 0 || NO2 Value: 0,2025-03-06 20:59:55
CO Value: 0 || NH3 Value: 0 || NO2 Value: 0,2025-03-06 20:59:56
CO Value: 0 || NH3 Value: 0 || NO2 Value: 0,2025-03-06 20:59:57
CO Value: 0 || NH3 Value: 0 || NO2 Value: 0,2025-03-06 20:59:58
CO Value: 0 || NH3 Value: 0 || NO2 Value: 0,2025-03-06 20:59:59
CO Value: 0 || NH3 Value: 0 || NO2 Value: 0,2025-03-06 21:00:01
CO Value: 0 || NH3 Value: 0 || NO2 Value: 0,2025-03-06 21:00:02
CO Value: 0 || NH3 Value: 0 || NO2 Value: 0,2025-03-06 21:00:03
CO Value: 0 || NH3 Value: 0 || NO2 Value: 0,2025-03-06 21:00:04
CO Value: 0 || NH3 Value: 0 || NO2 Value: 0,2025-03-06 21:00:05
CO Value: 0 || NH3 Value: 0 || NO2 Value: 0,2025-03-06 21:00:06
CO Value: 0 || NH3 Value: 0 || NO2 Value: 0,2025-03-06 21:00:07
CO Value: 0 || NH3 Value: 0 || NO2 Value: 0,2025-03-06 21:00:08
CO Value: 0 || NH3 Value: 0 || NO2 Value: 0,2025-03-06 21:00:09
CO Value: 0 || NH3 Value: 0 || NO2 Value: 0,2025-03-06 21:00:10
CO Value: 0 || NH3 Value: 0 || NO2 Value: 0,2025-03-06 21:00:11
CO Value: 0 || NH3 Value: 0 || NO2 Value: 0,2025-03-06 21:00:12
CO Value: 0 || NH3 Value: 0 || NO2 Value: 0,2025-03-06 21:00:13
CO Value: 0 || NH3 Value: 0 || NO2 Value: 0,2025-03-06 21:00:14
CO Value: 0 || NH3 Value: 0 || NO2 Value: 0,2025-03-06 21:00:15
CO Value: 0 || NH3 Value: 0 || NO2 Value: 0,2025-03-06 21:00:16
CO Value: 0 || NH3 Value: 0 || NO2 Value: 0,2025-03-06 21:00:17
CO Value: 0 || NH3 Value: 0 || NO2 Value: 0,2025-03-06 21:00:18
CO Value: 0 || NH3 Value: 0 || NO2 Value: 0,2025-03-06 21:00:19
CO Value: 1 || NH3 Value: 0 || NO2 Value: 0,2025-03-06 21:00:20
CO Value: 1 || NH3 Value: 0 || NO2 Value: 0,2025-03-06 21:00:21
CO Value: 8 || NH3 Value: 0 || NO2 Value: 0,2025-03-06 21:00:22
CO Value: 8 || NH3 Value: 0 || NO2 Value: 0,2025-03-06 21:00:23
CO Value: 13 || NH3 Value: 0 || NO2 Value: 0,2025-03-06 21:00:24
CO Value: 15 || NH3 Value: 0 || NO2 Value: 0,2025-03-06 21:00:25
CO Value: 10 || NH3 Value: 0 || NO2 Value: 0,2025-03-06 21:00:26
CO Value: 2 || NH3 Value: 0 || NO2 Value: 0,2025-03-06 21:00:27
CO Value: 0 || NH3 Value: 0 || NO2 Value: 0,2025-03-06 21:00:28
CO Value: 0 || NH3 Value: 0 || NO2 Value: 0,2025-03-06 21:00:30
CO Value: 0 || NH3 Value: 0 || NO2 Value: 0,2025-03-06 21:00:31
CO Value: 0 || NH3 Value: 0 || NO2 Value: 0,2025-03-06 21:00:32
CO Value: 0 || NH3 Value: 0 || NO2 Value: 0,2025-03-06 21:00:33
CO Value: 0 || NH3 Value: 2 || NO2 Value: 0,2025-03-06 21:00:34
CO Value: 0 || NH3 Value: 2 || NO2 Value: 0,2025-03-06 21:00:35
CO Value: 0 || NH3 Value: 4 || NO2 Value: 0,2025-03-06 21:00:36
CO Value: 0 || NH3 Value: 10 || NO2 Value: 0,2025-03-06 21:00:37
CO Value: 0 || NH3 Value: 7 || NO2 Value: 0,2025-03-06 21:00:38
CO Value: 0 || NH3 Value: 3 || NO2 Value: 0,2025-03-06 21:00:40
CO Value: 0 || NH3 Value: 0 || NO2 Value: 0,2025-03-06 21:00:41
CO Value: 0 || NH3 Value: 0 || NO2 Value: 0,2025-03-06 21:00:43
CO Value: 0 || NH3 Value: 0 || NO2 Value: 0,2025-03-06 21:00:44
CO Value: 0 || NH3 Value: 0 || NO2 Value: 0,2025-03-06 21:00:45
CO Value: 0 || NH3 Value: 0 || NO2 Value: 0,2025-03-06 21:00:46
CO Value: 0 || NH3 Value: 0 || NO2 Value: 0,2025-03-06 21:00:47
CO Value: 0 || NH3 Value: 0 || NO2 Value: 0,2025-03-06 21:00:48
CO Value: 0 || NH3 Value: 0 || NO2 Value: 0,2025-03-06 21:00:49
CO Value: 0 || NH3 Value: 0 || NO2 Value: 0,2025-03-06 21:00:50
CO Value: 0 || NH3 Value: 0 || NO2 Value: 0,2025-03-06 21:00:51
CO Value: 0 || NH3 Value: 0 || NO2 Value: 0,2025-03-06 21:00:52
CO Value: 0 || NH3 Value: 0 || NO2 Value: 0,2025-03-06 21:00:53
CO Value: 0 || NH3 Value: 0 || NO2 Value: 0,2025-03-06 21:00:54
CO Value: 0 || NH3 Value: 0 || NO2 Value: 0,2025-03-06 21:00:56
CO Value: 0 || NH3 Value: 0 || NO2 Value: 0,2025-03-06 21:00:57
CO Value: 0 || NH3 Value: 0 || NO2 Value: 0,2025-03-06 21:00:59
CO Value: 0 || NH3 Value: 0 || NO2 Value: 0,2025-03-06 21:01:00
CO Value: 0 || NH3 Value: 0 || NO2 Value: 0,2025-03-06 21:01:01
CO Value: 0 || NH3 Value: 0 || NO2 Value: 0,2025-03-06 21:01:02
CO Value: 0 || NH3 Value: 0 || NO2 Value: 0,2025-03-06 21:01:03
CO Value: 0 || NH3 Value: 0 || NO2 Value: 0,2025-03-06 21:01:04
CO Value: 0 || NH3 Value: 0 || NO2 Value: 0,2025-03-06 21:01:05
CO Value: 0 || NH3 Value: 0 || NO2 Value: 0,2025-03-06 21:01:06
CO Value: 0 || NH3 Value: 0 || NO2 Value: 0,2025-03-06 21:01:07
CO Value: 0 || NH3 Value: 0 || NO2 Value: 0,2025-03-06 21:01:08
CO Value: 0 || NH3 Value: 0 || NO2 Value: 0,2025-03-06 21:01:09
CO Value: 0 || NH3 Value: 0 || NO2 Value: 0,2025-03-06 21:01:10
CO Value: 0 || NH3 Value: 0 || NO2 Value: 0,2025-03-06 21:01:11
CO Value: 0 || NH3 Value: 0 || NO2 Value: 0,2025-03-06 21:01:12
CO Value: 0 || NH3 Value: 0 || NO2 Value: 0,2025-03-06 21:01:13
CO Value: 0 || NH3 Value: 0 || NO2 Value: 0,2025-03-06 21:01:14
CO Value: 0 || NH3 Value: 0 || NO2 Value: 0,2025-03-06 21:01:15
CO Value: 0 || NH3 Value: 0 || NO2 Value: 0,2025-03-06 21:01:16
CO Value: 0 || NH3 Value: 0 || NO2 Value: 0,2025-03-06 21:01:17
CO Value: 0 || NH3 Value: 0 || NO2 Value: 0,2025-03-06 21:01:18
CO Value: 0 || NH3 Value: 0 || NO2 Value: 0,2025-03-06 21:01:19
CO Value: 0 || NH3 Value: 0 || NO2 Value: 0,2025-03-06 21:01:20
CO Value: 0 || NH3 Value: 0 || NO2 Value: 0,2025-03-06 21:01:21
CO Value: 0 || NH3 Value: 0 || NO2 Value: 0,2025-03-06 21:01:22
CO Value: 0 || NH3 Value: 0 || NO2 Value: 0,2025-03-06 21:01:23
CO Value: 0 || NH3 Value: 0 || NO2 Value: 0,2025-03-06 21:01:24
CO Value: 0 || NH3 Value: 0 || NO2 Value: 0,2025-03-06 21:01:25
CO Value: 0 || NH3 Value: 0 || NO2 Value: 0,2025-03-06 21:01:26
CO Value: 0 || NH3 Value: 0 || NO2 Value: 0,2025-03-06 21:01:27
CO Value: 0 || NH3 Value: 0 || NO2 Value: 0,2025-03-06 21:01:28
CO Value: 0 || NH3 Value: 0 || NO2 Value: 0,2025-03-06 21:01:29
CO Value: 0 || NH3 Value: 0 || NO2 Value: 0,2025-03-06 21:01:30
CO Value: 0 || NH3 Value: 0 || NO2 Value: 0,2025-03-06 21:01:31
CO Value: 0 || NH3 Value: 0 || NO2 Value: 0,2025-03-06 21:01:32
CO Value: 0 || NH3 Value: 0 || NO2 Value: 0,2025-03-06 21:01:33
CO Value: 0 || NH3 Value: 0 || NO2 Value: 0,2025-03-06 21:01:34
CO Value: 0 || NH3 Value: 0 || NO2 Value: 0,2025-03-06 21:01:35
CO Value: 0 || NH3 Value: 0 || NO2 Value: 0,2025-03-06 21:01:36
CO Value: 0 || NH3 Value: 0 || NO2 Value: 0,2025-03-06 21:01:37
CO Value: 0 || NH3 Value: 0 || NO2 Value: 0,2025-03-06 21:01:38
CO Value: 0 || NH3 Value: 0 || NO2 Value: 0,2025-03-06 21:01:39
CO Value: 0 || NH3 Value: 0 || NO2 Value: 0,2025-03-06 21:01:40
CO Value: 0 || NH3 Value: 0 || NO2 Value: 0,2025-03-06 21:01:41
CO Value: 0 || NH3 Value: 0 || NO2 Value: 0,2025-03-06 21:01:43
CO Value: 0 || NH3 Value: 0 || NO2 Value: 0,2025-03-06 21:01:44
CO Value: 0 || NH3 Value: 0 || NO2 Value: 0,2025-03-06 21:01:45
CO Value: 0 || NH3 Value: 0 || NO2 Value: 0,2025-03-06 21:01:46
CO Value: 0 || NH3 Value: 0 || NO2 Value: 0,2025-03-06 21:01:47
CO Value: 0 || NH3 Value: 0 || NO2 Value: 0,2025-03-06 21:01:48
CO Value: 0 || NH3 Value: 0 || NO2 Value: 0,2025-03-06 21:01:49
CO Value: 0 || NH3 Value: 0 || NO2 Value: 0,2025-03-06 21:01:50
CO Value: 0 || NH3 Value: 0 || NO2 Value: 0,2025-03-06 21:01:51
CO Value: 0 || NH3 Value: 0 || NO2 Value: 0,2025-03-06 21:01:52
CO Value: 0 || NH3 Value: 0 || NO2 Value: 0,2025-03-06 21:01:53
CO Value: 0 || NH3 Value: 0 || NO2 Value: 0,2025-03-06 21:01:54
CO Value: 0 || NH3 Value: 0 || NO2 Value: 0,2025-03-06 21:01:55
CO Value: 0 || NH3 Value: 0 || NO2 Value: 0,2025-03-06 21:01:56
CO Value: 0 || NH3 Value: 0 || NO2 Value: 0,2025-03-06 21:01:57
CO Value: 0 || NH3 Value: 0 || NO2 Value: 0,2025-03-06 21:01:58
CO Value: 0 || NH3 Value: 0 || NO2 Value: 0,2025-03-06 21:01:59
CO Value: 0 || NH3 Value: 0 || NO2 Value: 0,2025-03-06 21:02:00
CO Value: 0 || NH3 Value: 0 || NO2 Value: 0,2025-03-06 21:02:01
CO Value: 0 || NH3 Value: 0 || NO2 Value: 0,2025-03-06 21:02:03
CO Value: 0 || NH3 Value: 0 || NO2 Value: 0,2025-03-06 21:02:04
CO Value: 0 || NH3 Value: 0 || NO2 Value: 0,2025-03-06 21:02:05
CO Value: 0 || NH3 Value: 0 || NO2 Value: 0,2025-03-06 21:02:06
CO Value: 0 || NH3 Value: 0 || NO2 Value: 0,2025-03-06 21:02:07
CO Value: 0 || NH3 Value: 0 || NO2 Value: 0,2025-03-06 21:02:08
CO Value: 0 || NH3 Value: 0 || NO2 Value: 0,2025-03-06 21:02:09
CO Value: 0 || NH3 Value: 0 || NO2 Value: 0,2025-03-06 21:02:10
CO Value: 0 || NH3 Value: 0 || NO2 Value: 0,2025-03-06 21:02:11
CO Value: 0 || NH3 Value: 0 || NO2 Value: 0,2025-03-06 21:02:12
CO Value: 0 || NH3 Value: 0 || NO2 Value: 0,2025-03-06 21:02:13
CO Value: 0 || NH3 Value: 0 || NO2 Value: 0,2025-03-06 21:02:14
CO Value: 0 || NH3 Value: 0 || NO2 Value: 0,2025-03-06 21:02:15
CO Value: 0 || NH3 Value: 0 || NO2 Value: 0,2025-03-06 21:02:16
CO Value: 0 || NH3 Value: 0 || NO2 Value: 0,2025-03-06 21:02:17
CO Value: 0 || NH3 Value: 0 || NO2 Value: 0,2025-03-06 21:02:18
CO Value: 0 || NH3 Value: 0 || NO2 Value: 0,2025-03-06 21:02:19
CO Value: 0 || NH3 Value: 0 || NO2 Value: 0,2025-03-06 21:02:20
CO Value: 0 || NH3 Value: 0 || NO2 Value: 0,2025-03-06 21:02:22
CO Value: 0 || NH3 Value: 0 || NO2 Value: 0,2025-03-06 21:02:23
CO Value: 0 || NH3 Value: 0 || NO2 Value: 0,2025-03-06 21:02:24
CO Value: 0 || NH3 Value: 0 || NO2 Value: 0,2025-03-06 21:02:25
CO Value: 0 || NH3 Value: 0 || NO2 Value: 0,2025-03-06 21:02:26
CO Value: 0 || NH3 Value: 0 || NO2 Value: 0,2025-03-06 21:02:27
CO Value: 0 || NH3 Value: 0 || NO2 Value: 0,2025-03-06 21:02:28
CO Value: 0 || NH3 Value: 0 || NO2 Value: 0,2025-03-06 21:02:30
CO Value: 0 || NH3 Value: 0 || NO2 Value: 0,2025-03-06 21:02:31
CO Value: 0 || NH3 Value: 0 || NO2 Value: 0,2025-03-06 21:02:32
CO Value: 0 || NH3 Value: 0 || NO2 Value: 0,2025-03-06 21:02:34
CO Value: 0 || NH3 Value: 0 || NO2 Value: 0,2025-03-06 21:02:35
CO Value: 0 || NH3 Value: 0 || NO2 Value: 0,2025-03-06 21:02:36
CO Value: 0 || NH3 Value: 0 || NO2 Value: 0,2025-03-06 21:02:37
CO Value: 0 || NH3 Value: 0 || NO2 Value: 0,2025-03-06 21:02:38
CO Value: 0 || NH3 Value: 0 || NO2 Value: 0,2025-03-06 21:02:39
CO Value: 0 || NH3 Value: 0 || NO2 Value: 0,2025-03-06 21:02:40
CO Value: 0 || NH3 Value: 0 || NO2 Value: 0,2025-03-06 21:02:41
CO Value: 0 || NH3 Value: 0 || NO2 Value: 0,2025-03-06 21:02:42
CO Value: 0 || NH3 Value: 0 || NO2 Value: 0,2025-03-06 21:02:43
CO Value: 0 || NH3 Value: 0 || NO2 Value: 0,2025-03-06 21:02:44
CO Value: 0 || NH3 Value: 0 || NO2 Value: 0,2025-03-06 21:02:45
CO Value: 0 || NH3 Value: 0 || NO2 Value: 0,2025-03-06 21:02:46
CO Value: 0 || NH3 Value: 0 || NO2 Value: 0,2025-03-06 21:02:47
CO Value: 0 || NH3 Value: 0 || NO2 Value: 0,2025-03-06 21:02:48
CO Value: 0 || NH3 Value: 0 || NO2 Value: 2,2025-03-06 21:02:49
CO Value: 0 || NH3 Value: 0 || NO2 Value: 2,2025-03-06 21:02:50
CO Value: 0 || NH3 Value: 0 || NO2 Value: 2,2025-03-06 21:02:51
CO Value: 0 || NH3 Value: 0 || NO2 Value: 2,2025-03-06 21:02:52
CO Value: 0 || NH3 Value: 0 || NO2 Value: 2,2025-03-06 21:02:54
CO Value: 0 || NH3 Value: 0 || NO2 Value: 2,2025-03-06 21:02:55
CO Value: 0 || NH3 Value: 0 || NO2 Value: 2,2025-03-06 21:02:56
CO Value: 0 || NH3 Value: 0 || NO2 Value: 3,2025-03-06 21:02:57
CO Value: 0 || NH3 Value: 0 || NO2 Value: 3,2025-03-06 21:02:58
CO Value: 0 || NH3 Value: 0 || NO2 Value: 3,2025-03-06 21:02:59
CO Value: 0 || NH3 Value: 0 || NO2 Value: 3,2025-03-06 21:03:01
CO Value: 0 || NH3 Value: 0 || NO2 Value: 3,2025-03-06 21:03:02
CO Value: 0 || NH3 Value: 0 || NO2 Value: 3,2025-03-06 21:03:03
CO Value: 0 || NH3 Value: 0 || NO2 Value: 1,2025-03-06 21:03:04
CO Value: 0 || NH3 Value: 0 || NO2 Value: 0,2025-03-06 21:03:05
CO Value: 0 || NH3 Value: 0 || NO2 Value: 0,2025-03-06 21:03:07
CO Value: 0 || NH3 Value: 0 || NO2 Value: 0,2025-03-06 21:03:08
CO Value: 0 || NH3 Value: 0 || NO2 Value: 0,2025-03-06 21:03:09
CO Value: 0 || NH3 Value: 0 || NO2 Value: 0,2025-03-06 21:03:10
CO Value: 0 || NH3 Value: 0 || NO2 Value: 0,2025-03-06 21:03:11
CO Value: 0 || NH3 Value: 0 || NO2 Value: 0,2025-03-06 21:03:12
CO Value: 0 || NH3 Value: 0 || NO2 Value: 0,2025-03-06 21:03:13
CO Value: 0 || NH3 Value: 0 || NO2 Value: 0,2025-03-06 21:03:14
CO Value: 0 || NH3 Value: 0 || NO2 Value: 0,2025-03-06 21:03:15
CO Value: 0 || NH3 Value: 0 || NO2 Value: 0,2025-03-06 21:03:16
CO Value: 0 || NH3 Value: 0 || NO2 Value: 0,2025-03-06 21:03:17
CO Value: 0 || NH3 Value: 0 || NO2 Value: 0,2025-03-06 21:03:18
CO Value: 0 || NH3 Value: 0 || NO2 Value: 0,2025-03-06 21:03:19
CO Value: 0 || NH3 Value: 0 || NO2 Value: 0,2025-03-06 21:03:20
CO Value: 0 || NH3 Value: 0 || NO2 Value: 0,2025-03-06 21:03:21
CO Value: 0 || NH3 Value: 0 || NO2 Value: 0,2025-03-06 21:03:22
CO Value: 0 || NH3 Value: 0 || NO2 Value: 0,2025-03-06 21:03:25
CO Value: 0 || NH3 Value: 0 || NO2 Value: 0,2025-03-06 21:03:26
CO Value: 0 || NH3 Value: 0 || NO2 Value: 0,2025-03-06 21:03:27
CO Value: 0 || NH3 Value: 0 || NO2 Value: 0,2025-03-06 21:03:28
CO Value: 0 || NH3 Value: 0 || NO2 Value: 0,2025-03-06 21:03:29
CO Value: 0 || NH3 Value: 0 || NO2 Value: 0,2025-03-06 21:03:30
CO Value: 0 || NH3 Value: 0 || NO2 Value: 0,2025-03-06 21:03:31
CO Value: 0 || NH3 Value: 0 || NO2 Value: 0,2025-03-06 21:03:32
CO Value: 0 || NH3 Value: 0 || NO2 Value: 0,2025-03-06 21:03:33
CO Value: 0 || NH3 Value: 0 || NO2 Value: 0,2025-03-06 21:03:34
CO Value: 0 || NH3 Value: 0 || NO2 Value: 0,2025-03-06 21:03:35
CO Value: 0 || NH3 Value: 0 || NO2 Value: 0,2025-03-06 21:03:36
CO Value: 0 || NH3 Value: 0 || NO2 Value: 0,2025-03-06 21:03:37
CO Value: 0 || NH3 Value: 0 || NO2 Value: 0,2025-03-06 21:03:38
CO Value: 0 || NH3 Value: 0 || NO2 Value: 0,2025-03-06 21:03:39
CO Value: 0 || NH3 Value: 0 || NO2 Value: 0,2025-03-06 21:03:40
CO Value: 0 || NH3 Value: 0 || NO2 Value: 0,2025-03-06 21:03:41
CO Value: 0 || NH3 Value: 0 || NO2 Value: 0,2025-03-06 21:03:42
CO Value: 0 || NH3 Value: 0 || NO2 Value: 0,2025-03-06 21:03:43
CO Value: 0 || NH3 Value: 0 || NO2 Value: 0,2025-03-06 21:03:44
CO Value: 0 || NH3 Value: 0 || NO2 Value: 0,2025-03-06 21:03:45
CO Value: 0 || NH3 Value: 0 || NO2 Value: 0,2025-03-06 21:03:46
CO Value: 0 || NH3 Value: 0 || NO2 Value: 0,2025-03-06 21:03:48
CO Value: 0 || NH3 Value: 0 || NO2 Value: 0,2025-03-06 21:03:50
CO Value: 0 || NH3 Value: 0 || NO2 Value: 0,2025-03-06 21:03:53
CO Value: 0 || NH3 Value: 0 || NO2 Value: 0,2025-03-06 21:03:54
CO Value: 0 || NH3 Value: 0 || NO2 Value: 0,2025-03-06 21:03:55
CO Value: 0 || NH3 Value: 0 || NO2 Value: 0,2025-03-06 21:03:56
CO Value: 0 || NH3 Value: 0 || NO2 Value: 0,2025-03-06 21:03:57
CO Value: 0 || NH3 Value: 0 || NO2 Value: 0,2025-03-06 21:03:58
CO Value: 0 || NH3 Value: 0 || NO2 Value: 0,2025-03-06 21:03:59
CO Value: 0 || NH3 Value: 0 || NO2 Value: 0,2025-03-06 21:04:01
CO Value: 0 || NH3 Value: 0 || NO2 Value: 0,2025-03-06 21:04:02
CO Value: 0 || NH3 Value: 0 || NO2 Value: 0,2025-03-06 21:04:03
CO Value: 0 || NH3 Value: 0 || NO2 Value: 0,2025-03-06 21:04:04
CO Value: 0 || NH3 Value: 0 || NO2 Value: 0,2025-03-06 21:04:06
CO Value: 0 || NH3 Value: 0 || NO2 Value: 0,2025-03-06 21:04:07
CO Value: 0 || NH3 Value: 0 || NO2 Value: 0,2025-03-06 21:04:09
CO Value: 0 || NH3 Value: 0 || NO2 Value: 0,2025-03-06 21:04:10
CO Value: 0 || NH3 Value: 0 || NO2 Value: 0,2025-03-06 21:04:11
CO Value: 0 || NH3 Value: 0 || NO2 Value: 0,2025-03-06 21:04:12
CO Value: 0 || NH3 Value: 0 || NO2 Value: 0,2025-03-06 21:04:13
CO Value: 0 || NH3 Value: 0 || NO2 Value: 0,2025-03-06 21:04:14
CO Value: 0 || NH3 Value: 0 || NO2 Value: 0,2025-03-06 21:04:15
CO Value: 0 || NH3 Value: 0 || NO2 Value: 0,2025-03-06 21:04:16
CO Value: 0 || NH3 Value: 0 || NO2 Value: 0,2025-03-06 21:04:17
CO Value: 0 || NH3 Value: 0 || NO2 Value: 0,2025-03-06 21:04:18
CO Value: 0 || NH3 Value: 0 || NO2 Value: 0,2025-03-06 21:04:19
CO Value: 0 || NH3 Value: 0 || NO2 Value: 0,2025-03-06 21:04:20
CO Value: 0 || NH3 Value: 0 || NO2 Value: 0,2025-03-06 21:04:21
CO Value: 0 || NH3 Value: 0 || NO2 Value: 0,2025-03-06 21:04:22
CO Value: 0 || NH3 Value: 0 || NO2 Value: 0,2025-03-06 21:04:23
CO Value: 0 || NH3 Value: 0 || NO2 Value: 0,2025-03-06 21:04:24
CO Value: 0 || NH3 Value: 0 || NO2 Value: 0,2025-03-06 21:04:25
CO Value: 0 || NH3 Value: 0 || NO2 Value: 0,2025-03-06 21:04:26
CO Value: 0 || NH3 Value: 0 || NO2 Value: 0,2025-03-06 21:04:27
CO Value: 0 || NH3 Value: 0 || NO2 Value: 0,2025-03-06 21:04:28
CO Value: 0 || NH3 Value: 0 || NO2 Value: 0,2025-03-06 21:04:29
CO Value: 0 || NH3 Value: 0 || NO2 Value: 0,2025-03-06 21:04:30
CO Value: 0 || NH3 Value: 0 || NO2 Value: 0,2025-03-06 21:04:31
CO Value: 0 || NH3 Value: 0 || NO2 Value: 0,2025-03-06 21:04:32
CO Value: 0 || NH3 Value: 0 || NO2 Value: 0,2025-03-06 21:04:33
CO Value: 0 || NH3 Value: 0 || NO2 Value: 0,2025-03-06 21:04:34
CO Value: 0 || NH3 Value: 0 || NO2 Value: 0,2025-03-06 21:04:35
CO Value: 0 || NH3 Value: 0 || NO2 Value: 0,2025-03-06 21:04:36
CO Value: 0 || NH3 Value: 0 || NO2 Value: 0,2025-03-06 21:04:38
CO Value: 0 || NH3 Value: 0 || NO2 Value: 0,2025-03-06 21:04:39
CO Value: 0 || NH3 Value: 0 || NO2 Value: 0,2025-03-06 21:04:40
CO Value: 0 || NH3 Value: 0 || NO2 Value: 0,2025-03-06 21:04:41
CO Value: 0 || NH3 Value: 0 || NO2 Value: 0,2025-03-06 21:04:42
CO Value: 0 || NH3 Value: 0 || NO2 Value: 0,2025-03-06 21:04:43
CO Value: 0 || NH3 Value: 0 || NO2 Value: 0,2025-03-06 21:04:44
CO Value: 0 || NH3 Value: 0 || NO2 Value: 0,2025-03-06 21:04:46
CO Value: 0 || NH3 Value: 0 || NO2 Value: 0,2025-03-06 21:04:47
CO Value: 0 || NH3 Value: 0 || NO2 Value: 0,2025-03-06 21:04:48
CO Value: 0 || NH3 Value: 0 || NO2 Value: 0,2025-03-06 21:04:49
CO Value: 0 || NH3 Value: 0 || NO2 Value: 0,2025-03-06 21:04:50
CO Value: 0 || NH3 Value: 0 || NO2 Value: 0,2025-03-06 21:04:52
CO Value: 0 || NH3 Value: 0 || NO2 Value: 0,2025-03-06 21:04:53
CO Value: 0 || NH3 Value: 0 || NO2 Value: 0,2025-03-06 21:04:54
CO Value: 0 || NH3 Value: 0 || NO2 Value: 0,2025-03-06 21:04:55
CO Value: 0 || NH3 Value: 0 || NO2 Value: 0,2025-03-06 21:04:57
CO Value: 0 || NH3 Value: 0 || NO2 Value: 0,2025-03-06 21:05:00
CO Value: 0 || NH3 Value: 0 || NO2 Value: 0,2025-03-06 21:05:02
CO Value: 0 || NH3 Value: 0 || NO2 Value: 0,2025-03-06 21:05:05
CO Value: 0 || NH3 Value: 0 || NO2 Value: 0,2025-03-06 21:05:06
CO Value: 0 || NH3 Value: 0 || NO2 Value: 0,2025-03-06 21:05:07
CO Value: 0 || NH3 Value: 0 || NO2 Value: 0,2025-03-06 21:05:08
CO Value: 0 || NH3 Value: 0 || NO2 Value: 0,2025-03-06 21:05:09
CO Value: 0 || NH3 Value: 0 || NO2 Value: 0,2025-03-06 21:05:10
CO Value: 0 || NH3 Value: 0 || NO2 Value: 0,2025-03-06 21:05:11
CO Value: 0 || NH3 Value: 0 || NO2 Value: 0,2025-03-06 21:05:12
CO Value: 0 || NH3 Value: 0 || NO2 Value: 0,2025-03-06 21:05:13
CO Value: 0 || NH3 Value: 0 || NO2 Value: 0,2025-03-06 21:05:14
CO Value: 0 || NH3 Value: 0 || NO2 Value: 0,2025-03-06 21:05:15
CO Value: 0 || NH3 Value: 0 || NO2 Value: 0,2025-03-06 21:05:16
CO Value: 0 || NH3 Value: 0 || NO2 Value: 0,2025-03-06 21:05:17
CO Value: 0 || NH3 Value: 0 || NO2 Value: 0,2025-03-06 21:05:18
CO Value: 0 || NH3 Value: 0 || NO2 Value: 0,2025-03-06 21:05:19
CO Value: 0 || NH3 Value: 0 || NO2 Value: 0,2025-03-06 21:05:22
CO Value: 0 || NH3 Value: 0 || NO2 Value: 0,2025-03-06 21:05:24
CO Value: 0 || NH3 Value: 0 || NO2 Value: 0,2025-03-06 21:05:25
CO Value: 0 || NH3 Value: 0 || NO2 Value: 0,2025-03-06 21:05:26
CO Value: 0 || NH3 Value: 0 || NO2 Value: 0,2025-03-06 21:05:27
CO Value: 0 || NH3 Value: 0 || NO2 Value: 0,2025-03-06 21:05:28
CO Value: 0 || NH3 Value: 0 || NO2 Value: 0,2025-03-06 21:05:29
CO Value: 0 || NH3 Value: 0 || NO2 Value: 0,2025-03-06 21:05:30
CO Value: 0 || NH3 Value: 0 || NO2 Value: 0,2025-03-06 21:05:31
CO Value: 0 || NH3 Value: 0 || NO2 Value: 0,2025-03-06 21:05:32
CO Value: 0 || NH3 Value: 0 || NO2 Value: 0,2025-03-06 21:05:33
CO Value: 0 || NH3 Value: 0 || NO2 Value: 0,2025-03-06 21:05:34
CO Value: 0 || NH3 Value: 0 || NO2 Value: 0,2025-03-06 21:05:35
CO Value: 0 || NH3 Value: 0 || NO2 Value: 0,2025-03-06 21:05:36
CO Value: 0 || NH3 Value: 0 || NO2 Value: 0,2025-03-06 21:05:37
CO Value: 0 || NH3 Value: 0 || NO2 Value: 0,2025-03-06 21:05:38
CO Value: 0 || NH3 Value: 0 || NO2 Value: 0,2025-03-06 21:05:40
CO Value: 0 || NH3 Value: 0 || NO2 Value: 0,2025-03-06 21:05:41
CO Value: 0 || NH3 Value: 0 || NO2 Value: 0,2025-03-06 21:05:42
CO Value: 0 || NH3 Value: 0 || NO2 Value: 0,2025-03-06 21:05:43
CO Value: 0 || NH3 Value: 0 || NO2 Value: 0,2025-03-06 21:05:44
CO Value: 0 || NH3 Value: 0 || NO2 Value: 0,2025-03-06 21:05:47
CO Value: 0 || NH3 Value: 0 || NO2 Value: 0,2025-03-06 21:05:48
CO Value: 0 || NH3 Value: 0 || NO2 Value: 0,2025-03-06 21:05:49
CO Value: 0 || NH3 Value: 0 || NO2 Value: 0,2025-03-06 21:05:51
CO Value: 0 || NH3 Value: 0 || NO2 Value: 0,2025-03-06 21:05:52
CO Value: 0 || NH3 Value: 0 || NO2 Value: 0,2025-03-06 21:05:53
CO Value: 0 || NH3 Value: 0 || NO2 Value: 0,2025-03-06 21:05:54
CO Value: 0 || NH3 Value: 0 || NO2 Value: 0,2025-03-06 21:05:55
CO Value: 0 || NH3 Value: 0 || NO2 Value: 0,2025-03-06 21:05:56
CO Value: 0 || NH3 Value: 0 || NO2 Value: 0,2025-03-06 21:05:58
CO Value: 0 || NH3 Value: 0 || NO2 Value: 0,2025-03-06 21:06:00
CO Value: 0 || NH3 Value: 0 || NO2 Value: 0,2025-03-06 21:06:01
CO Value: 0 || NH3 Value: 0 || NO2 Value: 0,2025-03-06 21:06:02
CO Value: 0 || NH3 Value: 0 || NO2 Value: 0,2025-03-06 21:06:03
CO Value: 0 || NH3 Value: 0 || NO2 Value: 0,2025-03-06 21:06:04
CO Value: 0 || NH3 Value: 0 || NO2 Value: 0,2025-03-06 21:06:05
CO Value: 0 || NH3 Value: 0 || NO2 Value: 0,2025-03-06 21:06:08
CO Value: 0 || NH3 Value: 0 || NO2 Value: 0,2025-03-06 21:06:09
CO Value: 0 || NH3 Value: 0 || NO2 Value: 0,2025-03-06 21:06:10
CO Value: 0 || NH3 Value: 0 || NO2 Value: 0,2025-03-06 21:06:11
CO Value: 0 || NH3 Value: 0 || NO2 Value: 0,2025-03-06 21:06:12
CO Value: 0 || NH3 Value: 0 || NO2 Value: 0,2025-03-06 21:06:13
CO Value: 0 || NH3 Value: 0 || NO2 Value: 0,2025-03-06 21:06:14
CO Value: 0 || NH3 Value: 0 || NO2 Value: 0,2025-03-06 21:06:16
CO Value: 0 || NH3 Value: 0 || NO2 Value: 0,2025-03-06 21:06:17
CO Value: 0 || NH3 Value: 0 || NO2 Value: 0,2025-03-06 21:06:18
CO Value: 0 || NH3 Value: 0 || NO2 Value: 0,2025-03-06 21:06:19
CO Value: 0 || NH3 Value: 0 || NO2 Value: 0,2025-03-06 21:06:20
CO Value: 0 || NH3 Value: 0 || NO2 Value: 0,2025-03-06 21:06:22
CO Value: 0 || NH3 Value: 0 || NO2 Value: 0,2025-03-06 21:06:23
CO Value: 0 || NH3 Value: 0 || NO2 Value: 0,2025-03-06 21:06:25
CO Value: 0 || NH3 Value: 0 || NO2 Value: 0,2025-03-06 21:06:26
CO Value: 0 || NH3 Value: 0 || NO2 Value: 0,2025-03-06 21:06:27
CO Value: 0 || NH3 Value: 0 || NO2 Value: 0,2025-03-06 21:06:28
CO Value: 0 || NH3 Value: 0 || NO2 Value: 0,2025-03-06 21:06:29
CO Value: 0 || NH3 Value: 0 || NO2 Value: 0,2025-03-06 21:06:30
CO Value: 0 || NH3 Value: 0 || NO2 Value: 0,2025-03-06 21:06:33
CO Value: 0 || NH3 Value: 0 || NO2 Value: 0,2025-03-06 21:06:34
CO Value: 0 || NH3 Value: 0 || NO2 Value: 0,2025-03-06 21:06:35
CO Value: 0 || NH3 Value: 0 || NO2 Value: 0,2025-03-06 21:06:36
CO Value: 0 || NH3 Value: 0 || NO2 Value: 0,2025-03-06 21:06:37
CO Value: 0 || NH3 Value: 0 || NO2 Value: 0,2025-03-06 21:06:38
CO Value: 0 || NH3 Value: 0 || NO2 Value: 0,2025-03-06 21:06:39
CO Value: 0 || NH3 Value: 0 || NO2 Value: 0,2025-03-06 21:06:43
CO Value: 0 || NH3 Value: 0 || NO2 Value: 0,2025-03-06 21:06:44
CO Value: 0 || NH3 Value: 0 || NO2 Value: 0,2025-03-06 21:06:45
CO Value: 0 || NH3 Value: 0 || NO2 Value: 0,2025-03-06 21:06:46
CO Value: 0 || NH3 Value: 0 || NO2 Value: 0,2025-03-06 21:06:47
CO Value: 0 || NH3 Value: 0 || NO2 Value: 0,2025-03-06 21:06:48
CO Value: 0 || NH3 Value: 0 || NO2 Value: 0,2025-03-06 21:06:49
CO Value: 0 || NH3 Value: 0 || NO2 Value: 0,2025-03-06 21:06:50
CO Value: 0 || NH3 Value: 0 || NO2 Value: 0,2025-03-06 21:06:51
CO Value: 0 || NH3 Value: 0 || NO2 Value: 0,2025-03-06 21:06:52
CO Value: 0 || NH3 Value: 0 || NO2 Value: 0,2025-03-06 21:06:53
CO Value: 0 || NH3 Value: 0 || NO2 Value: 0,2025-03-06 21:06:54
CO Value: 0 || NH3 Value: 0 || NO2 Value: 0,2025-03-06 21:06:55
CO Value: 0 || NH3 Value: 0 || NO2 Value: 0,2025-03-06 21:06:56
CO Value: 0 || NH3 Value: 0 || NO2 Value: 0,2025-03-06 21:06:57
CO Value: 0 || NH3 Value: 0 || NO2 Value: 0,2025-03-06 21:06:58
CO Value: 0 || NH3 Value: 0 || NO2 Value: 0,2025-03-06 21:06:59
CO Value: 0 || NH3 Value: 0 || NO2 Value: 0,2025-03-06 21:07:00
CO Value: 0 || NH3 Value: 0 || NO2 Value: 0,2025-03-06 21:07:01
CO Value: 0 || NH3 Value: 0 || NO2 Value: 0,2025-03-06 21:07:02
CO Value: 0 || NH3 Value: 0 || NO2 Value: 0,2025-03-06 21:07:03
CO Value: 0 || NH3 Value: 0 || NO2 Value: 0,2025-03-06 21:07:06
CO Value: 0 || NH3 Value: 0 || NO2 Value: 0,2025-03-06 21:07:07
CO Value: 0 || NH3 Value: 0 || NO2 Value: 0,2025-03-06 21:07:08
CO Value: 0 || NH3 Value: 0 || NO2 Value: 0,2025-03-06 21:07:10
CO Value: 0 || NH3 Value: 0 || NO2 Value: 0,2025-03-06 21:07:11
CO Value: 0 || NH3 Value: 0 || NO2 Value: 0,2025-03-06 21:07:12
CO Value: 0 || NH3 Value: 0 || NO2 Value: 0,2025-03-06 21:07:13
CO Value: 0 || NH3 Value: 0 || NO2 Value: 0,2025-03-06 21:07:14
CO Value: 0 || NH3 Value: 0 || NO2 Value: 0,2025-03-06 21:07:15
CO Value: 0 || NH3 Value: 0 || NO2 Value: 0,2025-03-06 21:07:16
CO Value: 0 || NH3 Value: 0 || NO2 Value: 0,2025-03-06 21:07:18
CO Value: 0 || NH3 Value: 0 || NO2 Value: 0,2025-03-06 21:07:20
CO Value: 0 || NH3 Value: 0 || NO2 Value: 0,2025-03-06 21:07:23
CO Value: 0 || NH3 Value: 0 || NO2 Value: 0,2025-03-06 21:07:25
CO Value: 0 || NH3 Value: 0 || NO2 Value: 0,2025-03-06 21:07:26
CO Value: 0 || NH3 Value: 0 || NO2 Value: 0,2025-03-06 21:07:27
CO Value: 0 || NH3 Value: 0 || NO2 Value: 0,2025-03-06 21:07:28
CO Value: 0 || NH3 Value: 0 || NO2 Value: 0,2025-03-06 21:07:30
CO Value: 0 || NH3 Value: 0 || NO2 Value: 0,2025-03-06 21:07:31
CO Value: 0 || NH3 Value: 0 || NO2 Value: 0,2025-03-06 21:07:32
CO Value: 0 || NH3 Value: 0 || NO2 Value: 0,2025-03-06 21:07:33
CO Value: 0 || NH3 Value: 0 || NO2 Value: 0,2025-03-06 21:07:34
CO Value: 0 || NH3 Value: 0 || NO2 Value: 0,2025-03-06 21:07:35
CO Value: 0 || NH3 Value: 0 || NO2 Value: 0,2025-03-06 21:07:37
CO Value: 0 || NH3 Value: 0 || NO2 Value: 0,2025-03-06 21:07:39
CO Value: 0 || NH3 Value: 0 || NO2 Value: 0,2025-03-06 21:07:40
CO Value: 0 || NH3 Value: 0 || NO2 Value: 0,2025-03-06 21:07:42
CO Value: 0 || NH3 Value: 0 || NO2 Value: 0,2025-03-06 21:07:43
CO Value: 0 || NH3 Value: 0 || NO2 Value: 0,2025-03-06 21:07:44
CO Value: 0 || NH3 Value: 0 || NO2 Value: 0,2025-03-06 21:07:45
CO Value: 0 || NH3 Value: 0 || NO2 Value: 0,2025-03-06 21:07:46
CO Value: 0 || NH3 Value: 0 || NO2 Value: 0,2025-03-06 21:07:47
CO Value: 0 || NH3 Value: 0 || NO2 Value: 0,2025-03-06 21:07:48
CO Value: 0 || NH3 Value: 0 || NO2 Value: 0,2025-03-06 21:07:49
CO Value: 0 || NH3 Value: 0 || NO2 Value: 0,2025-03-06 21:07:53
CO Value: 0 || NH3 Value: 0 || NO2 Value: 0,2025-03-06 21:07:54
CO Value: 0 || NH3 Value: 0 || NO2 Value: 0,2025-03-06 21:07:55
CO Value: 0 || NH3 Value: 0 || NO2 Value: 0,2025-03-06 21:07:56
CO Value: 0 || NH3 Value: 0 || NO2 Value: 0,2025-03-06 21:07:57
CO Value: 0 || NH3 Value: 0 || NO2 Value: 0,2025-03-06 21:07:59
prototype,47.653133,-122.306114,2025-03-06 21:08:00,4.382450,0.082067,48.452343,4.998779
CO Value: 0 || NH3 Value: 0 || NO2 Value: 0,2025-03-06 21:08:02
CO Value: 0 || NH3 Value: 0 || NO2 Value: 0,2025-03-06 21:08:03
CO Value: 0 || NH3 Value: 0 || NO2 Value: 0,2025-03-06 21:08:05
CO Value: 0 || NH3 Value: 0 || NO2 Value: 0,2025-03-06 21:08:06
CO Value: 0 || NH3 Value: 0 || NO2 Value: 0,2025-03-06 21:08:07
CO Value: 0 || NH3 Value: 0 || NO2 Value: 0,2025-03-06 21:08:08
CO Value: 0 || NH3 Value: 0 || NO2 Value: 0,2025-03-06 21:08:10
CO Value: 0 || NH3 Value: 0 || NO2 Value: 0,2025-03-06 21:08:11
CO Value: 0 || NH3 Value: 0 || NO2 Value: 0,2025-03-06 21:08:13
CO Value: 0 || NH3 Value: 0 || NO2 Value: 0,2025-03-06 21:08:14
CO Value: 0 || NH3 Value: 0 || NO2 Value: 0,2025-03-06 21:08:15
CO Value: 0 || NH3 Value: 0 || NO2 Value: 0,2025-03-06 21:08:16
CO Value: 0 || NH3 Value: 0 || NO2 Value: 0,2025-03-06 21:08:17
CO Value: 0 || NH3 Value: 0 || NO2 Value: 0,2025-03-06 21:08:18
CO Value: 0 || NH3 Value: 0 || NO2 Value: 0,2025-03-06 21:08:19
CO Value: 0 || NH3 Value: 0 || NO2 Value: 0,2025-03-06 21:08:20
CO Value: 0 || NH3 Value: 0 || NO2 Value: 0,2025-03-06 21:08:22
CO Value: 0 || NH3 Value: 0 || NO2 Value: 0,2025-03-06 21:08:23
CO Value: 0 || NH3 Value: 0 || NO2 Value: 0,2025-03-06 21:08:24
CO Value: 0 || NH3 Value: 0 || NO2 Value: 0,2025-03-06 21:08:26
CO Value: 0 || NH3 Value: 0 || NO2 Value: 0,2025-03-06 21:08:27
CO Value: 0 || NH3 Value: 0 || NO2 Value: 0,2025-03-06 21:08:28
CO Value: 0 || NH3 Value: 0 || NO2 Value: 0,2025-03-06 21:08:29
CO Value: 0 || NH3 Value: 0 || NO2 Value: 0,2025-03-06 21:08:30
CO Value: 0 || NH3 Value: 0 || NO2 Value: 0,2025-03-06 21:08:31
CO Value: 0 || NH3 Value: 0 || NO2 Value: 0,2025-03-06 21:08:32
CO Value: 0 || NH3 Value: 0 || NO2 Value: 0,2025-03-06 21:08:34
CO Value: 0 || NH3 Value: 0 || NO2 Value: 0,2025-03-06 21:08:35
CO Value: 0 || NH3 Value: 0 || NO2 Value: 0,2025-03-06 21:08:36
CO Value: 0 || NH3 Value: 0 || NO2 Value: 0,2025-03-06 21:08:37
CO Value: 0 || NH3 Value: 0 || NO2 Value: 0,2025-03-06 21:08:38
CO Value: 0 || NH3 Value: 0 || NO2 Value: 0,2025-03-06 21:08:39
CO Value: 0 || NH3 Value: 0 || NO2 Value: 0,2025-03-06 21:08:41
CO Value: 0 || NH3 Value: 0 || NO2 Value: 0,2025-03-06 21:08:42
CO Value: 0 || NH3 Value: 0 || NO2 Value: 0,2025-03-06 21:08:43
CO Value: 0 || NH3 Value: 0 || NO2 Value: 0,2025-03-06 21:08:44
CO Value: 0 || NH3 Value: 0 || NO2 Value: 0,2025-03-06 21:08:45
CO Value: 0 || NH3 Value: 0 || NO2 Value: 0,2025-03-06 21:08:47
CO Value: 0 || NH3 Value: 0 || NO2 Value: 0,2025-03-06 21:08:49
CO Value: 0 || NH3 Value: 0 || NO2 Value: 0,2025-03-06 21:08:51
CO Value: 0 || NH3 Value: 0 || NO2 Value: 0,2025-03-06 21:08:52
CO Value: 0 || NH3 Value: 0 || NO2 Value: 0,2025-03-06 21:08:53
CO Value: 0 || NH3 Value: 0 || NO2 Value: 0,2025-03-06 21:08:55
CO Value: 0 || NH3 Value: 0 || NO2 Value: 0,2025-03-06 21:08:56
CO Value: 0 || NH3 Value: 0 || NO2 Value: 0,2025-03-06 21:08:57
CO Value: 0 || NH3 Value: 0 || NO2 Value: 0,2025-03-06 21:08:58
CO Value: 0 || NH3 Value: 0 || NO2 Value: 0,2025-03-06 21:09:00
CO Value: 0 || NH3 Value: 0 || NO2 Value: 0,2025-03-06 21:09:01
CO Value: 0 || NH3 Value: 0 || NO2 Value: 0,2025-03-06 21:09:02
CO Value: 0 || NH3 Value: 0 || NO2 Value: 0,2025-03-06 21:09:04
CO Value: 0 || NH3 Value: 0 || NO2 Value: 0,2025-03-06 21:09:05
CO Value: 0 || NH3 Value: 0 || NO2 Value: 0,2025-03-06 21:09:07
CO Value: 0 || NH3 Value: 0 || NO2 Value: 0,2025-03-06 21:09:09
CO Value: 0 || NH3 Value: 0 || NO2 Value: 0,2025-03-06 21:09:10
CO Value: 0 || NH3 Value: 0 || NO2 Value: 0,2025-03-06 21:09:13
CO Value: 0 || NH3 Value: 0 || NO2 Value: 0,2025-03-06 21:09:16
CO Value: 0 || NH3 Value: 0 || NO2 Value: 0,2025-03-06 21:09:17
CO Value: 0 || NH3 Value: 0 || NO2 Value: 0,2025-03-06 21:09:18
CO Value: 0 || NH3 Value: 0 || NO2 Value: 0,2025-03-06 21:09:19
CO Value: 0 || NH3 Value: 0 || NO2 Value: 0,2025-03-06 21:09:20
CO Value: 0 || NH3 Value: 0 || NO2 Value: 0,2025-03-06 21:09:21
CO Value: 0 || NH3 Value: 0 || NO2 Value: 0,2025-03-06 21:09:22
CO Value: 0 || NH3 Value: 0 || NO2 Value: 0,2025-03-06 21:09:23
CO Value: 0 || NH3 Value: 0 || NO2 Value: 0,2025-03-06 21:09:24
CO Value: 0 || NH3 Value: 0 || NO2 Value: 0,2025-03-06 21:09:25
CO Value: 0 || NH3 Value: 0 || NO2 Value: 0,2025-03-06 21:09:26
CO Value: 0 || NH3 Value: 0 || NO2 Value: 0,2025-03-06 21:09:27
CO Value: 0 || NH3 Value: 0 || NO2 Value: 0,2025-03-06 21:09:28
CO Value: 0 || NH3 Value: 0 || NO2 Value: 0,2025-03-06 21:09:29
CO Value: 0 || NH3 Value: 0 || NO2 Value: 0,2025-03-06 21:09:30
CO Value: 0 || NH3 Value: 0 || NO2 Value: 0,2025-03-06 21:09:31
CO Value: 0 || NH3 Value: 0 || NO2 Value: 0,2025-03-06 21:09:32
CO Value: 0 || NH3 Value: 0 || NO2 Value: 0,2025-03-06 21:09:33
CO Value: 0 || NH3 Value: 0 || NO2 Value: 0,2025-03-06 21:09:34
CO Value: 0 || NH3 Value: 0 || NO2 Value: 0,2025-03-06 21:09:37
CO Value: 0 || NH3 Value: 0 || NO2 Value: 0,2025-03-06 21:09:38
CO Value: 0 || NH3 Value: 0 || NO2 Value: 0,2025-03-06 21:09:39
CO Value: 0 || NH3 Value: 0 || NO2 Value: 0,2025-03-06 21:09:42
CO Value: 0 || NH3 Value: 0 || NO2 Value: 0,2025-03-06 21:09:43
CO Value: 0 || NH3 Value: 0 || NO2 Value: 0,2025-03-06 21:09:44
CO Value: 0 || NH3 Value: 0 || NO2 Value: 0,2025-03-06 21:09:46
CO Value: 0 || NH3 Value: 0 || NO2 Value: 0,2025-03-06 21:09:47
CO Value: 0 || NH3 Value: 0 || NO2 Value: 0,2025-03-06 21:09:48
CO Value: 0 || NH3 Value: 0 || NO2 Value: 0,2025-03-06 21:09:49
CO Value: 0 || NH3 Value: 0 || NO2 Value: 0,2025-03-06 21:09:50
CO Value: 0 || NH3 Value: 0 || NO2 Value: 0,2025-03-06 21:09:51
CO Value: 0 || NH3 Value: 0 || NO2 Value: 0,2025-03-06 21:09:52
CO Value: 0 || NH3 Value: 0 || NO2 Value: 0,2025-03-06 21:09:53
CO Value: 0 || NH3 Value: 0 || NO2 Value: 0,2025-03-06 21:09:54
CO Value: 0 || NH3 Value: 0 || NO2 Value: 0,2025-03-06 21:09:55
CO Value: 0 || NH3 Value: 0 || NO2 Value: 0,2025-03-06 21:09:56
CO Value: 0 || NH3 Value: 0 || NO2 Value: 0,2025-03-06 21:09:57
CO Value: 0 || NH3 Value: 0 || NO2 Value: 0,2025-03-06 21:09:58
CO Value: 0 || NH3 Value: 0 || NO2 Value: 0,2025-03-06 21:09:59
CO Value: 0 || NH3 Value: 0 || NO2 Value: 0,2025-03-06 21:10:00
CO Value: 0 || NH3 Value: 0 || NO2 Value: 0,2025-03-06 21:10:01
CO Value: 0 || NH3 Value: 0 || NO2 Value: 0,2025-03-06 21:10:02
CO Value: 0 || NH3 Value: 0 || NO2 Value: 0,2025-03-06 21:10:03
CO Value: 0 || NH3 Value: 0 || NO2 Value: 0,2025-03-06 21:10:04
CO Value: 0 || NH3 Value: 0 || NO2 Value: 0,2025-03-06 21:10:05
CO Value: 0 || NH3 Value: 0 || NO2 Value: 0,2025-03-06 21:10:06
CO Value: 0 || NH3 Value: 0 || NO2 Value: 0,2025-03-06 21:10:07
CO Value: 0 || NH3 Value: 0 || NO2 Value: 0,2025-03-06 21:10:08
CO Value: 0 || NH3 Value: 0 || NO2 Value: 0,2025-03-06 21:10:09
CO Value: 0 || NH3 Value: 0 || NO2 Value: 0,2025-03-06 21:10:10
CO Value: 0 || NH3 Value: 0 || NO2 Value: 0,2025-03-06 21:10:11
CO Value: 0 || NH3 Value: 0 || NO2 Value: 0,2025-03-06 21:10:12
CO Value: 0 || NH3 Value: 0 || NO2 Value: 0,2025-03-06 21:10:13
CO Value: 0 || NH3 Value: 0 || NO2 Value: 0,2025-03-06 21:10:14
CO Value: 0 || NH3 Value: 0 || NO2 Value: 0,2025-03-06 21:10:15
CO Value: 0 || NH3 Value: 0 || NO2 Value: 0,2025-03-06 21:10:16
CO Value: 0 || NH3 Value: 0 || NO2 Value: 0,2025-03-06 21:10:17
CO Value: 0 || NH3 Value: 0 || NO2 Value: 0,2025-03-06 21:10:18
CO Value: 0 || NH3 Value: 0 || NO2 Value: 0,2025-03-06 21:10:19
CO Value: 0 || NH3 Value: 0 || NO2 Value: 0,2025-03-06 21:10:20
CO Value: 0 || NH3 Value: 0 || NO2 Value: 0,2025-03-06 21:10:21
CO Value: 0 || NH3 Value: 0 || NO2 Value: 0,2025-03-06 21:10:22
CO Value: 0 || NH3 Value: 0 || NO2 Value: 0,2025-03-06 21:10:23
CO Value: 0 || NH3 Value: 0 || NO2 Value: 0,2025-03-06 21:10:24
CO Value: 0 || NH3 Value: 0 || NO2 Value: 0,2025-03-06 21:10:25
CO Value: 0 || NH3 Value: 0 || NO2 Value: 0,2025-03-06 21:10:26
CO Value: 0 || NH3 Value: 0 || NO2 Value: 0,2025-03-06 21:10:27
CO Value: 0 || NH3 Value: 0 || NO2 Value: 0,2025-03-06 21:10:28
CO Value: 0 || NH3 Value: 0 || NO2 Value: 0,2025-03-06 21:10:29
CO Value: 0 || NH3 Value: 0 || NO2 Value: 0,2025-03-06 21:10:30
CO Value: 0 || NH3 Value: 0 || NO2 Value: 0,2025-03-06 21:10:31
CO Value: 0 || NH3 Value: 0 || NO2 Value: 0,2025-03-06 21:10:32
CO Value: 0 || NH3 Value: 0 || NO2 Value: 0,2025-03-06 21:10:33
CO Value: 0 || NH3 Value: 0 || NO2 Value: 0,2025-03-06 21:10:34
CO Value: 0 || NH3 Value: 0 || NO2 Value: 0,2025-03-06 21:10:35
CO Value: 0 || NH3 Value: 0 || NO2 Value: 0,2025-03-06 21:10:36
CO Value: 0 || NH3 Value: 0 || NO2 Value: 0,2025-03-06 21:10:37
CO Value: 0 || NH3 Value: 0 || NO2 Value: 0,2025-03-06 21:10:38
CO Value: 0 || NH3 Value: 0 || NO2 Value: 0,2025-03-06 21:10:39
CO Value: 0 || NH3 Value: 0 || NO2 Value: 0,2025-03-06 21:10:40
CO Value: 0 || NH3 Value: 0 || NO2 Value: 0,2025-03-06 21:10:41
CO Value: 0 || NH3 Value: 0 || NO2 Value: 0,2025-03-06 21:10:42
CO Value: 0 || NH3 Value: 0 || NO2 Value: 0,2025-03-06 21:10:43
CO Value: 0 || NH3 Value: 0 || NO2 Value: 0,2025-03-06 21:10:44
CO Value: 0 || NH3 Value: 0 || NO2 Value: 0,2025-03-06 21:10:45
CO Value: 0 || NH3 Value: 0 || NO2 Value: 0,2025-03-06 21:10:46
CO Value: 0 || NH3 Value: 0 || NO2 Value: 0,2025-03-06 21:10:47
CO Value: 0 || NH3 Value: 0 || NO2 Value: 0,2025-03-06 21:10:48
CO Value: 0 || NH3 Value: 0 || NO2 Value: 0,2025-03-06 21:10:50
CO Value: 0 || NH3 Value: 0 || NO2 Value: 0,2025-03-06 21:10:51
CO Value: 0 || NH3 Value: 0 || NO2 Value: 0,2025-03-06 21:10:52
CO Value: 0 || NH3 Value: 0 || NO2 Value: 0,2025-03-06 21:10:53
CO Value: 0 || NH3 Value: 0 || NO2 Value: 0,2025-03-06 21:10:54
CO Value: 0 || NH3 Value: 0 || NO2 Value: 0,2025-03-06 21:10:55
CO Value: 0 || NH3 Value: 0 || NO2 Value: 0,2025-03-06 21:10:56
CO Value: 0 || NH3 Value: 0 || NO2 Value: 0,2025-03-06 21:10:57
CO Value: 0 || NH3 Value: 0 || NO2 Value: 0,2025-03-06 21:10:58
CO Value: 0 || NH3 Value: 0 || NO2 Value: 0,2025-03-06 21:10:59
CO Value: 0 || NH3 Value: 0 || NO2 Value: 0,2025-03-06 21:11:00
CO Value: 0 || NH3 Value: 0 || NO2 Value: 0,2025-03-06 21:11:01
CO Value: 0 || NH3 Value: 0 || NO2 Value: 0,2025-03-06 21:11:02
CO Value: 0 || NH3 Value: 0 || NO2 Value: 0,2025-03-06 21:11:03
CO Value: 0 || NH3 Value: 0 || NO2 Value: 0,2025-03-06 21:11:04
CO Value: 0 || NH3 Value: 0 || NO2 Value: 0,2025-03-06 21:11:05
CO Value: 0 || NH3 Value: 0 || NO2 Value: 0,2025-03-06 21:11:06
CO Value: 0 || NH3 Value: 0 || NO2 Value: 0,2025-03-06 21:11:07
CO Value: 0 || NH3 Value: 0 || NO2 Value: 0,2025-03-06 21:11:08
CO Value: 0 || NH3 Value: 0 || NO2 Value: 0,2025-03-06 21:11:13
CO Value: 0 || NH3 Value: 0 || NO2 Value: 0,2025-03-06 21:15:21
CO Value: 0 || NH3 Value: 0 || NO2 Value: 0,2025-03-06 21:15:30
prototype,47.653133,-122.306114,2025-03-06 21:27:12,4.404945,0.093334,48.028038,4.998779
prototype,47.653133,-122.306114,2025-03-06 21:46:25,4.358776,0.075463,48.733620,4.998779
prototype,47.653133,-122.306114,2025-03-06 22:05:36,4.357967,0.074763,48.815960,4.998779
CO Value: 15 || NH3 Value: 15 || NO2 Value: 3,2025-03-06 22:15:31
prototype,47.653133,-122.306114,2025-03-06 22:24:48,4.357115,0.074265,48.833012,4.998779
prototype,47.653133,-122.306114,2025-03-06 22:44:00,4.355251,0.073613,48.873112,4.998779
prototype,47.653133,-122.306114,2025-03-06 23:03:12,4.355339,0.073287,48.890179,4.998779
CO Value: 15 || NH3 Value: 15 || NO2 Value: 3,2025-03-06 23:15:31
prototype,47.653133,-122.306114,2025-03-06 23:22:25,4.354178,0.073243,48.942589,4.998779
prototype,47.653133,-122.306114,2025-03-06 23:41:37,4.353360,0.073000,48.932362,4.998779
prototype,47.653133,-122.306114,2025-03-07 00:00:49,4.353133,0.072822,48.952736,4.998779
CO Value: 15 || NH3 Value: 15 || NO2 Value: 3,2025-03-07 00:15:33
prototype,47.653133,-122.306114,2025-03-07 00:39:13,4.351321,0.072284,49.037113,4.998779
prototype,47.653133,-122.306114,2025-03-07 00:58:25,4.350000,0.070927,48.976585,4.998779
CO Value: 15 || NH3 Value: 15 || NO2 Value: 3,2025-03-07 01:15:34
prototype,47.653133,-122.306114,2025-03-07 01:17:37,4.350180,0.070837,48.992268,4.998779
prototype,47.653133,-122.306114,2025-03-07 01:36:49,4.349367,0.070263,49.056194,4.998779
prototype,47.653133,-122.306114,2025-03-07 02:15:13,4.345924,0.068780,49.039150,4.998779
CO Value: 15 || NH3 Value: 15 || NO2 Value: 3,2025-03-07 02:15:34
prototype,47.653133,-122.306114,2025-03-07 02:34:25,4.343350,0.067746,49.053429,4.998779
prototype,47.653133,-122.306114,2025-03-07 02:53:38,4.341950,0.067332,49.076595,4.998779
prototype,47.653133,-122.306114,2025-03-07 03:12:50,4.341596,0.067116,49.154823,4.998779
prototype,47.653133,-122.306114,2025-03-07 03:32:02,4.341097,0.067022,49.286041,4.998779
prototype,47.653133,-122.306114,2025-03-07 04:10:26,4.342807,0.067162,49.352016,4.998779
CO Value: 15 || NH3 Value: 15 || NO2 Value: 3,2025-03-07 04:15:36
prototype,47.653133,-122.306114,2025-03-07 04:29:37,4.343389,0.067388,49.339817,4.998779
prototype,47.653133,-122.306114,2025-03-07 04:48:50,4.342968,0.067374,49.407803,4.998779
prototype,47.653133,-122.306114,2025-03-07 05:08:02,4.342751,0.067204,49.505676,4.998779
CO Value: 15 || NH3 Value: 15 || NO2 Value: 3,2025-03-07 05:15:37
prototype,47.653133,-122.306114,2025-03-07 05:27:14,4.343501,0.067258,49.566853,4.998779
CO Value: 15 || NH3 Value: 15 || NO2 Value: 3,2025-03-07 06:15:37
prototype,47.653133,-122.306114,2025-03-07 06:24:51,4.344261,0.067412,49.711002,4.998779
prototype,47.653133,-122.306114,2025-03-07 06:44:03,4.343546,0.067312,49.804794,4.998779
prototype,47.653133,-122.306114,2025-03-07 07:03:15,4.343785,0.067283,49.799377,4.998779
CO Value: 15 || NH3 Value: 15 || NO2 Value: 3,2025-03-07 07:15:38
prototype,47.653133,-122.306114,2025-03-07 07:22:27,4.343379,0.067108,49.878868,4.998779
prototype,47.653133,-122.306114,2025-03-07 07:41:38,4.343220,0.067020,49.920361,4.998779
prototype,47.653133,-122.306114,2025-03-07 08:00:50,4.343456,0.067059,50.037930,4.998779
CO Value: 15 || NH3 Value: 15 || NO2 Value: 3,2025-03-07 08:15:40
prototype,47.653133,-122.306114,2025-03-07 08:20:03,4.343397,0.066993,50.109257,4.998779
prototype,47.653133,-122.306114,2025-03-07 08:58:27,4.343509,0.066886,50.217926,4.998779
CO Value: 15 || NH3 Value: 15 || NO2 Value: 3,2025-03-07 09:15:40
prototype,47.653133,-122.306114,2025-03-07 09:36:51,4.345843,0.067289,50.291367,4.998779
prototype,47.653133,-122.306114,2025-03-07 10:15:16,4.345374,0.067032,50.463223,4.998779
CO Value: 15 || NH3 Value: 15 || NO2 Value: 3,2025-03-07 10:15:41
prototype,47.653133,-122.306114,2025-03-07 10:34:28,4.346414,0.067188,50.459831,4.998779
prototype,47.653133,-122.306114,2025-03-07 10:53:39,4.345372,0.067015,50.505974,4.998779
prototype,47.653133,-122.306114,2025-03-07 11:12:51,4.343255,0.066277,50.613297,4.998779
CO Value: 15 || NH3 Value: 15 || NO2 Value: 3,2025-03-07 11:15:41
prototype,47.653133,-122.306114,2025-03-07 11:51:16,4.337913,0.064342,50.692051,4.998779
prototype,47.653133,-122.306114,2025-03-07 12:10:28,4.338481,0.064602,50.747002,4.998779
CO Value: 15 || NH3 Value: 15 || NO2 Value: 3,2025-03-07 12:15:42
prototype,47.653133,-122.306114,2025-03-07 12:29:40,4.336418,0.064032,50.740273,4.998779
CO Value: 15 || NH3 Value: 15 || NO2 Value: 3,2025-03-07 13:15:43
prototype,47.653133,-122.306114,2025-03-07 13:27:17,4.335574,0.063797,50.848118,4.998779
prototype,47.653133,-122.306114,2025-03-07 13:46:28,4.341107,0.065363,50.939102,4.998779
prototype,47.653133,-122.306114,2025-03-07 14:05:40,4.341498,0.065971,51.006256,4.998779
CO Value: 15 || NH3 Value: 15 || NO2 Value: 3,2025-03-07 14:15:44
prototype,47.653133,-122.306114,2025-03-07 14:24:52,4.341276,0.066000,51.044243,4.998779
prototype,47.653133,-122.306114,2025-03-07 14:44:04,4.341322,0.066085,51.067329,4.998779
CO Value: 15 || NH3 Value: 15 || NO2 Value: 3,2025-03-07 15:15:45
prototype,47.653133,-122.306114,2025-03-07 15:22:29,4.344390,0.067202,51.160927,4.998779
prototype,47.653133,-122.306114,2025-03-07 15:41:41,4.345094,0.067191,51.215927,4.998779
prototype,47.653133,-122.306114,2025-03-07 16:00:53,4.347477,0.067747,51.330490,4.998779
CO Value: 15 || NH3 Value: 15 || NO2 Value: 3,2025-03-07 16:15:45
prototype,47.653133,-122.306114,2025-03-07 16:20:05,4.347188,0.067819,51.365059,4.998779
prototype,47.653133,-122.306114,2025-03-07 16:39:17,4.349142,0.068295,51.378647,4.998779
prototype,47.653133,-122.306114,2025-03-07 16:58:30,4.358969,0.072133,50.917992,4.998779
CO Value: 15 || NH3 Value: 15 || NO2 Value: 3,2025-03-07 17:15:47
prototype,47.653133,-122.306114,2025-03-07 17:17:41,4.353428,0.070486,50.946568,4.998779
prototype,47.653133,-122.306114,2025-03-07 17:56:05,4.356888,0.071853,51.053032,4.998779
prototype,47.653133,-122.306114,2025-03-07 18:15:17,4.356387,0.072004,51.145313,4.998779
CO Value: 15 || NH3 Value: 15 || NO2 Value: 3,2025-03-07 18:15:47
prototype,47.653133,-122.306114,2025-03-07 18:34:29,4.360507,0.072707,51.202278,4.998779
prototype,47.653133,-122.306114,2025-03-07 18:53:42,4.366534,0.073704,51.193504,4.998779
prototype,47.653133,-122.306114,2025-03-07 19:12:54,4.362089,0.073272,51.261986,4.998779
CO Value: 15 || NH3 Value: 15 || NO2 Value: 3,2025-03-07 19:15:48
prototype,47.653133,-122.306114,2025-03-07 19:32:06,4.360750,0.073043,51.332535,4.998779
CO Value: 15 || NH3 Value: 15 || NO2 Value: 3,2025-03-07 20:15:49
prototype,47.653133,-122.306114,2025-03-07 20:29:42,4.356073,0.069226,51.687077,4.998779
prototype,47.653133,-122.306114,2025-03-07 20:48:54,4.352665,0.068110,51.716248,4.998779
prototype,47.653133,-122.306114,2025-03-07 21:08:06,4.352206,0.068198,51.747417,4.998779
CO Value: 15 || NH3 Value: 15 || NO2 Value: 3,2025-03-07 21:15:50
prototype,47.653133,-122.306114,2025-03-07 21:27:18,4.353211,0.068409,51.694515,4.998779
prototype,47.653133,-122.306114,2025-03-07 21:46:30,4.354101,0.068549,51.689110,4.998779
prototype,47.653133,-122.306114,2025-03-07 22:05:42,4.353689,0.068268,51.691185,4.998779
prototype,47.653133,-122.306114,2025-03-07 22:24:54,4.350519,0.067662,51.765675,4.998779
prototype,47.653133,-122.306114,2025-03-07 22:44:07,4.347042,0.067007,51.703438,4.998779
CO Value: 15 || NH3 Value: 15 || NO2 Value: 3,2025-03-07 23:15:51
prototype,47.653133,-122.306114,2025-03-07 23:22:31,4.348660,0.067295,51.835579,4.998779
prototype,47.653133,-122.306114,2025-03-07 23:41:43,4.347294,0.067143,51.719646,4.998779
CO Value: 15 || NH3 Value: 15 || NO2 Value: 3,2025-03-08 00:15:52
prototype,47.653133,-122.306114,2025-03-08 00:20:06,4.348232,0.067388,51.830105,4.998779
prototype,47.653133,-122.306114,2025-03-08 00:39:19,4.350260,0.067787,51.893841,4.998779
prototype,47.653133,-122.306114,2025-03-08 00:58:31,4.348438,0.067449,51.959541,4.998779
CO Value: 15 || NH3 Value: 15 || NO2 Value: 3,2025-03-08 01:15:53
prototype,47.653133,-122.306114,2025-03-08 01:17:43,4.348227,0.067466,51.987347,4.998779
prototype,47.653133,-122.306114,2025-03-08 01:36:55,4.349352,0.067756,52.065907,4.998779
prototype,47.653133,-122.306114,2025-03-08 01:56:07,4.350055,0.067955,52.100407,4.998779
CO Value: 15 || NH3 Value: 15 || NO2 Value: 3,2025-03-08 02:15:53
prototype,47.653133,-122.306114,2025-03-08 02:34:32,4.347453,0.067492,52.267021,4.998779
prototype,47.653133,-122.306114,2025-03-08 02:53:44,4.347746,0.067701,52.271088,4.998779
prototype,47.653133,-122.306114,2025-03-08 03:12:56,4.347051,0.067636,52.313725,4.998779
CO Value: 15 || NH3 Value: 15 || NO2 Value: 3,2025-03-08 03:15:54
prototype,47.653133,-122.306114,2025-03-08 03:32:08,4.345699,0.067423,52.354347,4.998779
prototype,47.653133,-122.306114,2025-03-08 03:51:19,4.343286,0.066877,52.418762,4.998779
prototype,47.653133,-122.306114,2025-03-08 04:10:32,4.341820,0.066508,52.464088,4.998779
CO Value: 15 || NH3 Value: 15 || NO2 Value: 3,2025-03-08 04:15:56
prototype,47.653133,-122.306114,2025-03-08 04:29:44,4.342807,0.066780,52.501980,4.998779
prototype,47.653133,-122.306114,2025-03-08 04:48:56,4.342687,0.066756,52.608219,4.998779
prototype,47.653133,-122.306114,2025-03-08 05:08:08,4.343931,0.067048,52.608913,4.998779
prototype,47.653133,-122.306114,2025-03-08 05:27:20,4.343436,0.066933,52.656330,4.998779
prototype,47.653133,-122.306114,2025-03-08 05:46:32,4.343436,0.066968,52.718555,4.998779
prototype,47.653133,-122.306114,2025-03-08 06:05:45,4.342158,0.066523,52.841732,4.998779
CO Value: 15 || NH3 Value: 15 || NO2 Value: 3,2025-03-08 06:15:57
prototype,47.653133,-122.306114,2025-03-08 06:24:57,4.340232,0.065961,52.845127,4.998779
prototype,47.653133,-122.306114,2025-03-08 06:44:09,4.337416,0.065050,52.818066,4.998779
prototype,47.653133,-122.306114,2025-03-08 07:03:20,4.335366,0.064310,52.968327,4.998779
CO Value: 15 || NH3 Value: 15 || NO2 Value: 3,2025-03-08 07:15:57
prototype,47.653133,-122.306114,2025-03-08 07:22:32,4.334683,0.064302,53.048119,4.998779
prototype,47.653133,-122.306114,2025-03-08 07:41:45,4.334272,0.063972,53.092110,4.998779
prototype,47.653133,-122.306114,2025-03-08 08:00:57,4.332067,0.063257,53.105671,4.998779
CO Value: 15 || NH3 Value: 15 || NO2 Value: 3,2025-03-08 08:15:59
prototype,47.653133,-122.306114,2025-03-08 08:20:09,4.331611,0.062967,53.161095,4.998779
prototype,47.653133,-122.306114,2025-03-08 08:39:21,4.332995,0.063710,53.211876,4.998779
prototype,47.653133,-122.306114,2025-03-08 08:58:33,4.333184,0.063848,53.234928,4.998779
CO Value: 15 || NH3 Value: 15 || NO2 Value: 3,2025-03-08 09:15:59
prototype,47.653133,-122.306114,2025-03-08 09:17:45,4.332733,0.063719,53.316086,4.998779
prototype,47.653133,-122.306114,2025-03-08 09:36:58,4.332836,0.063948,53.424332,4.998779
prototype,47.653133,-122.306114,2025-03-08 09:56:10,4.334476,0.064579,53.462944,4.998779
prototype,47.653133,-122.306114,2025-03-08 10:15:21,4.335654,0.065068,53.515663,4.998779
CO Value: 15 || NH3 Value: 15 || NO2 Value: 3,2025-03-08 10:16:00
prototype,47.653133,-122.306114,2025-03-08 10:34:33,4.334813,0.064682,53.563011,4.998779
prototype,47.653133,-122.306114,2025-03-08 10:53:45,4.332402,0.063811,53.690182,4.998779
prototype,47.653133,-122.306114,2025-03-08 11:12:58,4.330951,0.062961,53.742279,4.998779
CO Value: 15 || NH3 Value: 15 || NO2 Value: 3,2025-03-08 11:16:01
prototype,47.653133,-122.306114,2025-03-08 11:32:10,4.330623,0.062624,53.771320,4.998779
prototype,47.653133,-122.306114,2025-03-08 11:51:22,4.330332,0.062294,53.795731,4.998779
prototype,47.653133,-122.306114,2025-03-08 12:10:34,4.332744,0.063388,53.856571,4.998779
CO Value: 15 || NH3 Value: 15 || NO2 Value: 3,2025-03-08 12:16:01
prototype,47.653133,-122.306114,2025-03-08 12:29:46,4.333533,0.063754,53.864609,4.998779
CO Value: 15 || NH3 Value: 15 || NO2 Value: 3,2025-03-08 13:16:03
prototype,47.653133,-122.306114,2025-03-08 13:27:22,4.336766,0.064725,54.018154,4.998779
prototype,47.653133,-122.306114,2025-03-08 13:46:34,4.336742,0.064640,54.149223,4.998779
CO Value: 15 || NH3 Value: 15 || NO2 Value: 3,2025-03-08 14:16:03
prototype,47.653133,-122.306114,2025-03-08 14:24:58,4.337554,0.064804,54.208755,4.998779
prototype,47.653133,-122.306114,2025-03-08 14:44:11,4.335611,0.064373,54.272972,4.998779
CO Value: 15 || NH3 Value: 15 || NO2 Value: 3,2025-03-08 15:16:04
prototype,47.653133,-122.306114,2025-03-08 15:22:35,4.332971,0.063848,54.381756,4.998779
CO Value: 15 || NH3 Value: 15 || NO2 Value: 3,2025-03-08 16:16:04
prototype,47.653133,-122.306114,2025-03-08 16:20:11,4.332147,0.063802,54.551319,4.998779
prototype,47.653133,-122.306114,2025-03-08 16:39:23,4.332336,0.064008,54.683647,4.998779
prototype,47.653133,-122.306114,2025-03-08 16:58:35,4.332823,0.064201,54.763245,4.998779
CO Value: 15 || NH3 Value: 15 || NO2 Value: 3,2025-03-08 17:16:06
prototype,47.653133,-122.306114,2025-03-08 17:17:47,4.334466,0.064637,54.825436,4.998779
prototype,47.653133,-122.306114,2025-03-08 17:36:59,4.333731,0.064452,54.836872,4.998779
prototype,47.653133,-122.306114,2025-03-08 17:56:11,4.333774,0.064481,54.948277,4.998779
prototype,47.653133,-122.306114,2025-03-08 18:15:24,4.333715,0.064569,55.012413,4.998779
CO Value: 15 || NH3 Value: 15 || NO2 Value: 3,2025-03-08 18:16:07
prototype,47.653133,-122.306114,2025-03-08 18:53:48,4.335961,0.065419,54.995506,4.998779
prototype,47.653133,-122.306114,2025-03-08 19:13:00,4.335608,0.065198,55.098740,4.998779
CO Value: 15 || NH3 Value: 15 || NO2 Value: 3,2025-03-08 19:16:07
prototype,47.653133,-122.306114,2025-03-08 19:32:12,4.334033,0.064612,55.225628,4.998779
prototype,47.653133,-122.306114,2025-03-08 19:51:24,4.335196,0.065138,55.170967,4.998779
prototype,47.653133,-122.306114,2025-03-08 20:10:36,4.334860,0.065009,55.249908,4.998779
CO Value: 15 || NH3 Value: 15 || NO2 Value: 3,2025-03-08 20:16:08
prototype,47.653133,-122.306114,2025-03-08 20:29:48,4.334950,0.064961,55.268089,4.998779
prototype,47.653133,-122.306114,2025-03-08 20:49:00,4.334826,0.064973,55.350479,4.998779
prototype,47.653133,-122.306114,2025-03-08 21:08:12,4.332824,0.064237,55.493496,4.998779
CO Value: 15 || NH3 Value: 15 || NO2 Value: 3,2025-03-08 21:16:09
prototype,47.653133,-122.306114,2025-03-08 21:27:24,4.331545,0.063678,55.491432,4.998779
prototype,47.653133,-122.306114,2025-03-08 21:46:36,4.330324,0.063093,55.475967,4.998779
prototype,47.653133,-122.306114,2025-03-08 22:05:49,4.329474,0.062676,55.535988,4.998779
CO Value: 15 || NH3 Value: 15 || NO2 Value: 3,2025-03-08 22:16:10
prototype,47.653133,-122.306114,2025-03-08 22:25:01,4.330584,0.063212,55.587990,4.998779
prototype,47.653133,-122.306114,2025-03-08 22:44:13,4.329989,0.063058,55.572433,4.998779
prototype,47.653133,-122.306114,2025-03-08 23:03:25,4.330203,0.062934,55.575127,4.998779
prototype,47.653133,-122.306114,2025-03-08 23:22:37,4.330541,0.062898,55.623020,4.998779
prototype,47.653133,-122.306114,2025-03-08 23:41:48,4.330539,0.062868,55.697922,4.998779
prototype,47.653133,-122.306114,2025-03-09 00:01:01,4.331379,0.063460,55.728916,4.998779
CO Value: 15 || NH3 Value: 15 || NO2 Value: 3,2025-03-09 00:16:11
prototype,47.653133,-122.306114,2025-03-09 00:20:13,4.331071,0.063247,55.736382,4.998779
prototype,47.653133,-122.306114,2025-03-09 00:39:25,4.330932,0.063036,55.811958,4.998779
prototype,47.653133,-122.306114,2025-03-09 00:58:37,4.330596,0.062898,55.865887,4.998779
CO Value: 15 || NH3 Value: 15 || NO2 Value: 3,2025-03-09 01:16:12
prototype,47.653133,-122.306114,2025-03-09 01:37:02,4.329304,0.062278,55.996159,4.998779
prototype,47.653133,-122.306114,2025-03-09 01:56:14,4.328718,0.062100,56.075733,4.998779
prototype,47.653133,-122.306114,2025-03-09 03:15:26,4.329031,0.062311,56.041260,4.998779
CO Value: 15 || NH3 Value: 15 || NO2 Value: 3,2025-03-09 03:16:13
prototype,47.653133,-122.306114,2025-03-09 03:34:38,4.329181,0.062214,56.060184,4.998779
prototype,47.653133,-122.306114,2025-03-09 03:53:49,4.329585,0.062126,56.052795,4.998779
prototype,47.653133,-122.306114,2025-03-09 04:13:01,4.329923,0.062370,56.143810,4.998779
CO Value: 15 || NH3 Value: 15 || NO2 Value: 3,2025-03-09 04:16:13
prototype,47.653133,-122.306114,2025-03-09 04:32:14,4.330363,0.062533,56.135010,4.998779
prototype,47.653133,-122.306114,2025-03-09 04:51:26,4.330176,0.062517,56.166763,4.998779
prototype,47.653133,-122.306114,2025-03-09 05:10:38,4.329699,0.062078,56.286671,4.998779
CO Value: 15 || NH3 Value: 15 || NO2 Value: 3,2025-03-09 05:16:14
prototype,47.653133,-122.306114,2025-03-09 05:29:50,4.331561,0.062732,56.357498,4.998779
prototype,47.653133,-122.306114,2025-03-09 05:49:02,4.332412,0.063345,56.338638,4.998779
prototype,47.653133,-122.306114,2025-03-09 06:08:15,4.332903,0.063412,56.358837,4.998779
CO Value: 15 || NH3 Value: 15 || NO2 Value: 3,2025-03-09 06:16:16
prototype,47.653133,-122.306114,2025-03-09 06:27:27,4.332514,0.063282,56.469368,4.998779
prototype,47.653133,-122.306114,2025-03-09 06:46:38,4.332893,0.063390,56.552242,4.998779
prototype,47.653133,-122.306114,2025-03-09 07:05:50,4.332762,0.063381,56.712490,4.998779
CO Value: 15 || NH3 Value: 15 || NO2 Value: 3,2025-03-09 07:16:16
prototype,47.653133,-122.306114,2025-03-09 07:25:02,4.334223,0.063800,56.684940,4.998779
prototype,47.653133,-122.306114,2025-03-09 07:44:14,4.333516,0.063672,56.728725,4.998779
prototype,47.653133,-122.306114,2025-03-09 08:03:27,4.333101,0.063557,56.809471,4.998779
CO Value: 15 || NH3 Value: 15 || NO2 Value: 3,2025-03-09 08:16:17
prototype,47.653133,-122.306114,2025-03-09 08:22:39,4.333081,0.063595,56.824986,4.998779
prototype,47.653133,-122.306114,2025-03-09 08:41:51,4.333099,0.063736,56.938087,4.998779
prototype,47.653133,-122.306114,2025-03-09 09:01:03,4.334083,0.063996,56.970356,4.998779
CO Value: 15 || NH3 Value: 15 || NO2 Value: 3,2025-03-09 09:16:17
prototype,47.653133,-122.306114,2025-03-09 09:20:15,4.334192,0.064107,57.039696,4.998779
prototype,47.653133,-122.306114,2025-03-09 09:39:27,4.333896,0.063964,57.159473,4.998779
prototype,47.653133,-122.306114,2025-03-09 09:58:40,4.333372,0.063776,57.139984,4.998779
CO Value: 15 || NH3 Value: 15 || NO2 Value: 3,2025-03-09 10:16:19
prototype,47.653133,-122.306114,2025-03-09 10:17:51,4.334215,0.064103,57.209290,4.998779
prototype,47.653133,-122.306114,2025-03-09 10:37:03,4.333248,0.063720,57.304073,4.998779
prototype,47.653133,-122.306114,2025-03-09 10:56:15,4.332325,0.063140,57.302094,4.998779
prototype,47.653133,-122.306114,2025-03-09 11:15:27,4.329367,0.061509,57.408421,4.998779
CO Value: 15 || NH3 Value: 15 || NO2 Value: 3,2025-03-09 11:16:19
prototype,47.653133,-122.306114,2025-03-09 11:34:40,4.326724,0.061138,57.471703,4.998779
prototype,47.653133,-122.306114,2025-03-09 11:53:52,4.326576,0.061042,57.654018,4.998779
prototype,47.653133,-122.306114,2025-03-09 12:13:04,4.326710,0.061044,58.055626,4.998779
CO Value: 15 || NH3 Value: 15 || NO2 Value: 3,2025-03-09 12:16:20
prototype,47.653133,-122.306114,2025-03-09 12:32:16,4.326256,0.060937,58.118137,4.998779
CO Value: 15 || NH3 Value: 15 || NO2 Value: 3,2025-03-09 13:16:21
prototype,47.653133,-122.306114,2025-03-09 13:29:52,4.325435,0.060893,58.270790,4.998779
prototype,47.653133,-122.306114,2025-03-09 13:49:04,4.325432,0.060792,58.344765,4.998779
prototype,47.653133,-122.306114,2025-03-09 14:08:16,4.325463,0.060829,58.393906,4.998779
CO Value: 15 || NH3 Value: 15 || NO2 Value: 3,2025-03-09 14:16:21
prototype,47.653133,-122.306114,2025-03-09 14:27:28,4.326824,0.060962,58.412010,4.998779
prototype,47.653133,-122.306114,2025-03-09 14:46:40,4.328321,0.061141,58.440914,4.998779
prototype,47.653133,-122.306114,2025-03-09 15:05:53,4.329100,0.061357,58.445637,4.998779
CO Value: 15 || NH3 Value: 15 || NO2 Value: 3,2025-03-09 15:16:23
prototype,47.653133,-122.306114,2025-03-09 15:25:05,4.328632,0.061309,58.531635,4.998779
prototype,47.653133,-122.306114,2025-03-09 15:44:17,4.328610,0.061313,58.566589,4.998779
prototype,47.653133,-122.306114,2025-03-09 16:03:29,4.329820,0.061622,58.644600,4.998779
prototype,47.653133,-122.306114,2025-03-09 16:22:41,4.332096,0.062412,58.651325,4.998779
prototype,47.653133,-122.306114,2025-03-09 16:41:52,4.332392,0.062866,58.776299,4.998779
prototype,47.653133,-122.306114,2025-03-09 17:01:05,4.334524,0.063826,58.912636,4.998779
CO Value: 15 || NH3 Value: 15 || NO2 Value: 3,2025-03-09 17:16:24
prototype,47.653133,-122.306114,2025-03-09 17:20:17,4.337378,0.064725,59.012730,4.998779
prototype,47.653133,-122.306114,2025-03-09 17:39:29,4.336578,0.064460,59.097370,4.998779
CO Value: 15 || NH3 Value: 15 || NO2 Value: 3,2025-03-09 18:16:24
prototype,47.653133,-122.306114,2025-03-09 18:56:18,4.337448,0.065125,59.396122,4.998779
prototype,47.653133,-122.306114,2025-03-09 19:15:30,4.334485,0.063941,59.487984,4.998779
CO Value: 15 || NH3 Value: 15 || NO2 Value: 3,2025-03-09 19:16:26
prototype,47.653133,-122.306114,2025-03-09 19:53:54,4.332485,0.062618,59.644379,4.998779
prototype,47.653133,-122.306114,2025-03-09 20:13:05,4.332156,0.062438,59.691998,4.998779
CO Value: 15 || NH3 Value: 15 || NO2 Value: 3,2025-03-09 20:16:26
prototype,47.653133,-122.306114,2025-03-09 20:32:17,4.331464,0.062200,59.772587,4.998779
prototype,47.653133,-122.306114,2025-03-09 20:51:30,4.330632,0.061688,59.851006,4.998779
prototype,47.653133,-122.306114,2025-03-09 21:10:42,4.330774,0.061780,59.875202,4.998779
CO Value: 15 || NH3 Value: 15 || NO2 Value: 3,2025-03-09 21:16:27
prototype,47.653133,-122.306114,2025-03-09 21:29:54,4.330519,0.061537,59.973797,4.998779
prototype,47.653133,-122.306114,2025-03-09 21:49:06,4.329165,0.061377,59.948292,4.998779
prototype,47.653133,-122.306114,2025-03-09 22:08:18,4.330257,0.061458,60.045540,4.998779
CO Value: 15 || NH3 Value: 15 || NO2 Value: 3,2025-03-09 22:16:28
prototype,47.653133,-122.306114,2025-03-09 22:27:30,4.329302,0.061278,60.099220,4.998779
prototype,47.653133,-122.306114,2025-03-09 22:46:43,4.328990,0.061192,60.145485,4.998779
prototype,47.653133,-122.306114,2025-03-09 23:05:55,4.328320,0.061109,60.207916,4.998779
CO Value: 15 || NH3 Value: 15 || NO2 Value: 3,2025-03-09 23:16:29
prototype,47.653133,-122.306114,2025-03-09 23:25:07,4.328887,0.061127,60.183731,4.998779
prototype,47.653133,-122.306114,2025-03-09 23:44:19,4.328582,0.061155,60.211952,4.998779
CO Value: 15 || NH3 Value: 15 || NO2 Value: 3,2025-03-10 00:16:29
prototype,47.653133,-122.306114,2025-03-10 00:22:43,4.327728,0.061036,60.258831,4.998779
prototype,47.653133,-122.306114,2025-03-10 00:41:55,4.327904,0.061055,60.297131,4.998779
prototype,47.653133,-122.306114,2025-03-10 01:01:07,4.328969,0.061231,60.284359,4.998779
prototype,47.653133,-122.306114,2025-03-10 01:20:19,4.329885,0.061467,60.408997,4.998779
prototype,47.653133,-122.306114,2025-03-10 01:39:31,4.329630,0.061381,60.450661,4.998779
prototype,47.653133,-122.306114,2025-03-10 01:58:43,4.328703,0.061257,60.530403,4.998779
CO Value: 15 || NH3 Value: 15 || NO2 Value: 3,2025-03-10 02:16:31
prototype,47.653133,-122.306114,2025-03-10 02:17:55,4.329542,0.061382,60.555267,4.998779
prototype,47.653133,-122.306114,2025-03-10 02:37:07,4.329865,0.061503,60.616940,4.998779
prototype,47.653133,-122.306114,2025-03-10 02:56:19,4.330089,0.061530,60.697330,4.998779
CO Value: 15 || NH3 Value: 15 || NO2 Value: 3,2025-03-10 03:16:32
prototype,47.653133,-122.306114,2025-03-10 03:34:44,4.328702,0.061258,60.903603,4.998779
prototype,47.653133,-122.306114,2025-03-10 03:53:56,4.329706,0.061533,60.929085,4.998779
CO Value: 15 || NH3 Value: 15 || NO2 Value: 3,2025-03-10 04:16:33
prototype,47.653133,-122.306114,2025-03-10 04:32:20,4.328693,0.061407,61.053715,4.998779
prototype,47.653133,-122.306114,2025-03-10 05:10:44,4.330231,0.061629,61.159542,4.998779
CO Value: 15 || NH3 Value: 15 || NO2 Value: 3,2025-03-10 05:16:33
prototype,47.653133,-122.306114,2025-03-10 05:29:57,4.330128,0.061520,61.239258,4.998779
prototype,47.653133,-122.306114,2025-03-10 05:49:09,4.330593,0.061634,61.342308,4.998779
prototype,47.653133,-122.306114,2025-03-10 06:08:20,4.330829,0.061652,61.483604,4.998779
CO Value: 15 || NH3 Value: 15 || NO2 Value: 3,2025-03-10 06:16:34
prototype,47.653133,-122.306114,2025-03-10 06:27:32,4.330976,0.061694,61.566624,4.998779
prototype,47.653133,-122.306114,2025-03-10 06:46:44,4.331571,0.061910,61.642990,4.998779
prototype,47.653133,-122.306114,2025-03-10 07:05:56,4.333337,0.062645,61.719276,4.998779
CO Value: 15 || NH3 Value: 15 || NO2 Value: 3,2025-03-10 07:16:35
prototype,47.653133,-122.306114,2025-03-10 07:25:09,4.334063,0.062736,61.798344,4.998779
prototype,47.653133,-122.306114,2025-03-10 07:44:21,4.332933,0.062252,61.875324,4.998779
prototype,47.653133,-122.306114,2025-03-10 08:03:33,4.332681,0.062012,61.935513,4.998779
CO Value: 15 || NH3 Value: 15 || NO2 Value: 3,2025-03-10 08:16:36
prototype,47.653133,-122.306114,2025-03-10 08:22:45,4.332863,0.061935,61.998405,4.998779
prototype,47.653133,-122.306114,2025-03-10 08:41:57,4.333082,0.061984,62.059402,4.998779
prototype,47.653133,-122.306114,2025-03-10 09:01:09,4.333806,0.062130,62.110840,4.998779
CO Value: 15 || NH3 Value: 15 || NO2 Value: 3,2025-03-10 09:16:36
prototype,47.653133,-122.306114,2025-03-10 09:20:21,4.334026,0.062185,62.169044,4.998779
prototype,47.653133,-122.306114,2025-03-10 09:39:34,4.336687,0.063069,62.233925,4.998779
prototype,47.653133,-122.306114,2025-03-10 09:58:46,4.336142,0.062760,62.279377,4.998779
CO Value: 15 || NH3 Value: 15 || NO2 Value: 3,2025-03-10 10:16:38
prototype,47.653133,-122.306114,2025-03-10 10:17:58,4.335778,0.062644,62.403114,4.998779
prototype,47.653133,-122.306114,2025-03-10 10:37:10,4.335556,0.062648,62.471939,4.998779
prototype,47.653133,-122.306114,2025-03-10 10:56:21,4.336671,0.062948,62.584919,4.998779
prototype,47.653133,-122.306114,2025-03-10 11:15:33,4.336114,0.062821,62.650375,4.998779
CO Value: 15 || NH3 Value: 15 || NO2 Value: 3,2025-03-10 11:16:38
prototype,47.653133,-122.306114,2025-03-10 11:34:45,4.336764,0.062736,62.803967,4.998779
prototype,47.653133,-122.306114,2025-03-10 11:53:58,4.337120,0.062933,62.820030,4.998779
prototype,47.653133,-122.306114,2025-03-10 12:13:10,4.338682,0.063369,62.926254,4.998779
CO Value: 15 || NH3 Value: 15 || NO2 Value: 3,2025-03-10 12:16:39
prototype,47.653133,-122.306114,2025-03-10 12:32:22,4.339362,0.063413,63.067173,4.998779
prototype,47.653133,-122.306114,2025-03-10 12:51:34,4.340189,0.063656,63.114643,4.998779
prototype,47.653133,-122.306114,2025-03-10 13:10:46,4.343221,0.064490,63.158695,4.998779
CO Value: 15 || NH3 Value: 15 || NO2 Value: 3,2025-03-10 13:16:40
prototype,47.653133,-122.306114,2025-03-10 13:49:10,4.345479,0.065498,63.347069,4.998779
prototype,47.653133,-122.306114,2025-03-10 14:08:23,4.346174,0.065531,63.352402,4.998779
CO Value: 15 || NH3 Value: 15 || NO2 Value: 3,2025-03-10 14:16:41
prototype,47.653133,-122.306114,2025-03-10 14:27:35,4.351373,0.066838,63.536690,4.998779
prototype,47.653133,-122.306114,2025-03-10 14:46:47,4.367800,0.073329,63.456619,4.998779
prototype,47.653133,-122.306114,2025-03-10 15:05:59,4.380577,0.077574,68.014732,4.998779
CO Value: 15 || NH3 Value: 15 || NO2 Value: 3,2025-03-10 15:16:41
prototype,47.653133,-122.306114,2025-03-10 15:25:11,4.387645,0.081811,71.885361,4.998779
