sensorName,lat,long,transmitDateTime,CO,NO2,NH3,TDS,turbidity
prototype,47.653132,-122.306114,2025-03-10 19:32:32,4.378345,0.471039,69.191658,4.998779
prototype,47.653132,-122.306114,2025-03-10 19:32:56,4.376979,0.494912,69.000717,4.998779
prototype,47.653132,-122.306114,2025-03-10 19:33:04,4.371467,0.482848,69.000717,4.998779
prototype,47.653132,-122.306114,2025-03-10 19:33:12,4.371467,0.463523,69.191658,4.998779
prototype,47.653132,-122.306114,2025-03-10 19:33:20,4.368738,0.446562,69.382591,4.998779
prototype,47.653132,-122.306114,2025-03-10 19:33:28,4.370060,0.438677,69.382591,4.998779
prototype,47.653132,-122.306114,2025-03-10 19:33:36,4.367330,0.435190,69.096100,4.998779
prototype,47.653132,-122.306114,2025-03-10 19:33:44,4.371468,0.440851,69.477982,4.998779
prototype,47.653132,-122.306114,2025-03-10 19:33:52,4.370060,0.439740,69.478096,4.998779
prototype,47.653132,-122.306114,2025-03-10 19:34:00,4.371426,0.440409,69.382591,4.998779
prototype,47.653132,-122.306114,2025-03-10 19:34:08,4.372833,0.444157,69.096161,4.998779
prototype,47.653132,-122.306114,2025-03-10 19:34:16,4.374199,0.448980,69.668983,4.998779
prototype,47.653132,-122.306114,2025-03-10 19:34:24,4.374199,0.451876,69.287094,4.998779
prototype,47.653132,-122.306114,2025-03-10 19:34:40,4.375566,0.464863,69.478096,4.998779
prototype,47.653132,-122.306114,2025-03-10 19:34:48,4.378348,0.478346,69.764359,4.998779
prototype,47.653132,-122.306114,2025-03-10 19:34:56,4.376976,0.483933,69.096153,4.998779
prototype,47.653132,-122.306114,2025-03-10 19:35:04,4.372836,0.480916,69.286934,4.998779
prototype,47.653132,-122.306114,2025-03-10 19:35:12,4.375566,0.483451,69.573532,4.998779
prototype,47.653132,-122.306114,2025-03-10 19:35:20,4.379674,0.496085,69.000603,4.998779
prototype,47.653132,-122.306114,2025-03-10 19:35:28,4.378345,0.503942,68.714111,4.998779
prototype,47.653132,-122.306114,2025-03-10 19:35:36,4.381083,0.512833,69.477982,4.998779
prototype,47.653132,-122.306114,2025-03-10 19:35:44,4.383867,0.521072,69.382591,4.998779
prototype,47.653132,-122.306114,2025-03-10 19:36:00,4.381084,0.519152,69.478104,4.998779
prototype,47.653132,-122.306114,2025-03-10 19:36:08,4.378345,0.515009,69.478149,4.998779
prototype,47.653132,-122.306114,2025-03-10 19:36:16,4.379714,0.512432,69.096107,4.998779
prototype,47.653132,-122.306114,2025-03-10 19:36:24,4.378345,0.509464,69.382645,4.998779
prototype,47.653132,-122.306114,2025-03-10 19:36:32,4.379714,0.517685,70.430504,4.998779
prototype,47.653132,-122.306114,2025-03-10 19:36:40,4.379714,0.516227,69.287148,4.998779
prototype,47.653132,-122.306114,2025-03-10 19:36:48,4.376976,0.501395,68.905167,4.998779
prototype,47.653132,-122.306114,2025-03-10 19:36:56,4.372833,0.484918,69.287148,4.998779
prototype,47.653132,-122.306114,2025-03-10 19:37:04,4.365966,0.467838,69.668976,4.998779
prototype,47.653132,-122.306114,2025-03-10 19:37:12,4.371467,0.463053,69.096153,4.998779
prototype,47.653132,-122.306114,2025-03-10 19:37:20,4.368737,0.459946,69.191711,4.998779
prototype,47.653132,-122.306114,2025-03-10 19:37:28,4.367332,0.443732,69.191490,4.998779
prototype,47.653132,-122.306114,2025-03-10 19:37:36,4.364603,0.437345,69.573364,4.998779
prototype,47.653132,-122.306114,2025-03-10 19:37:44,4.364603,0.435178,69.287094,4.998779
prototype,47.653132,-122.306114,2025-03-10 19:37:52,4.364651,0.428106,69.573586,4.998779
prototype,47.653132,-122.306114,2025-03-10 19:38:00,4.367330,0.423139,69.478088,4.998779
prototype,47.653132,-122.306114,2025-03-10 19:38:08,4.370022,0.430427,69.000549,4.998779
prototype,47.653132,-122.306114,2025-03-10 19:38:16,4.370101,0.431302,69.478088,4.998779
prototype,47.653132,-122.306114,2025-03-10 19:38:24,4.371468,0.435166,69.669029,4.998779
prototype,47.653132,-122.306114,2025-03-10 19:38:32,4.375566,0.446544,69.478027,4.998779
prototype,47.653132,-122.306114,2025-03-10 19:38:40,4.374244,0.449243,68.905052,4.998779
prototype,47.653132,-122.306114,2025-03-10 19:38:48,4.375566,0.451189,69.478088,4.998779
prototype,47.653132,-122.306114,2025-03-10 19:38:56,4.372834,0.460596,69.096153,4.998779
prototype,47.653132,-122.306114,2025-03-10 19:39:12,4.378304,0.473056,69.287033,4.998779
prototype,47.653132,-122.306114,2025-03-10 19:39:20,4.376935,0.478614,69.858635,4.998779
prototype,47.653132,-122.306114,2025-03-10 19:39:28,4.375610,0.472423,69.573586,4.998779
prototype,47.653132,-122.306114,2025-03-10 19:39:36,4.364563,0.451032,69.287155,4.998779
prototype,47.653132,-122.306114,2025-03-10 19:39:44,4.370060,0.444778,69.478088,4.998779
prototype,47.653132,-122.306114,2025-03-10 19:39:52,4.372833,0.448318,69.382645,4.998779
prototype,47.653132,-122.306114,2025-03-10 19:40:00,4.374199,0.447666,69.287048,4.998779
prototype,47.653132,-122.306114,2025-03-10 19:40:08,4.370103,0.447867,69.382431,4.998779
prototype,47.653132,-122.306114,2025-03-10 19:40:16,4.370148,0.441806,69.669029,4.998779
prototype,47.653132,-122.306114,2025-03-10 19:40:24,4.363199,0.424900,69.382652,4.998779
prototype,47.653132,-122.306114,2025-03-10 19:40:32,4.365966,0.419113,69.191650,4.998779
prototype,47.653132,-122.306114,2025-03-10 19:40:40,4.372833,0.429576,68.809669,4.998779
prototype,47.653132,-122.306114,2025-03-10 19:40:48,4.375566,0.443030,68.809494,4.998779
prototype,47.653132,-122.306114,2025-03-10 19:40:56,4.371468,0.447697,70.430511,4.998779
prototype,47.653132,-122.306114,2025-03-10 19:41:04,4.372833,0.443267,69.478088,4.998779
prototype,47.653132,-122.306114,2025-03-10 19:41:12,4.367330,0.434976,69.191658,4.998779
prototype,47.653132,-122.306114,2025-03-10 19:41:20,4.367330,0.431059,69.478088,4.998779
prototype,47.653132,-122.306114,2025-03-10 19:41:28,4.372834,0.439082,69.478043,4.998779
prototype,47.653132,-122.306114,2025-03-10 19:41:36,4.371469,0.441743,68.809326,4.998779
prototype,47.653132,-122.306114,2025-03-10 19:41:44,4.371467,0.433228,69.191650,4.998779
prototype,47.653132,-122.306114,2025-03-10 19:41:52,4.368697,0.430871,69.096153,4.998779
prototype,47.653132,-122.306114,2025-03-10 19:42:00,4.367333,0.429994,69.191605,4.998779
prototype,47.653132,-122.306114,2025-03-10 19:42:08,4.367373,0.426783,69.191658,4.998779
prototype,47.653132,-122.306114,2025-03-10 19:42:16,4.368696,0.421265,69.287148,4.998779
prototype,47.653132,-122.306114,2025-03-10 19:42:24,4.370060,0.426132,69.287148,4.998779
prototype,47.653132,-122.306114,2025-03-10 19:42:32,4.375566,0.438218,69.096214,4.998779
prototype,47.653132,-122.306114,2025-03-10 19:42:40,4.371468,0.443933,69.287041,4.998779
prototype,47.653132,-122.306114,2025-03-10 19:42:48,4.374200,0.439803,69.478088,4.998779
prototype,47.653132,-122.306114,2025-03-10 19:42:56,4.370101,0.438438,69.382545,4.998779
prototype,47.653132,-122.306114,2025-03-10 19:43:04,4.368738,0.424038,69.191666,4.998779
prototype,47.653132,-122.306114,2025-03-10 19:43:12,4.364607,0.414074,69.382530,4.998779
prototype,47.653132,-122.306114,2025-03-10 19:43:20,4.361883,0.403892,69.191544,4.998779
prototype,47.653132,-122.306114,2025-03-10 19:43:28,4.365967,0.406746,69.382652,4.998779
prototype,47.653132,-122.306114,2025-03-10 19:43:36,4.372792,0.423141,69.287033,4.998779
prototype,47.653132,-122.306114,2025-03-10 19:43:44,4.371514,0.438427,69.382591,4.998779
prototype,47.653132,-122.306114,2025-03-10 19:43:52,4.371467,0.443034,69.478104,4.998779
prototype,47.653132,-122.306114,2025-03-10 19:44:00,4.371468,0.439323,69.764481,4.998779
prototype,47.653132,-122.306114,2025-03-10 19:44:08,4.366014,0.425403,69.000664,4.998779
prototype,47.653132,-122.306114,2025-03-10 19:44:16,4.365967,0.413840,69.477867,4.998779
prototype,47.653132,-122.306114,2025-03-10 19:44:24,4.367330,0.424409,69.478149,4.998779
prototype,47.653132,-122.306114,2025-03-10 19:44:32,4.372833,0.433875,69.478088,4.998779
prototype,47.653132,-122.306114,2025-03-10 19:44:40,4.368740,0.429392,69.478043,4.998779
prototype,47.653132,-122.306114,2025-03-10 19:44:48,4.365966,0.420185,68.714005,4.998779
prototype,47.653132,-122.306114,2025-03-10 19:44:56,4.364607,0.403543,69.382591,4.998779
prototype,47.653132,-122.306114,2025-03-10 19:45:04,4.365966,0.396464,69.191650,4.998779
prototype,47.653132,-122.306114,2025-03-10 19:45:12,4.366010,0.400586,69.287155,4.998779
prototype,47.653132,-122.306114,2025-03-10 19:45:20,4.364603,0.393818,68.905106,4.998779
prototype,47.653132,-122.306114,2025-03-10 19:45:28,4.361835,0.388955,69.478088,4.998779
prototype,47.653132,-122.306114,2025-03-10 19:45:36,4.360476,0.387336,69.287155,4.998779
prototype,47.653132,-122.306114,2025-03-10 19:45:44,4.368738,0.399109,69.573425,4.998779
prototype,47.653132,-122.306114,2025-03-10 19:45:52,4.371468,0.411945,69.287155,4.998779
prototype,47.653132,-122.306114,2025-03-10 19:46:00,4.375610,0.424422,69.191544,4.998779
prototype,47.653132,-122.306114,2025-03-10 19:46:08,4.372833,0.433439,69.573471,4.998779
prototype,47.653132,-122.306114,2025-03-10 19:46:24,4.371468,0.434112,69.478043,4.998779
prototype,47.653132,-122.306114,2025-03-10 19:46:32,4.370103,0.432597,69.191605,4.998779
prototype,47.653132,-122.306114,2025-03-10 19:46:49,4.370060,0.426844,69.000488,4.998779
prototype,47.653132,-122.306114,2025-03-10 19:46:57,4.368693,0.424414,69.478088,4.998779
prototype,47.653132,-122.306114,2025-03-10 19:47:05,4.376935,0.434744,69.191711,4.998779
prototype,47.653132,-122.306114,2025-03-10 19:47:13,4.375566,0.437653,69.191658,4.998779
prototype,47.653132,-122.306114,2025-03-10 19:47:29,4.370101,0.439078,69.478088,4.998779
prototype,47.653132,-122.306114,2025-03-10 19:47:37,4.374200,0.439106,68.904541,4.998779
prototype,47.653132,-122.306114,2025-03-10 19:47:45,4.372833,0.436471,69.287155,4.998779
prototype,47.653132,-122.306114,2025-03-10 19:48:01,4.372792,0.438649,68.713890,4.998779
prototype,47.653132,-122.306114,2025-03-10 19:48:09,4.367374,0.434328,69.382538,4.998779
prototype,47.653132,-122.306114,2025-03-10 19:48:17,4.363243,0.417020,69.191650,4.998779
prototype,47.653132,-122.306114,2025-03-10 19:48:33,4.371427,0.432577,69.669029,4.998779
prototype,47.653132,-122.306114,2025-03-10 19:48:41,4.368740,0.430009,69.287148,4.998779
prototype,47.653132,-122.306114,2025-03-10 19:48:49,4.368693,0.427432,69.478088,4.998779
prototype,47.653132,-122.306114,2025-03-10 19:48:57,4.372833,0.427635,69.191544,4.998779
prototype,47.653132,-122.306114,2025-03-10 19:49:05,4.368738,0.428495,69.191605,4.998779
prototype,47.653132,-122.306114,2025-03-10 19:49:13,4.372836,0.433219,69.191650,4.998779
prototype,47.653132,-122.306114,2025-03-10 19:49:21,4.371468,0.441076,69.191322,4.998779
prototype,47.653132,-122.306114,2025-03-10 19:49:29,4.374200,0.436933,68.905167,4.998779
prototype,47.653132,-122.306114,2025-03-10 19:49:37,4.370060,0.437787,69.382599,4.998779
prototype,47.653132,-122.306114,2025-03-10 19:49:45,4.374200,0.443457,69.096153,4.998779
prototype,47.653132,-122.306114,2025-03-10 19:49:53,4.375610,0.448320,69.478043,4.998779
prototype,47.653132,-122.306114,2025-03-10 19:50:01,4.372834,0.449230,69.096161,4.998779
prototype,47.653132,-122.306114,2025-03-10 19:50:09,4.371467,0.440209,69.478043,4.998779
prototype,47.653132,-122.306114,2025-03-10 19:50:17,4.368697,0.432832,69.573593,4.998779
prototype,47.653132,-122.306114,2025-03-10 19:50:25,4.371470,0.431297,69.191605,4.998779
prototype,47.653132,-122.306114,2025-03-10 19:50:33,4.372834,0.437573,69.191544,4.998779
prototype,47.653132,-122.306114,2025-03-10 19:50:41,4.371514,0.438228,69.096214,4.998779
prototype,47.653132,-122.306114,2025-03-10 19:50:49,4.375566,0.448751,69.287041,4.998779
prototype,47.653132,-122.306114,2025-03-10 19:50:57,4.374203,0.450189,69.382591,4.998779
prototype,47.653132,-122.306114,2025-03-10 19:51:13,4.370101,0.430881,69.096214,4.998779
prototype,47.653132,-122.306114,2025-03-10 19:51:21,4.368737,0.422958,69.191711,4.998779
prototype,47.653132,-122.306114,2025-03-10 19:51:37,4.367330,0.410280,69.000656,4.998779
prototype,47.653132,-122.306114,2025-03-10 19:51:45,4.363240,0.407178,69.287094,4.998779
prototype,47.653132,-122.306114,2025-03-10 19:51:53,4.365966,0.412574,69.191711,4.998779
prototype,47.653132,-122.306114,2025-03-10 19:52:01,4.372833,0.419747,69.478043,4.998779
prototype,47.653132,-122.306114,2025-03-10 19:52:09,4.374244,0.426146,69.382484,4.998779
prototype,47.653132,-122.306114,2025-03-10 19:52:17,4.368693,0.416394,69.000717,4.998779
prototype,47.653132,-122.306114,2025-03-10 19:52:25,4.371468,0.423144,69.478096,4.998779
prototype,47.653132,-122.306114,2025-03-10 19:52:33,4.371427,0.430000,69.096214,4.998779
prototype,47.653132,-122.306114,2025-03-10 19:52:49,4.363199,0.405499,69.096153,4.998779
prototype,47.653132,-122.306114,2025-03-10 19:52:57,4.365970,0.406127,69.573196,4.998779
prototype,47.653132,-122.306114,2025-03-10 19:53:05,4.370101,0.413415,69.382652,4.998779
prototype,47.653132,-122.306114,2025-03-10 19:53:13,4.368738,0.419329,69.573532,4.998779
prototype,47.653132,-122.306114,2025-03-10 19:53:29,4.375610,0.422552,69.382652,4.998779
prototype,47.653132,-122.306114,2025-03-10 19:53:45,4.363240,0.407803,69.191429,4.998779
prototype,47.653132,-122.306114,2025-03-10 19:53:53,4.367330,0.410725,68.905167,4.998779
prototype,47.653132,-122.306114,2025-03-10 19:54:01,4.368693,0.408608,69.573532,4.998779
prototype,47.653132,-122.306114,2025-03-10 19:54:09,4.374199,0.413627,69.096100,4.998779
prototype,47.653132,-122.306114,2025-03-10 19:54:17,4.374244,0.425931,69.191650,4.998779
prototype,47.653132,-122.306114,2025-03-10 19:54:25,4.370104,0.425294,69.573532,4.998779
prototype,47.653132,-122.306114,2025-03-10 19:54:33,4.368693,0.427409,69.287209,4.998779
prototype,47.653132,-122.306114,2025-03-10 19:54:41,4.371467,0.430411,69.096100,4.998779
prototype,47.653132,-122.306114,2025-03-10 19:54:49,4.371468,0.436468,69.000603,4.998779
prototype,47.653132,-122.306114,2025-03-10 19:54:57,4.370060,0.437827,68.905106,4.998779
prototype,47.653132,-122.306114,2025-03-10 19:55:05,4.370104,0.427000,69.382652,4.998779
prototype,47.653132,-122.306114,2025-03-10 19:55:13,4.368696,0.423803,68.905052,4.998779
prototype,47.653132,-122.306114,2025-03-10 19:55:21,4.368737,0.421300,69.478096,4.998779
prototype,47.653132,-122.306114,2025-03-10 19:55:29,4.361879,0.400400,68.905052,4.998779
prototype,47.653132,-122.306114,2025-03-10 19:55:37,4.361835,0.389364,69.191605,4.998779
prototype,47.653132,-122.306114,2025-03-10 19:55:45,4.367330,0.397063,69.191650,4.998779
prototype,47.653132,-122.306114,2025-03-10 19:55:53,4.376979,0.416790,69.191711,4.998779
prototype,47.653132,-122.306114,2025-03-10 19:56:01,4.376976,0.428705,69.191605,4.998779
prototype,47.653132,-122.306114,2025-03-10 19:56:17,4.371467,0.427008,69.287041,4.998779
prototype,47.653132,-122.306114,2025-03-10 19:56:25,4.365967,0.415366,69.287155,4.998779
prototype,47.653132,-122.306114,2025-03-10 19:56:33,4.364604,0.401567,69.000717,4.998779
prototype,47.653132,-122.306114,2025-03-10 19:56:41,4.367330,0.403434,69.287094,4.998779
prototype,47.653132,-122.306114,2025-03-10 19:56:49,4.368693,0.411524,69.286987,4.998779
prototype,47.653132,-122.306114,2025-03-10 19:57:05,4.368737,0.414687,69.287048,4.998779
prototype,47.653132,-122.306114,2025-03-10 19:57:13,4.370101,0.409691,69.191605,4.998779
prototype,47.653132,-122.306114,2025-03-10 19:57:21,4.370101,0.406952,69.000381,4.998779
prototype,47.653132,-122.306114,2025-03-10 19:57:29,4.371468,0.415522,68.809662,4.998779
prototype,47.653132,-122.306114,2025-03-10 19:57:37,4.367330,0.409688,69.478088,4.998779
prototype,47.653132,-122.306114,2025-03-10 19:57:45,4.364603,0.402478,69.287094,4.998779
prototype,47.653132,-122.306114,2025-03-10 19:57:53,4.365967,0.393592,69.191658,4.998779
prototype,47.653132,-122.306114,2025-03-10 19:58:01,4.360523,0.380753,69.191605,4.998779
prototype,47.653132,-122.306114,2025-03-10 19:58:09,4.357800,0.363284,69.668968,4.998779
prototype,47.653132,-122.306114,2025-03-10 19:58:17,4.364603,0.373988,69.000488,4.998779
prototype,47.653132,-122.306114,2025-03-10 19:58:25,4.371426,0.388538,69.096100,4.998779
prototype,47.653132,-122.306114,2025-03-10 19:58:33,4.370101,0.392577,69.287094,4.998779
prototype,47.653132,-122.306114,2025-03-10 19:58:41,4.368738,0.402191,69.287094,4.998779
prototype,47.653132,-122.306114,2025-03-10 19:58:49,4.368738,0.403852,69.191658,4.998779
prototype,47.653132,-122.306114,2025-03-10 19:58:57,4.367374,0.401172,69.287094,4.998779
prototype,47.653132,-122.306114,2025-03-10 19:59:05,4.372834,0.406737,69.000717,4.998779
prototype,47.653132,-122.306114,2025-03-10 19:59:13,4.375569,0.420375,69.573586,4.998779
prototype,47.653132,-122.306114,2025-03-10 19:59:21,4.375566,0.429348,69.287209,4.998779
prototype,47.653132,-122.306114,2025-03-10 19:59:29,4.376976,0.437795,69.096214,4.998779
prototype,47.653132,-122.306114,2025-03-10 19:59:37,4.374200,0.445234,69.191605,4.998779
prototype,47.653132,-122.306114,2025-03-10 19:59:45,4.371467,0.436726,69.191544,4.998779
prototype,47.653132,-122.306114,2025-03-10 19:59:53,4.372792,0.433878,69.382492,4.998779
prototype,47.653132,-122.306114,2025-03-10 20:00:01,4.372833,0.436266,70.144577,4.998779
prototype,47.653132,-122.306114,2025-03-10 20:00:09,4.371467,0.437579,69.096153,4.998779
prototype,47.653132,-122.306114,2025-03-10 20:00:17,4.372833,0.431522,68.713997,4.998779
prototype,47.653132,-122.306114,2025-03-10 20:00:25,4.374158,0.433671,69.096153,4.998779
prototype,47.653132,-122.306114,2025-03-10 20:00:33,4.372792,0.437360,69.191650,4.998779
prototype,47.653132,-122.306114,2025-03-10 20:00:41,4.375610,0.446322,69.287148,4.998779
prototype,47.653132,-122.306114,2025-03-10 20:00:49,4.371469,0.440862,69.287148,4.998779
prototype,47.653132,-122.306114,2025-03-10 20:00:57,4.368693,0.436477,69.000046,4.998779
prototype,47.653132,-122.306114,2025-03-10 20:01:05,4.374200,0.436046,69.287155,4.998779
prototype,47.653132,-122.306114,2025-03-10 20:01:13,4.378345,0.445691,69.382545,4.998779
prototype,47.653132,-122.306114,2025-03-10 20:01:21,4.376935,0.449422,69.287094,4.998779
prototype,47.653132,-122.306114,2025-03-10 20:01:29,4.374200,0.445435,69.191650,4.998779
prototype,47.653132,-122.306114,2025-03-10 20:01:37,4.372833,0.447209,69.000717,4.998779
prototype,47.653132,-122.306114,2025-03-10 20:01:45,4.374199,0.451191,69.000443,4.998779
prototype,47.653132,-122.306114,2025-03-10 20:01:53,4.374199,0.445728,69.191650,4.998779
prototype,47.653132,-122.306114,2025-03-10 20:02:01,4.365967,0.425794,69.000656,4.998779
prototype,47.653132,-122.306114,2025-03-10 20:02:09,4.365926,0.407991,69.573364,4.998779
prototype,47.653132,-122.306114,2025-03-10 20:02:17,4.370063,0.412371,69.668861,4.998779
prototype,47.653132,-122.306114,2025-03-10 20:02:25,4.372833,0.422927,69.287155,4.998779
prototype,47.653132,-122.306114,2025-03-10 20:02:33,4.367373,0.413089,69.000603,4.998779
prototype,47.653132,-122.306114,2025-03-10 20:02:41,4.367330,0.402222,69.287148,4.998779
prototype,47.653132,-122.306114,2025-03-10 20:02:57,4.356355,0.370683,69.287209,4.998779
prototype,47.653132,-122.306114,2025-03-10 20:03:13,4.361838,0.371056,68.904999,4.998779
prototype,47.653132,-122.306114,2025-03-10 20:03:21,4.367330,0.383112,69.191650,4.998779
prototype,47.653132,-122.306114,2025-03-10 20:03:29,4.370101,0.388151,68.809547,4.998779
prototype,47.653132,-122.306114,2025-03-10 20:03:37,4.367374,0.392784,69.096153,4.998779
prototype,47.653132,-122.306114,2025-03-10 20:03:45,4.365967,0.395229,69.096214,4.998779
prototype,47.653132,-122.306114,2025-03-10 20:03:53,4.367330,0.398293,69.000496,4.998779
prototype,47.653132,-122.306114,2025-03-10 20:04:01,4.368693,0.392576,69.000664,4.998779
prototype,47.653132,-122.306114,2025-03-10 20:04:09,4.368693,0.394820,69.287155,4.998779
prototype,47.653132,-122.306114,2025-03-10 20:04:17,4.371467,0.405913,69.191605,4.998779
prototype,47.653132,-122.306114,2025-03-10 20:04:25,4.372878,0.411988,68.714058,4.998779
prototype,47.653132,-122.306114,2025-03-10 20:04:33,4.364603,0.396076,69.000717,4.998779
prototype,47.653132,-122.306114,2025-03-10 20:04:41,4.367330,0.394017,69.191711,4.998779
prototype,47.653132,-122.306114,2025-03-10 20:04:49,4.368738,0.392801,69.096214,4.998779
prototype,47.653132,-122.306114,2025-03-10 20:04:57,4.370101,0.399728,69.287148,4.998779
prototype,47.653132,-122.306114,2025-03-10 20:05:05,4.372833,0.409037,69.478088,4.998779
prototype,47.653132,-122.306114,2025-03-10 20:05:13,4.370060,0.416988,69.096107,4.998779
prototype,47.653132,-122.306114,2025-03-10 20:05:21,4.372792,0.419784,69.668968,4.998779
prototype,47.653132,-122.306114,2025-03-10 20:05:29,4.371514,0.416270,69.096107,4.998779
prototype,47.653132,-122.306114,2025-03-10 20:05:37,4.364607,0.398753,69.096161,4.998779
prototype,47.653132,-122.306114,2025-03-10 20:05:45,4.365967,0.383723,68.905106,4.998779
prototype,47.653132,-122.306114,2025-03-10 20:05:53,4.363240,0.386320,69.191605,4.998779
prototype,47.653132,-122.306114,2025-03-10 20:06:09,4.368693,0.400545,69.191650,4.998779
prototype,47.653132,-122.306114,2025-03-10 20:06:17,4.364603,0.390587,69.000656,4.998779
prototype,47.653132,-122.306114,2025-03-10 20:06:25,4.367330,0.393612,69.000717,4.998779
prototype,47.653132,-122.306114,2025-03-10 20:06:33,4.361839,0.388998,69.000717,4.998779
prototype,47.653132,-122.306114,2025-03-10 20:06:41,4.367330,0.389744,69.096161,4.998779
prototype,47.653132,-122.306114,2025-03-10 20:06:49,4.371426,0.401160,69.000488,4.998779
prototype,47.653132,-122.306114,2025-03-10 20:06:57,4.372834,0.415523,69.000595,4.998779
prototype,47.653132,-122.306114,2025-03-10 20:07:05,4.371470,0.419754,69.573257,4.998779
prototype,47.653132,-122.306114,2025-03-10 20:07:13,4.371467,0.425487,69.000603,4.998779
prototype,47.653132,-122.306114,2025-03-10 20:07:21,4.374200,0.419177,69.191711,4.998779
prototype,47.653132,-122.306114,2025-03-10 20:07:29,4.365967,0.405787,69.096214,4.998779
prototype,47.653132,-122.306114,2025-03-10 20:07:45,4.375566,0.415100,69.382530,4.998779
prototype,47.653132,-122.306114,2025-03-10 20:07:53,4.376935,0.432144,69.287155,4.998779
prototype,47.653132,-122.306114,2025-03-10 20:08:01,4.381084,0.446986,69.000549,4.998779
prototype,47.653132,-122.306114,2025-03-10 20:08:09,4.376976,0.448126,69.573425,4.998779
prototype,47.653132,-122.306114,2025-03-10 20:08:17,4.372833,0.441771,69.096214,4.998779
prototype,47.653132,-122.306114,2025-03-10 20:08:25,4.375566,0.438655,69.858917,4.998779
prototype,47.653132,-122.306114,2025-03-10 20:08:33,4.372833,0.434598,69.191711,4.998779
prototype,47.653132,-122.306114,2025-03-10 20:08:41,4.370060,0.411595,68.905220,4.998779
prototype,47.653132,-122.306114,2025-03-10 20:08:49,4.363240,0.397705,69.000549,4.998779
prototype,47.653132,-122.306114,2025-03-10 20:08:58,4.357800,0.374055,68.618500,4.998779
prototype,47.653132,-122.306114,2025-03-10 20:09:06,4.363199,0.381314,68.904999,4.998779
prototype,47.653132,-122.306114,2025-03-10 20:09:22,4.361879,0.369294,69.382706,4.998779
prototype,47.653132,-122.306114,2025-03-10 20:09:30,4.366010,0.371866,68.904938,4.998779
prototype,47.653132,-122.306114,2025-03-10 20:09:38,4.360476,0.360218,68.618561,4.998779
prototype,47.653132,-122.306114,2025-03-10 20:09:46,4.365970,0.373599,69.287155,4.998779
prototype,47.653132,-122.306114,2025-03-10 20:09:54,4.374199,0.393395,69.287148,4.998779
prototype,47.653132,-122.306114,2025-03-10 20:10:02,4.375566,0.405713,69.000603,4.998779
prototype,47.653132,-122.306114,2025-03-10 20:10:10,4.376976,0.416170,69.000656,4.998779
prototype,47.653132,-122.306114,2025-03-10 20:10:18,4.374203,0.423154,69.478096,4.998779
prototype,47.653132,-122.306114,2025-03-10 20:10:26,4.374200,0.418917,68.905052,4.998779
prototype,47.653132,-122.306114,2025-03-10 20:10:34,4.368693,0.410310,69.000488,4.998779
prototype,47.653132,-122.306114,2025-03-10 20:10:42,4.365929,0.407192,69.096153,4.998779
prototype,47.653132,-122.306114,2025-03-10 20:10:50,4.364603,0.393680,69.382591,4.998779
prototype,47.653132,-122.306114,2025-03-10 20:10:58,4.359118,0.385528,69.096100,4.998779
prototype,47.653132,-122.306114,2025-03-10 20:11:06,4.363243,0.384160,69.478088,4.998779
prototype,47.653132,-122.306114,2025-03-10 20:11:14,4.359159,0.367811,68.714111,4.998779
prototype,47.653132,-122.306114,2025-03-10 20:11:22,4.355038,0.344920,69.096214,4.998779
prototype,47.653132,-122.306114,2025-03-10 20:11:30,4.354995,0.339090,69.096046,4.998779
prototype,47.653132,-122.306114,2025-03-10 20:11:38,4.356355,0.338131,69.096046,4.998779
prototype,47.653132,-122.306114,2025-03-10 20:11:46,4.360479,0.350653,69.095985,4.998779
prototype,47.653132,-122.306114,2025-03-10 20:12:02,4.363240,0.365781,69.382706,4.998779
prototype,47.653132,-122.306114,2025-03-10 20:12:10,4.368697,0.373012,69.191711,4.998779
prototype,47.653132,-122.306114,2025-03-10 20:12:18,4.363290,0.369873,69.000443,4.998779
prototype,47.653132,-122.306114,2025-03-10 20:12:26,4.363240,0.377742,68.905167,4.998779
prototype,47.653132,-122.306114,2025-03-10 20:12:34,4.364603,0.376384,69.096100,4.998779
prototype,47.653132,-122.306114,2025-03-10 20:12:42,4.368693,0.384510,69.287094,4.998779
prototype,47.653132,-122.306114,2025-03-10 20:12:50,4.372833,0.398096,68.427399,4.998779
prototype,47.653132,-122.306114,2025-03-10 20:12:58,4.368738,0.403224,69.000557,4.998779
prototype,47.653132,-122.306114,2025-03-10 20:13:06,4.367330,0.396088,69.191711,4.998779
prototype,47.653132,-122.306114,2025-03-10 20:13:23,4.370103,0.393395,69.191711,4.998779
prototype,47.653132,-122.306114,2025-03-10 20:13:31,4.372834,0.404677,69.382591,4.998779
prototype,47.653132,-122.306114,2025-03-10 20:13:39,4.374200,0.415117,69.000656,4.998779
prototype,47.653132,-122.306114,2025-03-10 20:13:55,4.375566,0.432816,68.905167,4.998779
prototype,47.653132,-122.306114,2025-03-10 20:14:11,4.372833,0.423386,69.000664,4.998779
prototype,47.653132,-122.306114,2025-03-10 20:14:19,4.364654,0.404587,69.096107,4.998779
prototype,47.653132,-122.306114,2025-03-10 20:14:27,4.359115,0.384924,69.287155,4.998779
prototype,47.653132,-122.306114,2025-03-10 20:14:35,4.360479,0.377945,69.096153,4.998779
prototype,47.653132,-122.306114,2025-03-10 20:14:43,4.357756,0.372089,69.478096,4.998779
prototype,47.653132,-122.306114,2025-03-10 20:14:51,4.361835,0.365030,69.096153,4.998779
prototype,47.653132,-122.306114,2025-03-10 20:14:59,4.359116,0.363110,69.000656,4.998779
prototype,47.653132,-122.306114,2025-03-10 20:15:07,4.361835,0.358073,69.191605,4.998779
prototype,47.653132,-122.306114,2025-03-10 20:15:15,4.367330,0.374381,69.191658,4.998779
prototype,47.653132,-122.306114,2025-03-10 20:15:23,4.366010,0.376580,69.382423,4.998779
prototype,47.653132,-122.306114,2025-03-10 20:15:31,4.367330,0.376755,69.287155,4.998779
prototype,47.653132,-122.306114,2025-03-10 20:15:39,4.368659,0.384114,69.000557,4.998779
prototype,47.653132,-122.306114,2025-03-10 20:15:47,4.365967,0.385523,69.096153,4.998779
prototype,47.653132,-122.306114,2025-03-10 20:15:55,4.364606,0.384528,68.809662,4.998779
prototype,47.653132,-122.306114,2025-03-10 20:16:03,4.368693,0.393590,68.809662,4.998779
prototype,47.653132,-122.306114,2025-03-10 20:16:11,4.370103,0.397699,68.809608,4.998779
prototype,47.653132,-122.306114,2025-03-10 20:16:19,4.368696,0.397057,69.382591,4.998779
prototype,47.653132,-122.306114,2025-03-10 20:16:27,4.371468,0.402397,68.905045,4.998779
prototype,47.653132,-122.306114,2025-03-10 20:16:35,4.372834,0.409660,69.000656,4.998779
prototype,47.653132,-122.306114,2025-03-10 20:16:43,4.372833,0.410135,68.905106,4.998779
prototype,47.653132,-122.306114,2025-03-10 20:16:59,4.368696,0.411143,69.287155,4.998779
prototype,47.653132,-122.306114,2025-03-10 20:17:07,4.371426,0.416777,69.096153,4.998779
prototype,47.653132,-122.306114,2025-03-10 20:17:15,4.372833,0.424661,69.287155,4.998779
prototype,47.653132,-122.306114,2025-03-10 20:17:23,4.371467,0.429561,68.905159,4.998779
prototype,47.653132,-122.306114,2025-03-10 20:17:31,4.375566,0.440403,69.096214,4.998779
prototype,47.653132,-122.306114,2025-03-10 20:17:39,4.374200,0.441763,69.191544,4.998779
prototype,47.653132,-122.306114,2025-03-10 20:17:47,4.371468,0.429365,68.905167,4.998779
prototype,47.653132,-122.306114,2025-03-10 20:17:55,4.372833,0.433874,69.096107,4.998779
prototype,47.653132,-122.306114,2025-03-10 20:18:03,4.372834,0.428724,69.191658,4.998779
prototype,47.653132,-122.306114,2025-03-10 20:18:11,4.372878,0.432609,68.714111,4.998779
prototype,47.653132,-122.306114,2025-03-10 20:18:19,4.368693,0.430211,69.287209,4.998779
prototype,47.653132,-122.306114,2025-03-10 20:18:27,4.372792,0.427428,69.478088,4.998779
prototype,47.653132,-122.306114,2025-03-10 20:18:35,4.372833,0.431723,68.905159,4.998779
prototype,47.653132,-122.306114,2025-03-10 20:18:43,4.366010,0.416401,69.287155,4.998779
prototype,47.653132,-122.306114,2025-03-10 20:18:51,4.365970,0.413628,69.000656,4.998779
prototype,47.653132,-122.306114,2025-03-10 20:18:59,4.371426,0.419323,69.478043,4.998779
prototype,47.653132,-122.306114,2025-03-10 20:19:07,4.374162,0.427420,69.287094,4.998779
prototype,47.653132,-122.306114,2025-03-10 20:19:15,4.375566,0.435177,69.000656,4.998779
prototype,47.653132,-122.306114,2025-03-10 20:19:23,4.375613,0.440226,68.714111,4.998779
prototype,47.653132,-122.306114,2025-03-10 20:19:31,4.370063,0.430014,69.096100,4.998779
prototype,47.653132,-122.306114,2025-03-10 20:19:39,4.366014,0.411830,69.191544,4.998779
prototype,47.653132,-122.306114,2025-03-10 20:19:47,4.361839,0.389580,69.000717,4.998779
prototype,47.653132,-122.306114,2025-03-10 20:20:03,4.372792,0.403013,69.000603,4.998779
prototype,47.653132,-122.306114,2025-03-10 20:20:19,4.374158,0.416996,69.000717,4.998779
prototype,47.653132,-122.306114,2025-03-10 20:20:27,4.372833,0.418090,69.000549,4.998779
prototype,47.653132,-122.306114,2025-03-10 20:20:35,4.368693,0.420163,69.287155,4.998779
prototype,47.653132,-122.306114,2025-03-10 20:20:43,4.374162,0.420816,69.382591,4.998779
prototype,47.653132,-122.306114,2025-03-10 20:20:51,4.363290,0.396604,69.477875,4.998779
prototype,47.653132,-122.306114,2025-03-10 20:20:59,4.363199,0.384118,69.096214,4.998779
prototype,47.653132,-122.306114,2025-03-10 20:21:07,4.360476,0.380737,69.096214,4.998779
prototype,47.653132,-122.306114,2025-03-10 20:21:15,4.361880,0.382122,69.382652,4.998779
prototype,47.653132,-122.306114,2025-03-10 20:21:31,4.361839,0.371244,68.618561,4.998779
prototype,47.653132,-122.306114,2025-03-10 20:21:47,4.370252,0.384511,69.000443,4.998779
prototype,47.653132,-122.306114,2025-03-10 20:21:55,4.367290,0.394002,68.714066,4.998779
prototype,47.653132,-122.306114,2025-03-10 20:22:03,4.372833,0.402403,69.096107,4.998779
prototype,47.653132,-122.306114,2025-03-10 20:22:11,4.365967,0.401162,69.478088,4.998779
prototype,47.653132,-122.306114,2025-03-10 20:22:19,4.365967,0.399312,69.382431,4.998779
prototype,47.653132,-122.306114,2025-03-10 20:22:27,4.368693,0.399923,70.049126,4.998779
prototype,47.653132,-122.306114,2025-03-10 20:22:35,4.372834,0.405503,69.287041,4.998779
prototype,47.653132,-122.306114,2025-03-10 20:22:43,4.372833,0.411141,69.191650,4.998779
prototype,47.653132,-122.306114,2025-03-10 20:22:51,4.364650,0.410709,69.382591,4.998779
prototype,47.653132,-122.306114,2025-03-10 20:22:59,4.364604,0.395905,68.905220,4.998779
prototype,47.653132,-122.306114,2025-03-10 20:23:07,4.364603,0.389353,69.095764,4.998779
prototype,47.653132,-122.306114,2025-03-10 20:23:15,4.367290,0.393387,68.714005,4.998779
prototype,47.653132,-122.306114,2025-03-10 20:23:23,4.367330,0.405077,69.573532,4.998779
prototype,47.653132,-122.306114,2025-03-10 20:23:31,4.368693,0.400573,69.096107,4.998779
prototype,47.653132,-122.306114,2025-03-10 20:23:39,4.370103,0.402200,69.096046,4.998779
prototype,47.653132,-122.306114,2025-03-10 20:23:47,4.371467,0.409441,69.287209,4.998779
prototype,47.653132,-122.306114,2025-03-10 20:23:55,4.368738,0.413640,69.000557,4.998779
prototype,47.653132,-122.306114,2025-03-10 20:24:03,4.374199,0.417641,68.905167,4.998779
prototype,47.653132,-122.306114,2025-03-10 20:24:11,4.370101,0.414547,69.096214,4.998779
prototype,47.653132,-122.306114,2025-03-10 20:24:19,4.363199,0.391571,69.000717,4.998779
prototype,47.653132,-122.306114,2025-03-10 20:24:27,4.371468,0.404047,69.191711,4.998779
prototype,47.653132,-122.306114,2025-03-10 20:24:35,4.370060,0.414885,68.905052,4.998779
prototype,47.653132,-122.306114,2025-03-10 20:24:43,4.371467,0.424872,69.096100,4.998779
prototype,47.653132,-122.306114,2025-03-10 20:24:51,4.370101,0.424662,69.096161,4.998779
prototype,47.653132,-122.306114,2025-03-10 20:24:59,4.374200,0.430211,69.477707,4.998779
prototype,47.653132,-122.306114,2025-03-10 20:25:07,4.371467,0.427030,68.809669,4.998779
prototype,47.653132,-122.306114,2025-03-10 20:25:15,4.367374,0.413499,68.714005,4.998779
prototype,47.653132,-122.306114,2025-03-10 20:25:23,4.364563,0.398701,69.096214,4.998779
prototype,47.653132,-122.306114,2025-03-10 20:25:31,4.359116,0.389606,69.287148,4.998779
prototype,47.653132,-122.306114,2025-03-10 20:25:39,4.361883,0.380725,69.191605,4.998779
prototype,47.653132,-122.306114,2025-03-10 20:25:47,4.372833,0.392175,69.000717,4.998779
prototype,47.653132,-122.306114,2025-03-10 20:25:55,4.368738,0.396865,68.905167,4.998779
prototype,47.653132,-122.306114,2025-03-10 20:26:03,4.371467,0.402813,69.382492,4.998779
prototype,47.653132,-122.306114,2025-03-10 20:26:11,4.368738,0.401829,68.809494,4.998779
prototype,47.653132,-122.306114,2025-03-10 20:26:19,4.363287,0.385563,69.096214,4.998779
prototype,47.653132,-122.306114,2025-03-10 20:26:27,4.360523,0.380945,70.145355,4.998779
prototype,47.653132,-122.306114,2025-03-10 20:26:35,4.356395,0.363550,69.191597,4.998779
prototype,47.653132,-122.306114,2025-03-10 20:26:43,4.356395,0.353706,69.287041,4.998779
prototype,47.653132,-122.306114,2025-03-10 20:26:51,4.356395,0.347845,68.905052,4.998779
prototype,47.653132,-122.306114,2025-03-10 20:26:59,4.357756,0.343339,68.905052,4.998779
prototype,47.653132,-122.306114,2025-03-10 20:27:07,4.360520,0.353496,68.905167,4.998779
prototype,47.653132,-122.306114,2025-03-10 20:27:15,4.360475,0.364051,69.191605,4.998779
prototype,47.653132,-122.306114,2025-03-10 20:27:23,4.365929,0.376351,68.904938,4.998779
prototype,47.653132,-122.306114,2025-03-10 20:27:31,4.370101,0.388730,69.382645,4.998779
prototype,47.653132,-122.306114,2025-03-10 20:27:39,4.371467,0.395836,69.191544,4.998779
prototype,47.653132,-122.306114,2025-03-10 20:27:47,4.364603,0.389792,69.287094,4.998779
prototype,47.653132,-122.306114,2025-03-10 20:27:55,4.360519,0.377163,69.095993,4.998779
dummy,69.420,13.37,2025-03-10 20:28:01
prototype,47.653132,-122.306114,2025-03-10 20:28:03,4.364647,0.378957,69.096214,4.998779
prototype,47.653132,-122.306114,2025-03-10 20:28:19,4.365967,0.375177,69.000717,4.998779
prototype,47.653132,-122.306114,2025-03-10 20:28:27,4.371426,0.383709,68.809494,4.998779
prototype,47.653132,-122.306114,2025-03-10 20:28:35,4.370101,0.402197,69.000443,4.998779
prototype,47.653132,-122.306114,2025-03-10 20:28:43,4.374199,0.410084,68.905106,4.998779
prototype,47.653132,-122.306114,2025-03-10 20:28:51,4.374199,0.418692,69.287094,4.998779
prototype,47.653132,-122.306114,2025-03-10 20:28:59,4.378390,0.428063,69.000656,4.998779
prototype,47.653132,-122.306114,2025-03-10 20:29:07,4.378345,0.439096,69.096153,4.998779
prototype,47.653132,-122.306114,2025-03-10 20:29:15,4.376976,0.441101,69.287209,4.998779
prototype,47.653132,-122.306114,2025-03-10 20:29:23,4.374199,0.431969,68.809669,4.998779
prototype,47.653132,-122.306114,2025-03-10 20:29:31,4.367373,0.426365,69.191605,4.998779
prototype,47.653132,-122.306114,2025-03-10 20:29:39,4.371467,0.425061,68.905167,4.998779
prototype,47.653132,-122.306114,2025-03-10 20:29:47,4.368693,0.430421,69.096107,4.998779
prototype,47.653132,-122.306114,2025-03-10 20:29:55,4.370101,0.433440,69.191711,4.998779
prototype,47.653132,-122.306114,2025-03-10 20:30:03,4.375569,0.438432,69.000717,4.998779
prototype,47.653132,-122.306114,2025-03-10 20:30:11,4.374200,0.440185,68.809608,4.998779
prototype,47.653132,-122.306114,2025-03-10 20:30:28,4.361835,0.410944,69.191544,4.998779
prototype,47.653132,-122.306114,2025-03-10 20:30:36,4.367377,0.412166,69.000717,4.998779
prototype,47.653132,-122.306114,2025-03-10 20:30:44,4.368738,0.413225,69.000488,4.998779
prototype,47.653132,-122.306114,2025-03-10 20:30:52,4.368696,0.413452,69.000603,4.998779
prototype,47.653132,-122.306114,2025-03-10 20:31:00,4.360519,0.386396,69.096214,4.998779
prototype,47.653132,-122.306114,2025-03-10 20:31:08,4.359162,0.371873,68.714111,4.998779
prototype,47.653132,-122.306114,2025-03-10 20:31:16,4.359116,0.365212,69.287148,4.998779
prototype,47.653132,-122.306114,2025-03-10 20:31:24,4.359115,0.363098,69.000443,4.998779
prototype,47.653132,-122.306114,2025-03-10 20:31:32,4.360435,0.368506,69.191711,4.998779
prototype,47.653132,-122.306114,2025-03-10 20:31:48,4.368693,0.390765,69.096107,4.998779
prototype,47.653132,-122.306114,2025-03-10 20:31:56,4.370101,0.398696,68.809441,4.998779
prototype,47.653132,-122.306114,2025-03-10 20:32:04,4.370060,0.399328,69.000488,4.998779
prototype,47.653132,-122.306114,2025-03-10 20:32:12,4.364607,0.391221,69.668922,4.998779
prototype,47.653132,-122.306114,2025-03-10 20:32:28,4.365926,0.381908,68.809608,4.998779
prototype,47.653132,-122.306114,2025-03-10 20:32:36,4.361883,0.376229,69.096107,4.998779
prototype,47.653132,-122.306114,2025-03-10 20:32:44,4.360479,0.366965,69.000717,4.998779
prototype,47.653132,-122.306114,2025-03-10 20:32:52,4.357800,0.353830,69.191658,4.998779
prototype,47.653132,-122.306114,2025-03-10 20:33:08,4.352240,0.325717,69.096107,4.998779
prototype,47.653132,-122.306114,2025-03-10 20:33:16,4.359081,0.332802,68.904991,4.998779
prototype,47.653132,-122.306114,2025-03-10 20:33:24,4.357800,0.336662,68.809608,4.998779
prototype,47.653132,-122.306114,2025-03-10 20:33:32,4.359116,0.338158,69.287094,4.998779
prototype,47.653132,-122.306114,2025-03-10 20:33:40,4.356395,0.335003,68.905167,4.998779
prototype,47.653132,-122.306114,2025-03-10 20:33:48,4.356395,0.330275,69.382652,4.998779
prototype,47.653132,-122.306114,2025-03-10 20:33:56,4.354995,0.329523,68.618385,4.998779
prototype,47.653132,-122.306114,2025-03-10 20:34:04,4.356395,0.330432,69.287094,4.998779
prototype,47.653132,-122.306114,2025-03-10 20:34:12,4.359159,0.337947,69.191666,4.998779
prototype,47.653132,-122.306114,2025-03-10 20:34:20,4.360476,0.338898,68.905106,4.998779
prototype,47.653132,-122.306114,2025-03-10 20:34:28,4.356355,0.331005,69.096214,4.998779
prototype,47.653132,-122.306114,2025-03-10 20:34:36,4.356395,0.323012,69.096100,4.998779
prototype,47.653132,-122.306114,2025-03-10 20:34:52,4.356395,0.323197,69.858971,4.998779
prototype,47.653132,-122.306114,2025-03-10 20:35:00,4.356395,0.329888,69.000656,4.998779
prototype,47.653132,-122.306114,2025-03-10 20:35:08,4.357755,0.328249,69.096207,4.998779
prototype,47.653132,-122.306114,2025-03-10 20:35:16,4.359116,0.334834,69.287155,4.998779
prototype,47.653132,-122.306114,2025-03-10 20:35:24,4.357755,0.340352,69.000603,4.998779
prototype,47.653132,-122.306114,2025-03-10 20:35:32,4.363199,0.350664,69.096214,4.998779
prototype,47.653132,-122.306114,2025-03-10 20:35:40,4.357756,0.338903,69.382652,4.998779
prototype,47.653132,-122.306114,2025-03-10 20:35:48,4.354995,0.332259,68.905167,4.998779
prototype,47.653132,-122.306114,2025-03-10 20:35:56,4.359115,0.337225,68.809608,4.998779
prototype,47.653132,-122.306114,2025-03-10 20:36:04,4.356395,0.329736,69.096100,4.998779
prototype,47.653132,-122.306114,2025-03-10 20:36:12,4.350923,0.319647,69.096100,4.998779
prototype,47.653132,-122.306114,2025-03-10 20:36:20,4.348212,0.302489,69.287155,4.998779
prototype,47.653132,-122.306114,2025-03-10 20:36:28,4.346814,0.291673,68.426437,4.998779
prototype,47.653132,-122.306114,2025-03-10 20:36:36,4.356395,0.299317,69.000717,4.998779
prototype,47.653132,-122.306114,2025-03-10 20:36:44,4.357715,0.308500,69.191658,4.998779
prototype,47.653132,-122.306114,2025-03-10 20:36:52,4.357755,0.311114,68.809608,4.998779
prototype,47.653132,-122.306114,2025-03-10 20:37:08,4.357715,0.322120,69.382545,4.998779
prototype,47.653132,-122.306114,2025-03-10 20:37:16,4.357755,0.324452,69.096107,4.998779
prototype,47.653132,-122.306114,2025-03-10 20:37:24,4.357755,0.331541,69.096153,4.998779
prototype,47.653132,-122.306114,2025-03-10 20:37:32,4.356399,0.327769,69.096161,4.998779
prototype,47.653132,-122.306114,2025-03-10 20:37:40,4.355038,0.321600,69.096214,4.998779
prototype,47.653132,-122.306114,2025-03-10 20:37:48,4.354995,0.321575,68.905167,4.998779
prototype,47.653132,-122.306114,2025-03-10 20:38:04,4.360476,0.331891,69.382492,4.998779
prototype,47.653132,-122.306114,2025-03-10 20:38:12,4.363243,0.338875,68.905045,4.998779
prototype,47.653132,-122.306114,2025-03-10 20:38:20,4.360479,0.342972,69.191658,4.998779
prototype,47.653132,-122.306114,2025-03-10 20:38:28,4.356395,0.327758,69.478088,4.998779
prototype,47.653132,-122.306114,2025-03-10 20:38:36,4.357755,0.323555,69.191544,4.998779
prototype,47.653132,-122.306114,2025-03-10 20:38:44,4.354995,0.318924,69.000656,4.998779
prototype,47.653132,-122.306114,2025-03-10 20:38:52,4.356395,0.308171,68.905106,4.998779
prototype,47.653132,-122.306114,2025-03-10 20:39:00,4.355038,0.304674,69.000717,4.998779
prototype,47.653132,-122.306114,2025-03-10 20:39:08,4.353637,0.306582,69.382591,4.998779
prototype,47.653132,-122.306114,2025-03-10 20:39:16,4.355038,0.312173,69.096214,4.998779
prototype,47.653132,-122.306114,2025-03-10 20:39:24,4.357755,0.323729,69.096153,4.998779
prototype,47.653132,-122.306114,2025-03-10 20:39:32,4.357755,0.321946,69.191650,4.998779
prototype,47.653132,-122.306114,2025-03-10 20:39:40,4.357756,0.323375,69.287209,4.998779
prototype,47.653132,-122.306114,2025-03-10 20:39:48,4.359118,0.330972,68.809547,4.998779
prototype,47.653132,-122.306114,2025-03-10 20:39:56,4.363199,0.338870,69.477814,4.998779
prototype,47.653132,-122.306114,2025-03-10 20:40:04,4.364604,0.350656,69.096214,4.998779
prototype,47.653132,-122.306114,2025-03-10 20:40:12,4.366011,0.352758,68.905045,4.998779
prototype,47.653132,-122.306114,2025-03-10 20:40:20,4.360475,0.359829,68.714111,4.998779
prototype,47.653132,-122.306114,2025-03-10 20:40:28,4.363243,0.351796,68.618500,4.998779
prototype,47.653132,-122.306114,2025-03-10 20:40:44,4.360479,0.357510,69.000320,4.998779
prototype,47.653132,-122.306114,2025-03-10 20:40:52,4.361839,0.357908,69.382599,4.998779
prototype,47.653132,-122.306114,2025-03-10 20:41:08,4.357755,0.350470,69.000664,4.998779
prototype,47.653132,-122.306114,2025-03-10 20:41:16,4.359115,0.354641,68.618500,4.998779
prototype,47.653132,-122.306114,2025-03-10 20:41:24,4.357800,0.346211,68.714005,4.998779
prototype,47.653132,-122.306114,2025-03-10 20:41:40,4.356395,0.332156,68.714058,4.998779
prototype,47.653132,-122.306114,2025-03-10 20:41:48,4.354995,0.313598,69.000603,4.998779
prototype,47.653132,-122.306114,2025-03-10 20:41:56,4.353637,0.313228,68.714058,4.998779
prototype,47.653132,-122.306114,2025-03-10 20:42:04,4.357800,0.318902,69.191605,4.998779
prototype,47.653132,-122.306114,2025-03-10 20:42:12,4.356395,0.327156,68.618561,4.998779
prototype,47.653132,-122.306114,2025-03-10 20:42:20,4.360519,0.339243,69.096107,4.998779
prototype,47.653132,-122.306114,2025-03-10 20:42:28,4.365967,0.353114,68.523010,4.998779
prototype,47.653132,-122.306114,2025-03-10 20:42:36,4.364603,0.366555,68.714066,4.998779
prototype,47.653132,-122.306114,2025-03-10 20:42:44,4.367374,0.372417,69.096214,4.998779
prototype,47.653132,-122.306114,2025-03-10 20:43:00,4.357756,0.370108,69.000717,4.998779
prototype,47.653132,-122.306114,2025-03-10 20:43:08,4.359119,0.359622,69.096153,4.998779
prototype,47.653132,-122.306114,2025-03-10 20:43:16,4.357756,0.355614,69.000549,4.998779
prototype,47.653132,-122.306114,2025-03-10 20:43:24,4.352280,0.341697,68.905167,4.998779
prototype,47.653132,-122.306114,2025-03-10 20:43:32,4.355038,0.330822,69.191711,4.998779
prototype,47.653132,-122.306114,2025-03-10 20:43:40,4.356355,0.324639,68.809662,4.998779
prototype,47.653132,-122.306114,2025-03-10 20:43:48,4.356395,0.321243,69.000717,4.998779
prototype,47.653132,-122.306114,2025-03-10 20:43:56,4.355038,0.319964,69.096100,4.998779
prototype,47.653132,-122.306114,2025-03-10 20:44:04,4.356395,0.321777,69.287155,4.998779
prototype,47.653132,-122.306114,2025-03-10 20:44:12,4.356395,0.322845,69.095993,4.998779
prototype,47.653132,-122.306114,2025-03-10 20:44:20,4.355038,0.321235,69.286987,4.998779
prototype,47.653132,-122.306114,2025-03-10 20:44:28,4.354957,0.314471,68.905220,4.998779
prototype,47.653132,-122.306114,2025-03-10 20:44:36,4.352324,0.316073,69.096214,4.998779
prototype,47.653132,-122.306114,2025-03-10 20:44:52,4.355038,0.310940,69.000443,4.998779
prototype,47.653132,-122.306114,2025-03-10 20:45:00,4.357755,0.324089,68.713997,4.998779
prototype,47.653132,-122.306114,2025-03-10 20:45:08,4.357755,0.326666,69.096161,4.998779
prototype,47.653132,-122.306114,2025-03-10 20:45:16,4.357756,0.325720,69.287155,4.998779
prototype,47.653132,-122.306114,2025-03-10 20:45:24,4.355038,0.318066,68.905052,4.998779
prototype,47.653132,-122.306114,2025-03-10 20:45:32,4.353637,0.312357,69.096153,4.998779
prototype,47.653132,-122.306114,2025-03-10 20:45:40,4.352240,0.314635,69.000656,4.998779
prototype,47.653132,-122.306114,2025-03-10 20:45:48,4.352280,0.303338,69.191147,4.998779
prototype,47.653132,-122.306114,2025-03-10 20:45:56,4.345460,0.288163,69.096161,4.998779
prototype,47.653132,-122.306114,2025-03-10 20:46:04,4.346814,0.283139,69.287094,4.998779
prototype,47.653132,-122.306114,2025-03-10 20:46:12,4.350923,0.289639,69.000549,4.998779
prototype,47.653132,-122.306114,2025-03-10 20:46:20,4.354995,0.301203,68.713997,4.998779
prototype,47.653132,-122.306114,2025-03-10 20:46:28,4.354995,0.304494,69.096214,4.998779
prototype,47.653132,-122.306114,2025-03-10 20:46:36,4.353681,0.303814,68.714111,4.998779
prototype,47.653132,-122.306114,2025-03-10 20:46:44,4.350923,0.298488,69.000717,4.998779
prototype,47.653132,-122.306114,2025-03-10 20:46:52,4.350883,0.294552,68.713829,4.998779
prototype,47.653132,-122.306114,2025-03-10 20:47:00,4.349568,0.280072,68.905167,4.998779
prototype,47.653132,-122.306114,2025-03-10 20:47:08,4.348212,0.279169,69.191544,4.998779
prototype,47.653132,-122.306114,2025-03-10 20:47:16,4.352280,0.287135,69.287148,4.998779
prototype,47.653132,-122.306114,2025-03-10 20:47:24,4.353637,0.288977,69.000664,4.998779
prototype,47.653132,-122.306114,2025-03-10 20:47:32,4.353681,0.292509,68.809608,4.998779
prototype,47.653132,-122.306114,2025-03-10 20:47:40,4.353637,0.301728,68.809555,4.998779
prototype,47.653132,-122.306114,2025-03-10 20:47:48,4.357756,0.305547,68.427109,4.998779
prototype,47.653132,-122.306114,2025-03-10 20:47:56,4.350923,0.298136,69.191658,4.998779
prototype,47.653132,-122.306114,2025-03-10 20:48:04,4.350923,0.296425,69.668030,4.998779
prototype,47.653132,-122.306114,2025-03-10 20:48:12,4.350923,0.293702,69.095993,4.998779
prototype,47.653132,-122.306114,2025-03-10 20:48:20,4.350923,0.288016,68.618561,4.998779
prototype,47.653132,-122.306114,2025-03-10 20:48:28,4.344106,0.272349,69.287155,4.998779
prototype,47.653132,-122.306114,2025-03-10 20:48:36,4.346814,0.271999,68.714111,4.998779
prototype,47.653132,-122.306114,2025-03-10 20:48:44,4.348212,0.270393,69.000717,4.998779
prototype,47.653132,-122.306114,2025-03-10 20:48:52,4.349525,0.269264,69.763527,4.998779
prototype,47.653132,-122.306114,2025-03-10 20:49:00,4.346817,0.265567,69.000656,4.998779
prototype,47.653132,-122.306114,2025-03-10 20:49:08,4.349525,0.272001,69.000717,4.998779
prototype,47.653132,-122.306114,2025-03-10 20:49:16,4.348212,0.266369,69.573532,4.998779
prototype,47.653132,-122.306114,2025-03-10 20:49:40,4.355085,0.275242,69.286819,4.998779
prototype,47.653132,-122.306114,2025-03-10 20:49:48,4.353637,0.287126,69.191490,4.998779
prototype,47.653132,-122.306114,2025-03-10 20:49:56,4.353637,0.293018,68.714005,4.998779
prototype,47.653132,-122.306114,2025-03-10 20:50:04,4.353637,0.297289,69.191666,4.998779
prototype,47.653132,-122.306114,2025-03-10 20:50:20,4.348174,0.283302,68.618561,4.998779
prototype,47.653132,-122.306114,2025-03-10 20:50:28,4.353637,0.290488,69.000435,4.998779
prototype,47.653132,-122.306114,2025-03-10 20:50:36,4.353637,0.296755,69.191383,4.998779
prototype,47.653132,-122.306114,2025-03-10 20:50:52,4.357800,0.307979,69.000656,4.998779
prototype,47.653132,-122.306114,2025-03-10 20:51:08,4.349566,0.297608,68.905220,4.998779
prototype,47.653132,-122.306114,2025-03-10 20:51:16,4.354997,0.300370,69.096107,4.998779
prototype,47.653132,-122.306114,2025-03-10 20:51:24,4.354995,0.300864,69.191658,4.998779
prototype,47.653132,-122.306114,2025-03-10 20:51:32,4.355038,0.300733,68.522896,4.998779
prototype,47.653132,-122.306114,2025-03-10 20:51:40,4.356355,0.304662,69.191711,4.998779
prototype,47.653132,-122.306114,2025-03-10 20:51:56,4.361880,0.316589,69.000717,4.998779
prototype,47.653132,-122.306114,2025-03-10 20:52:04,4.359116,0.320505,69.096153,4.998779
prototype,47.653132,-122.306114,2025-03-10 20:52:12,4.356395,0.320857,69.096214,4.998779
prototype,47.653132,-122.306114,2025-03-10 20:52:20,4.359116,0.320171,69.382652,4.998779
prototype,47.653132,-122.306114,2025-03-10 20:52:28,4.356395,0.321931,68.905167,4.998779
prototype,47.653132,-122.306114,2025-03-10 20:52:36,4.357756,0.322137,69.191711,4.998779
prototype,47.653132,-122.306114,2025-03-10 20:52:44,4.356395,0.318548,69.096214,4.998779
prototype,47.653132,-122.306114,2025-03-10 20:52:52,4.356395,0.319792,69.668976,4.998779
prototype,47.653132,-122.306114,2025-03-10 20:53:00,4.355038,0.317344,69.191650,4.998779
prototype,47.653132,-122.306114,2025-03-10 20:53:08,4.353637,0.313231,68.809608,4.998779
prototype,47.653132,-122.306114,2025-03-10 20:53:16,4.354995,0.310442,69.000549,4.998779
prototype,47.653132,-122.306114,2025-03-10 20:53:25,4.348212,0.294122,68.905167,4.998779
prototype,47.653132,-122.306114,2025-03-10 20:53:33,4.349525,0.288480,69.000496,4.998779
prototype,47.653132,-122.306114,2025-03-10 20:53:41,4.350966,0.282980,69.287155,4.998779
prototype,47.653132,-122.306114,2025-03-10 20:53:57,4.352280,0.290676,69.000717,4.998779
prototype,47.653132,-122.306114,2025-03-10 20:54:13,4.350923,0.287818,69.381813,4.998779
prototype,47.653132,-122.306114,2025-03-10 20:54:21,4.350923,0.284302,69.000656,4.998779
prototype,47.653132,-122.306114,2025-03-10 20:54:29,4.346858,0.280837,69.287209,4.998779
prototype,47.653132,-122.306114,2025-03-10 20:54:37,4.346814,0.277214,69.287148,4.998779
prototype,47.653132,-122.306114,2025-03-10 20:54:45,4.348215,0.272702,68.905167,4.998779
prototype,47.653132,-122.306114,2025-03-10 20:54:53,4.345460,0.269899,68.905167,4.998779
prototype,47.653132,-122.306114,2025-03-10 20:55:01,4.354995,0.282305,69.000664,4.998779
prototype,47.653132,-122.306114,2025-03-10 20:55:09,4.352280,0.289480,69.191711,4.998779
prototype,47.653132,-122.306114,2025-03-10 20:55:17,4.350923,0.284325,68.714005,4.998779
prototype,47.653132,-122.306114,2025-03-10 20:55:33,4.353637,0.290160,69.191711,4.998779
prototype,47.653132,-122.306114,2025-03-10 20:55:41,4.356395,0.298117,69.096214,4.998779
prototype,47.653132,-122.306114,2025-03-10 20:55:49,4.361880,0.309185,69.287041,4.998779
prototype,47.653132,-122.306114,2025-03-10 20:56:05,4.354995,0.310418,69.000717,4.998779
prototype,47.653132,-122.306114,2025-03-10 20:56:13,4.355038,0.307265,69.096207,4.998779
prototype,47.653132,-122.306114,2025-03-10 20:56:21,4.354995,0.302964,69.287209,4.998779
prototype,47.653132,-122.306114,2025-03-10 20:56:29,4.350926,0.295925,68.905167,4.998779
prototype,47.653132,-122.306114,2025-03-10 20:56:37,4.348168,0.286807,68.809441,4.998779
prototype,47.653132,-122.306114,2025-03-10 20:56:45,4.352280,0.285326,68.809441,4.998779
prototype,47.653132,-122.306114,2025-03-10 20:56:53,4.352280,0.284308,68.618279,4.998779
prototype,47.653132,-122.306114,2025-03-10 20:57:01,4.352280,0.288800,69.000549,4.998779
prototype,47.653132,-122.306114,2025-03-10 20:57:09,4.357756,0.298457,69.191711,4.998779
prototype,47.653132,-122.306114,2025-03-10 20:57:17,4.357755,0.305022,68.809502,4.998779
prototype,47.653132,-122.306114,2025-03-10 20:57:25,4.350966,0.291903,68.714111,4.998779
prototype,47.653132,-122.306114,2025-03-10 20:57:33,4.352280,0.288131,69.000549,4.998779
prototype,47.653132,-122.306114,2025-03-10 20:57:41,4.353637,0.290162,69.191658,4.998779
prototype,47.653132,-122.306114,2025-03-10 20:57:49,4.349525,0.286463,69.191658,4.998779
prototype,47.653132,-122.306114,2025-03-10 20:57:57,4.349528,0.288978,69.000717,4.998779
prototype,47.653132,-122.306114,2025-03-10 20:58:05,4.348215,0.280846,69.191490,4.998779
prototype,47.653132,-122.306114,2025-03-10 20:58:13,4.348168,0.284456,69.382530,4.998779
prototype,47.653132,-122.306114,2025-03-10 20:58:21,4.353637,0.290148,69.287094,4.998779
prototype,47.653132,-122.306114,2025-03-10 20:58:29,4.352280,0.288316,69.191147,4.998779
prototype,47.653132,-122.306114,2025-03-10 20:58:37,4.349569,0.283668,70.145012,4.998779
prototype,47.653132,-122.306114,2025-03-10 20:58:45,4.346814,0.270885,68.809662,4.998779
prototype,47.653132,-122.306114,2025-03-10 20:58:53,4.344106,0.262556,69.191711,4.998779
prototype,47.653132,-122.306114,2025-03-10 20:59:01,4.349525,0.263810,69.000656,4.998779
prototype,47.653132,-122.306114,2025-03-10 20:59:09,4.346814,0.265095,69.000656,4.998779
prototype,47.653132,-122.306114,2025-03-10 20:59:17,4.349525,0.268604,69.191711,4.998779
prototype,47.653132,-122.306114,2025-03-10 20:59:25,4.349566,0.268768,69.382309,4.998779
prototype,47.653132,-122.306114,2025-03-10 20:59:33,4.352280,0.272640,69.000656,4.998779
prototype,47.653132,-122.306114,2025-03-10 20:59:41,4.353637,0.276715,69.096214,4.998779
prototype,47.653132,-122.306114,2025-03-10 20:59:49,4.352280,0.278510,69.287155,4.998779
prototype,47.653132,-122.306114,2025-03-10 20:59:57,4.356395,0.283308,69.191711,4.998779
prototype,47.653132,-122.306114,2025-03-10 21:00:05,4.353637,0.282802,68.905167,4.998779
prototype,47.653132,-122.306114,2025-03-10 21:00:13,4.352280,0.281982,69.287094,4.998779
prototype,47.653132,-122.306114,2025-03-10 21:00:21,4.352324,0.285966,69.000717,4.998779
prototype,47.653132,-122.306114,2025-03-10 21:00:29,4.349566,0.279691,69.000610,4.998779
prototype,47.653132,-122.306114,2025-03-10 21:00:37,4.346858,0.272991,69.000488,4.998779
prototype,47.653132,-122.306114,2025-03-10 21:00:45,4.352280,0.276711,69.000603,4.998779
prototype,47.653132,-122.306114,2025-03-10 21:00:53,4.349569,0.279671,69.286934,4.998779
prototype,47.653132,-122.306114,2025-03-10 21:01:01,4.348171,0.270583,69.191650,4.998779
prototype,47.653132,-122.306114,2025-03-10 21:01:09,4.346814,0.260338,69.287033,4.998779
prototype,47.653132,-122.306114,2025-03-10 21:01:17,4.345463,0.262395,69.191605,4.998779
prototype,47.653132,-122.306114,2025-03-10 21:01:25,4.348171,0.258488,69.096107,4.998779
prototype,47.653132,-122.306114,2025-03-10 21:01:33,4.345503,0.253774,68.618500,4.998779
prototype,47.653132,-122.306114,2025-03-10 21:01:41,4.348171,0.254689,69.096153,4.998779
prototype,47.653132,-122.306114,2025-03-10 21:01:49,4.346858,0.260333,69.382652,4.998779
prototype,47.653132,-122.306114,2025-03-10 21:01:57,4.348168,0.260960,68.809669,4.998779
prototype,47.653132,-122.306114,2025-03-10 21:02:13,4.353681,0.266410,69.096107,4.998779
prototype,47.653132,-122.306114,2025-03-10 21:02:21,4.349569,0.261130,68.809608,4.998779
prototype,47.653132,-122.306114,2025-03-10 21:02:29,4.346817,0.258465,68.905167,4.998779
prototype,47.653132,-122.306114,2025-03-10 21:02:37,4.349525,0.257819,69.191711,4.998779
prototype,47.653132,-122.306114,2025-03-10 21:02:45,4.350923,0.256260,69.000656,4.998779
prototype,47.653132,-122.306114,2025-03-10 21:02:53,4.346814,0.252703,69.763138,4.998779
prototype,47.653132,-122.306114,2025-03-10 21:03:01,4.342752,0.244112,69.000603,4.998779
prototype,47.653132,-122.306114,2025-03-10 21:03:09,4.341401,0.239301,68.809555,4.998779
prototype,47.653132,-122.306114,2025-03-10 21:03:17,4.341401,0.225721,68.617996,4.998779
prototype,47.653132,-122.306114,2025-03-10 21:03:25,4.338655,0.225973,69.382545,4.998779
prototype,47.653132,-122.306114,2025-03-10 21:03:33,4.344066,0.235384,69.000717,4.998779
prototype,47.653132,-122.306114,2025-03-10 21:03:41,4.349525,0.247130,68.809502,4.998779
prototype,47.653132,-122.306114,2025-03-10 21:03:49,4.350883,0.251147,69.572861,4.998779
prototype,47.653132,-122.306114,2025-03-10 21:03:57,4.348212,0.256873,69.191269,4.998779
prototype,47.653132,-122.306114,2025-03-10 21:04:05,4.350923,0.257235,69.191711,4.998779
prototype,47.653132,-122.306114,2025-03-10 21:04:13,4.346814,0.256874,69.287155,4.998779
prototype,47.653132,-122.306114,2025-03-10 21:04:21,4.342752,0.253333,68.905052,4.998779
prototype,47.653132,-122.306114,2025-03-10 21:04:29,4.348171,0.254227,69.191605,4.998779
prototype,47.653132,-122.306114,2025-03-10 21:04:37,4.353637,0.266209,68.618561,4.998779
prototype,47.653132,-122.306114,2025-03-10 21:04:45,4.354995,0.276708,68.714066,4.998779
prototype,47.653132,-122.306114,2025-03-10 21:04:53,4.356395,0.282469,69.382652,4.998779
prototype,47.653132,-122.306114,2025-03-10 21:05:01,4.353637,0.280652,68.809608,4.998779
prototype,47.653132,-122.306114,2025-03-10 21:05:09,4.350966,0.279046,69.191544,4.998779
prototype,47.653132,-122.306114,2025-03-10 21:05:17,4.352240,0.276566,69.000656,4.998779
prototype,47.653132,-122.306114,2025-03-10 21:05:25,4.352280,0.276060,68.809669,4.998779
prototype,47.653132,-122.306114,2025-03-10 21:05:33,4.346814,0.276076,69.191711,4.998779
prototype,47.653132,-122.306114,2025-03-10 21:05:41,4.348212,0.267533,69.096107,4.998779
prototype,47.653132,-122.306114,2025-03-10 21:05:49,4.346814,0.261447,68.905052,4.998779
prototype,47.653132,-122.306114,2025-03-10 21:05:57,4.349566,0.265727,69.191650,4.998779
prototype,47.653132,-122.306114,2025-03-10 21:06:05,4.353637,0.278016,69.762642,4.998779
prototype,47.653132,-122.306114,2025-03-10 21:06:13,4.352280,0.272828,68.905052,4.998779
prototype,47.653132,-122.306114,2025-03-10 21:06:21,4.349612,0.265119,69.191711,4.998779
prototype,47.653132,-122.306114,2025-03-10 21:06:29,4.348168,0.259408,69.191605,4.998779
prototype,47.653132,-122.306114,2025-03-10 21:06:37,4.350883,0.265881,69.000656,4.998779
prototype,47.653132,-122.306114,2025-03-10 21:06:45,4.348215,0.265605,69.000717,4.998779
prototype,47.653132,-122.306114,2025-03-10 21:06:53,4.350923,0.265729,69.096100,4.998779
prototype,47.653132,-122.306114,2025-03-10 21:07:01,4.346858,0.260053,69.096214,4.998779
prototype,47.653132,-122.306114,2025-03-10 21:07:09,4.344106,0.257186,68.331673,4.998779
prototype,47.653132,-122.306114,2025-03-10 21:07:17,4.348171,0.256454,69.478096,4.998779
prototype,47.653132,-122.306114,2025-03-10 21:07:25,4.346814,0.250364,69.477806,4.998779
prototype,47.653132,-122.306114,2025-03-10 21:07:33,4.344106,0.248824,68.809387,4.998779
prototype,47.653132,-122.306114,2025-03-10 21:07:41,4.348212,0.248072,68.905167,4.998779
prototype,47.653132,-122.306114,2025-03-10 21:07:49,4.348168,0.250508,69.096100,4.998779
prototype,47.653132,-122.306114,2025-03-10 21:07:57,4.349525,0.258290,69.287148,4.998779
prototype,47.653132,-122.306114,2025-03-10 21:08:05,4.352280,0.262702,69.191658,4.998779
prototype,47.653132,-122.306114,2025-03-10 21:08:21,4.352280,0.271835,69.095985,4.998779
prototype,47.653132,-122.306114,2025-03-10 21:08:29,4.352240,0.277708,69.382484,4.998779
prototype,47.653132,-122.306114,2025-03-10 21:08:37,4.348212,0.272167,68.905167,4.998779
prototype,47.653132,-122.306114,2025-03-10 21:08:45,4.348212,0.267192,69.000488,4.998779
prototype,47.653132,-122.306114,2025-03-10 21:08:53,4.348168,0.266200,69.382599,4.998779
prototype,47.653132,-122.306114,2025-03-10 21:09:01,4.348171,0.269087,69.096054,4.998779
prototype,47.653132,-122.306114,2025-03-10 21:09:09,4.353637,0.273287,69.000717,4.998779
prototype,47.653132,-122.306114,2025-03-10 21:09:17,4.350923,0.275440,69.096107,4.998779
prototype,47.653132,-122.306114,2025-03-10 21:09:25,4.348212,0.269102,68.809608,4.998779
prototype,47.653132,-122.306114,2025-03-10 21:09:33,4.349566,0.269088,69.191650,4.998779
prototype,47.653132,-122.306114,2025-03-10 21:09:41,4.352280,0.276711,69.191597,4.998779
prototype,47.653132,-122.306114,2025-03-10 21:09:57,4.353637,0.282303,68.809662,4.998779
prototype,47.653132,-122.306114,2025-03-10 21:10:05,4.349528,0.280490,69.478088,4.998779
prototype,47.653132,-122.306114,2025-03-10 21:10:21,4.355038,0.288658,68.905052,4.998779
prototype,47.653132,-122.306114,2025-03-10 21:10:29,4.348215,0.277128,69.000717,4.998779
prototype,47.653132,-122.306114,2025-03-10 21:10:37,4.345460,0.267836,69.000549,4.998779
prototype,47.653132,-122.306114,2025-03-10 21:10:45,4.348171,0.265608,69.000664,4.998779
prototype,47.653132,-122.306114,2025-03-10 21:10:53,4.348212,0.259553,69.191658,4.998779
prototype,47.653132,-122.306114,2025-03-10 21:11:01,4.342752,0.251772,68.809616,4.998779
prototype,47.653132,-122.306114,2025-03-10 21:11:09,4.344106,0.250684,69.191605,4.998779
prototype,47.653132,-122.306114,2025-03-10 21:11:17,4.345460,0.248675,69.000549,4.998779
prototype,47.653132,-122.306114,2025-03-10 21:11:25,4.344106,0.248384,68.714111,4.998779
prototype,47.653132,-122.306114,2025-03-10 21:11:33,4.341401,0.239019,69.287033,4.998779
prototype,47.653132,-122.306114,2025-03-10 21:11:41,4.342752,0.233312,68.905167,4.998779
prototype,47.653132,-122.306114,2025-03-10 21:11:49,4.344106,0.228901,69.477371,4.998779
prototype,47.653132,-122.306114,2025-03-10 21:11:57,4.344066,0.232264,68.714050,4.998779
prototype,47.653132,-122.306114,2025-03-10 21:12:05,4.345460,0.237458,70.239624,4.998779
prototype,47.653132,-122.306114,2025-03-10 21:12:13,4.349569,0.243628,68.713829,4.998779
prototype,47.653132,-122.306114,2025-03-10 21:12:21,4.348168,0.245301,69.191658,4.998779
prototype,47.653132,-122.306114,2025-03-10 21:12:29,4.353637,0.251127,68.426376,4.998779
prototype,47.653132,-122.306114,2025-03-10 21:12:37,4.350923,0.254382,69.287209,4.998779
prototype,47.653132,-122.306114,2025-03-10 21:12:45,4.349569,0.253612,69.096046,4.998779
prototype,47.653132,-122.306114,2025-03-10 21:12:53,4.349569,0.254232,68.809494,4.998779
prototype,47.653132,-122.306114,2025-03-10 21:13:01,4.348171,0.252061,69.000664,4.998779
prototype,47.653132,-122.306114,2025-03-10 21:13:09,4.349569,0.253003,69.287041,4.998779
prototype,47.653132,-122.306114,2025-03-10 21:13:17,4.352280,0.254540,69.478088,4.998779
prototype,47.653132,-122.306114,2025-03-10 21:13:25,4.349566,0.255785,69.191429,4.998779
prototype,47.653132,-122.306114,2025-03-10 21:13:33,4.350923,0.260180,68.905167,4.998779
prototype,47.653132,-122.306114,2025-03-10 21:13:41,4.352327,0.260399,68.713890,4.998779
prototype,47.653132,-122.306114,2025-03-10 21:13:49,4.346814,0.252207,69.000717,4.998779
prototype,47.653132,-122.306114,2025-03-10 21:13:57,4.348171,0.255312,68.809441,4.998779
prototype,47.653132,-122.306114,2025-03-10 21:14:05,4.350883,0.262071,69.096214,4.998779
prototype,47.653132,-122.306114,2025-03-10 21:14:21,4.352280,0.266204,69.191711,4.998779
prototype,47.653132,-122.306114,2025-03-10 21:14:29,4.350923,0.260690,69.000549,4.998779
prototype,47.653132,-122.306114,2025-03-10 21:14:37,4.346814,0.249952,69.096207,4.998779
prototype,47.653132,-122.306114,2025-03-10 21:14:45,4.342752,0.236735,69.096161,4.998779
prototype,47.653132,-122.306114,2025-03-10 21:14:53,4.341401,0.226147,69.000656,4.998779
prototype,47.653132,-122.306114,2025-03-10 21:15:02,4.341401,0.223099,68.905052,4.998779
prototype,47.653132,-122.306114,2025-03-10 21:15:10,4.341357,0.226848,69.382652,4.998779
prototype,47.653132,-122.306114,2025-03-10 21:15:18,4.344150,0.227586,69.287148,4.998779
prototype,47.653132,-122.306114,2025-03-10 21:15:26,4.344106,0.228456,69.191544,4.998779
prototype,47.653132,-122.306114,2025-03-10 21:15:34,4.345460,0.229472,68.618561,4.998779
prototype,47.653132,-122.306114,2025-03-10 21:15:42,4.344106,0.227872,69.191605,4.998779
prototype,47.653132,-122.306114,2025-03-10 21:15:50,4.344106,0.228905,69.095993,4.998779
prototype,47.653132,-122.306114,2025-03-10 21:15:58,4.344106,0.231536,69.287155,4.998779
prototype,47.653132,-122.306114,2025-03-10 21:16:06,4.345503,0.228631,69.000656,4.998779
prototype,47.653132,-122.306114,2025-03-10 21:16:14,4.342752,0.229917,69.287209,4.998779
prototype,47.653132,-122.306114,2025-03-10 21:16:22,4.348212,0.235083,69.000656,4.998779
prototype,47.653132,-122.306114,2025-03-10 21:16:30,4.342752,0.225863,69.287155,4.998779
prototype,47.653132,-122.306114,2025-03-10 21:16:46,4.342752,0.219098,69.000656,4.998779
prototype,47.653132,-122.306114,2025-03-10 21:16:54,4.342752,0.215392,69.287209,4.998779
prototype,47.653132,-122.306114,2025-03-10 21:17:02,4.342711,0.220069,68.905220,4.998779
prototype,47.653132,-122.306114,2025-03-10 21:17:10,4.345460,0.229763,69.191658,4.998779
prototype,47.653132,-122.306114,2025-03-10 21:17:18,4.348171,0.237162,69.096107,4.998779
prototype,47.653132,-122.306114,2025-03-10 21:17:26,4.348171,0.239722,69.096054,4.998779
prototype,47.653132,-122.306114,2025-03-10 21:17:34,4.342752,0.233605,68.905045,4.998779
prototype,47.653132,-122.306114,2025-03-10 21:17:42,4.344106,0.232419,68.809669,4.998779
prototype,47.653132,-122.306114,2025-03-10 21:17:50,4.342752,0.232865,69.000603,4.998779
prototype,47.653132,-122.306114,2025-03-10 21:17:58,4.344150,0.230367,69.000717,4.998779
prototype,47.653132,-122.306114,2025-03-10 21:18:14,4.345419,0.233743,69.000496,4.998779
prototype,47.653132,-122.306114,2025-03-10 21:18:22,4.348168,0.239853,69.000488,4.998779
prototype,47.653132,-122.306114,2025-03-10 21:18:30,4.349569,0.246675,69.000488,4.998779
prototype,47.653132,-122.306114,2025-03-10 21:18:38,4.352280,0.253920,69.000717,4.998779
prototype,47.653132,-122.306114,2025-03-10 21:18:46,4.353637,0.256884,69.096100,4.998779
prototype,47.653132,-122.306114,2025-03-10 21:18:54,4.353637,0.260505,69.382599,4.998779
prototype,47.653132,-122.306114,2025-03-10 21:19:02,4.350923,0.254402,69.286934,4.998779
prototype,47.653132,-122.306114,2025-03-10 21:19:10,4.348212,0.253777,69.287209,4.998779
prototype,47.653132,-122.306114,2025-03-10 21:19:18,4.346817,0.251305,69.000656,4.998779
prototype,47.653132,-122.306114,2025-03-10 21:19:26,4.344106,0.246273,69.382484,4.998779
prototype,47.653132,-122.306114,2025-03-10 21:19:34,4.341401,0.234400,69.382591,4.998779
prototype,47.653132,-122.306114,2025-03-10 21:19:42,4.342752,0.226000,69.000656,4.998779
prototype,47.653132,-122.306114,2025-03-10 21:19:50,4.342752,0.219807,69.191544,4.998779
prototype,47.653132,-122.306114,2025-03-10 21:19:58,4.340050,0.209133,68.905167,4.998779
prototype,47.653132,-122.306114,2025-03-10 21:20:06,4.335954,0.198459,69.096214,4.998779
prototype,47.653132,-122.306114,2025-03-10 21:20:14,4.342711,0.202894,69.000656,4.998779
prototype,47.653132,-122.306114,2025-03-10 21:20:22,4.340050,0.201700,69.000435,4.998779
prototype,47.653132,-122.306114,2025-03-10 21:20:30,4.340006,0.202487,68.905220,4.998779
prototype,47.653132,-122.306114,2025-03-10 21:20:38,4.344106,0.211315,68.905106,4.998779
prototype,47.653132,-122.306114,2025-03-10 21:20:46,4.349566,0.218503,69.287041,4.998779
prototype,47.653132,-122.306114,2025-03-10 21:20:54,4.349525,0.224965,68.809669,4.998779
prototype,47.653132,-122.306114,2025-03-10 21:21:02,4.350883,0.233000,69.382652,4.998779
prototype,47.653132,-122.306114,2025-03-10 21:21:10,4.350883,0.240608,68.714050,4.998779
prototype,47.653132,-122.306114,2025-03-10 21:21:18,4.352280,0.247292,69.096214,4.998779
prototype,47.653132,-122.306114,2025-03-10 21:21:26,4.348168,0.244105,69.287094,4.998779
prototype,47.653132,-122.306114,2025-03-10 21:21:34,4.348212,0.243335,69.000656,4.998779
prototype,47.653132,-122.306114,2025-03-10 21:21:42,4.348215,0.242754,69.382591,4.998779
prototype,47.653132,-122.306114,2025-03-10 21:21:50,4.342752,0.235831,69.096214,4.998779
prototype,47.653132,-122.306114,2025-03-10 21:21:58,4.348171,0.239104,69.287209,4.998779
prototype,47.653132,-122.306114,2025-03-10 21:22:06,4.349566,0.248662,69.191605,4.998779
prototype,47.653132,-122.306114,2025-03-10 21:22:14,4.352280,0.248048,69.096107,4.998779
prototype,47.653132,-122.306114,2025-03-10 21:22:22,4.352280,0.254227,69.000603,4.998779
prototype,47.653132,-122.306114,2025-03-10 21:22:30,4.348171,0.256410,69.287041,4.998779
prototype,47.653132,-122.306114,2025-03-10 21:22:38,4.352280,0.256735,69.096214,4.998779
prototype,47.653132,-122.306114,2025-03-10 21:22:46,4.344106,0.240223,69.191658,4.998779
prototype,47.653132,-122.306114,2025-03-10 21:22:54,4.342752,0.237467,68.905106,4.998779
prototype,47.653132,-122.306114,2025-03-10 21:23:02,4.345463,0.235254,68.809616,4.998779
prototype,47.653132,-122.306114,2025-03-10 21:23:10,4.344106,0.230366,69.287155,4.998779
prototype,47.653132,-122.306114,2025-03-10 21:23:18,4.344106,0.229773,68.714005,4.998779
prototype,47.653132,-122.306114,2025-03-10 21:23:26,4.344106,0.231241,68.809662,4.998779
prototype,47.653132,-122.306114,2025-03-10 21:23:34,4.345460,0.234931,69.096214,4.998779
prototype,47.653132,-122.306114,2025-03-10 21:23:42,4.344106,0.232720,69.000603,4.998779
prototype,47.653132,-122.306114,2025-03-10 21:23:50,4.341401,0.228907,69.096214,4.998779
prototype,47.653132,-122.306114,2025-03-10 21:23:58,4.342752,0.223108,69.382652,4.998779
prototype,47.653132,-122.306114,2025-03-10 21:24:06,4.341401,0.218656,69.191650,4.998779
prototype,47.653132,-122.306114,2025-03-10 21:24:14,4.344106,0.220789,69.191711,4.998779
prototype,47.653132,-122.306114,2025-03-10 21:24:31,4.346858,0.232720,69.096214,4.998779
prototype,47.653132,-122.306114,2025-03-10 21:24:39,4.342752,0.225715,69.287094,4.998779
prototype,47.653132,-122.306114,2025-03-10 21:24:47,4.345463,0.228602,68.714058,4.998779
prototype,47.653132,-122.306114,2025-03-10 21:24:55,4.352280,0.238207,68.905106,4.998779
prototype,47.653132,-122.306114,2025-03-10 21:25:03,4.348171,0.234070,69.287094,4.998779
prototype,47.653132,-122.306114,2025-03-10 21:25:11,4.344106,0.231676,69.287148,4.998779
prototype,47.653132,-122.306114,2025-03-10 21:25:19,4.342752,0.223698,69.382645,4.998779
prototype,47.653132,-122.306114,2025-03-10 21:25:35,4.341401,0.212910,69.000717,4.998779
prototype,47.653132,-122.306114,2025-03-10 21:25:43,4.337304,0.203214,69.000717,4.998779
prototype,47.653132,-122.306114,2025-03-10 21:25:51,4.340006,0.198967,68.905106,4.998779
prototype,47.653132,-122.306114,2025-03-10 21:25:59,4.341357,0.200453,68.714111,4.998779
prototype,47.653132,-122.306114,2025-03-10 21:26:07,4.344065,0.212569,68.713890,4.998779
prototype,47.653132,-122.306114,2025-03-10 21:26:15,4.344106,0.216517,69.000717,4.998779
prototype,47.653132,-122.306114,2025-03-10 21:26:31,4.344106,0.217091,69.287048,4.998779
prototype,47.653132,-122.306114,2025-03-10 21:26:47,4.344106,0.216962,69.287155,4.998779
prototype,47.653132,-122.306114,2025-03-10 21:26:55,4.342752,0.209424,68.905052,4.998779
prototype,47.653132,-122.306114,2025-03-10 21:27:03,4.340006,0.206201,68.809166,4.998779
prototype,47.653132,-122.306114,2025-03-10 21:27:11,4.341357,0.196558,69.382652,4.998779
prototype,47.653132,-122.306114,2025-03-10 21:27:27,4.341357,0.203304,69.096153,4.998779
prototype,47.653132,-122.306114,2025-03-10 21:27:35,4.344106,0.208536,69.096153,4.998779
prototype,47.653132,-122.306114,2025-03-10 21:27:43,4.342752,0.214119,68.905167,4.998779
prototype,47.653132,-122.306114,2025-03-10 21:27:51,4.346814,0.220073,69.668808,4.998779
prototype,47.653132,-122.306114,2025-03-10 21:27:59,4.346814,0.215672,69.287148,4.998779
dummy,69.420,13.37,2025-03-10 21:28:03
prototype,47.653132,-122.306114,2025-03-10 21:28:07,4.342752,0.210496,69.000717,4.998779
prototype,47.653132,-122.306114,2025-03-10 21:28:15,4.342752,0.208808,68.905167,4.998779
prototype,47.653132,-122.306114,2025-03-10 21:28:23,4.341401,0.207186,68.905167,4.998779
prototype,47.653132,-122.306114,2025-03-10 21:28:31,4.340006,0.198162,69.096214,4.998779
prototype,47.653132,-122.306114,2025-03-10 21:28:39,4.341361,0.202350,69.191650,4.998779
prototype,47.653132,-122.306114,2025-03-10 21:28:55,4.341357,0.209087,69.000717,4.998779
prototype,47.653132,-122.306114,2025-03-10 21:29:03,4.342752,0.207152,69.382591,4.998779
prototype,47.653132,-122.306114,2025-03-10 21:29:11,4.342752,0.206055,68.809555,4.998779
prototype,47.653132,-122.306114,2025-03-10 21:29:19,4.344065,0.210335,69.096161,4.998779
prototype,47.653132,-122.306114,2025-03-10 21:29:27,4.344106,0.214122,69.191605,4.998779
prototype,47.653132,-122.306114,2025-03-10 21:29:35,4.346814,0.219642,69.000549,4.998779
prototype,47.653132,-122.306114,2025-03-10 21:29:43,4.345463,0.223391,68.905220,4.998779
prototype,47.653132,-122.306114,2025-03-10 21:29:51,4.345503,0.216325,68.809616,4.998779
prototype,47.653132,-122.306114,2025-03-10 21:29:59,4.341401,0.206476,69.191711,4.998779
prototype,47.653132,-122.306114,2025-03-10 21:30:07,4.344106,0.210340,69.191544,4.998779
prototype,47.653132,-122.306114,2025-03-10 21:30:15,4.342752,0.208409,68.809616,4.998779
prototype,47.653132,-122.306114,2025-03-10 21:30:23,4.344106,0.208257,69.191658,4.998779
prototype,47.653132,-122.306114,2025-03-10 21:30:31,4.340050,0.208404,69.000595,4.998779
prototype,47.653132,-122.306114,2025-03-10 21:30:39,4.342752,0.206344,69.191666,4.998779
prototype,47.653132,-122.306114,2025-03-10 21:30:47,4.344106,0.206474,69.191544,4.998779
prototype,47.653132,-122.306114,2025-03-10 21:30:55,4.341401,0.204550,68.618279,4.998779
prototype,47.653132,-122.306114,2025-03-10 21:31:03,4.345460,0.210336,69.000656,4.998779
prototype,47.653132,-122.306114,2025-03-10 21:31:11,4.345460,0.212158,69.382545,4.998779
prototype,47.653132,-122.306114,2025-03-10 21:31:19,4.345460,0.215256,69.382591,4.998779
prototype,47.653132,-122.306114,2025-03-10 21:31:27,4.342752,0.216383,69.096107,4.998779
prototype,47.653132,-122.306114,2025-03-10 21:31:35,4.345460,0.220642,69.191658,4.998779
prototype,47.653132,-122.306114,2025-03-10 21:31:43,4.350966,0.224994,69.191658,4.998779
prototype,47.653132,-122.306114,2025-03-10 21:31:51,4.348212,0.224239,68.809608,4.998779
prototype,47.653132,-122.306114,2025-03-10 21:31:59,4.346814,0.227433,69.096214,4.998779
prototype,47.653132,-122.306114,2025-03-10 21:32:07,4.342752,0.221376,68.809441,4.998779
prototype,47.653132,-122.306114,2025-03-10 21:32:15,4.341401,0.218672,69.668922,4.998779
prototype,47.653132,-122.306114,2025-03-10 21:32:23,4.342752,0.214688,69.191605,4.998779
prototype,47.653132,-122.306114,2025-03-10 21:32:31,4.342752,0.216379,69.287148,4.998779
prototype,47.653132,-122.306114,2025-03-10 21:32:39,4.350966,0.224237,69.668808,4.998779
prototype,47.653132,-122.306114,2025-03-10 21:32:47,4.344106,0.223517,69.287094,4.998779
prototype,47.653132,-122.306114,2025-03-10 21:32:55,4.345422,0.227431,68.618446,4.998779
prototype,47.653132,-122.306114,2025-03-10 21:33:03,4.348168,0.229771,69.382591,4.998779
prototype,47.653132,-122.306114,2025-03-10 21:33:19,4.345503,0.223117,69.096153,4.998779
prototype,47.653132,-122.306114,2025-03-10 21:33:27,4.344106,0.217530,69.000549,4.998779
prototype,47.653132,-122.306114,2025-03-10 21:33:35,4.341401,0.213855,69.000717,4.998779
prototype,47.653132,-122.306114,2025-03-10 21:33:43,4.344106,0.214399,69.096214,4.998779
prototype,47.653132,-122.306114,2025-03-10 21:33:51,4.342752,0.213844,69.191544,4.998779
prototype,47.653132,-122.306114,2025-03-10 21:34:07,4.342711,0.204559,69.478043,4.998779
prototype,47.653132,-122.306114,2025-03-10 21:34:15,4.338655,0.197923,69.191605,4.998779
prototype,47.653132,-122.306114,2025-03-10 21:34:23,4.334605,0.189933,68.713997,4.998779
prototype,47.653132,-122.306114,2025-03-10 21:34:31,4.337304,0.187171,69.000656,4.998779
prototype,47.653132,-122.306114,2025-03-10 21:34:39,4.342752,0.192287,69.096100,4.998779
prototype,47.653132,-122.306114,2025-03-10 21:34:47,4.342752,0.201668,69.096046,4.998779
prototype,47.653132,-122.306114,2025-03-10 21:34:55,4.344106,0.205234,69.573532,4.998779
prototype,47.653132,-122.306114,2025-03-10 21:35:03,4.345460,0.206871,69.191544,4.998779
prototype,47.653132,-122.306114,2025-03-10 21:35:11,4.346814,0.213003,69.096107,4.998779
prototype,47.653132,-122.306114,2025-03-10 21:35:19,4.345460,0.214824,68.809608,4.998779
prototype,47.653132,-122.306114,2025-03-10 21:35:27,4.345503,0.216668,69.191605,4.998779
prototype,47.653132,-122.306114,2025-03-10 21:35:35,4.344106,0.212457,69.191605,4.998779
prototype,47.653132,-122.306114,2025-03-10 21:35:43,4.342755,0.215102,69.382652,4.998779
prototype,47.653132,-122.306114,2025-03-10 21:35:51,4.341401,0.209569,69.191605,4.998779
prototype,47.653132,-122.306114,2025-03-10 21:35:59,4.341357,0.202768,68.905167,4.998779
prototype,47.653132,-122.306114,2025-03-10 21:36:07,4.344065,0.205915,68.809616,4.998779
prototype,47.653132,-122.306114,2025-03-10 21:36:16,4.342752,0.208670,69.287094,4.998779
prototype,47.653132,-122.306114,2025-03-10 21:36:24,4.341357,0.206604,69.858139,4.998779
prototype,47.653132,-122.306114,2025-03-10 21:36:32,4.344106,0.207567,69.000717,4.998779
prototype,47.653132,-122.306114,2025-03-10 21:36:40,4.341401,0.200603,68.905167,4.998779
prototype,47.653132,-122.306114,2025-03-10 21:36:48,4.341357,0.200584,69.191605,4.998779
prototype,47.653132,-122.306114,2025-03-10 21:36:56,4.341361,0.206596,69.096107,4.998779
prototype,47.653132,-122.306114,2025-03-10 21:37:04,4.346814,0.210623,69.669037,4.998779
prototype,47.653132,-122.306114,2025-03-10 21:37:12,4.342752,0.210341,69.477982,4.998779
prototype,47.653132,-122.306114,2025-03-10 21:37:20,4.346858,0.216954,69.191658,4.998779
prototype,47.653132,-122.306114,2025-03-10 21:37:28,4.350923,0.222515,69.000664,4.998779
prototype,47.653132,-122.306114,2025-03-10 21:37:36,4.350970,0.226881,69.478088,4.998779
prototype,47.653132,-122.306114,2025-03-10 21:37:44,4.346814,0.215962,69.382591,4.998779
prototype,47.653132,-122.306114,2025-03-10 21:37:52,4.342711,0.214117,69.000549,4.998779
prototype,47.653132,-122.306114,2025-03-10 21:38:00,4.341357,0.215948,69.382431,4.998779
prototype,47.653132,-122.306114,2025-03-10 21:38:16,4.342755,0.208825,68.809387,4.998779
prototype,47.653132,-122.306114,2025-03-10 21:38:24,4.345460,0.208678,69.096153,4.998779
prototype,47.653132,-122.306114,2025-03-10 21:38:32,4.342799,0.202385,68.905167,4.998779
prototype,47.653132,-122.306114,2025-03-10 21:38:40,4.340006,0.196684,69.287155,4.998779
prototype,47.653132,-122.306114,2025-03-10 21:38:48,4.341357,0.196817,69.287094,4.998779
prototype,47.653132,-122.306114,2025-03-10 21:38:56,4.342752,0.200725,69.287155,4.998779
prototype,47.653132,-122.306114,2025-03-10 21:39:04,4.342752,0.201272,69.287155,4.998779
prototype,47.653132,-122.306114,2025-03-10 21:39:12,4.342752,0.199915,69.000717,4.998779
prototype,47.653132,-122.306114,2025-03-10 21:39:20,4.341357,0.201807,69.287094,4.998779
prototype,47.653132,-122.306114,2025-03-10 21:39:28,4.342752,0.202761,69.573532,4.998779
prototype,47.653132,-122.306114,2025-03-10 21:39:44,4.341401,0.197662,69.191544,4.998779
prototype,47.653132,-122.306114,2025-03-10 21:39:52,4.341357,0.195743,69.382591,4.998779
prototype,47.653132,-122.306114,2025-03-10 21:40:08,4.340050,0.199951,69.382652,4.998779
prototype,47.653132,-122.306114,2025-03-10 21:40:16,4.342752,0.197756,69.000557,4.998779
prototype,47.653132,-122.306114,2025-03-10 21:40:24,4.342752,0.193488,69.478088,4.998779
prototype,47.653132,-122.306114,2025-03-10 21:40:32,4.342752,0.191917,69.096100,4.998779
prototype,47.653132,-122.306114,2025-03-10 21:40:40,4.340006,0.190707,68.905045,4.998779
prototype,47.653132,-122.306114,2025-03-10 21:40:48,4.340050,0.184317,68.618500,4.998779
prototype,47.653132,-122.306114,2025-03-10 21:40:56,4.341401,0.183043,68.905113,4.998779
prototype,47.653132,-122.306114,2025-03-10 21:41:12,4.338655,0.177282,69.382591,4.998779
prototype,47.653132,-122.306114,2025-03-10 21:41:20,4.338655,0.181233,69.000656,4.998779
prototype,47.653132,-122.306114,2025-03-10 21:41:28,4.338655,0.182514,69.287155,4.998779
prototype,47.653132,-122.306114,2025-03-10 21:41:36,4.340006,0.180747,68.905220,4.998779
prototype,47.653132,-122.306114,2025-03-10 21:41:44,4.340007,0.180073,69.191650,4.998779
prototype,47.653132,-122.306114,2025-03-10 21:41:52,4.341357,0.186257,69.287041,4.998779
prototype,47.653132,-122.306114,2025-03-10 21:42:08,4.340006,0.184963,69.382652,4.998779
prototype,47.653132,-122.306114,2025-03-10 21:42:16,4.342752,0.188732,69.191658,4.998779
prototype,47.653132,-122.306114,2025-03-10 21:42:24,4.341357,0.186297,69.668808,4.998779
prototype,47.653132,-122.306114,2025-03-10 21:42:32,4.340007,0.185603,68.905167,4.998779
prototype,47.653132,-122.306114,2025-03-10 21:42:40,4.342755,0.189662,69.191650,4.998779
prototype,47.653132,-122.306114,2025-03-10 21:42:56,4.340050,0.184701,69.191666,4.998779
prototype,47.653132,-122.306114,2025-03-10 21:43:04,4.338655,0.183052,69.287155,4.998779
prototype,47.653132,-122.306114,2025-03-10 21:43:12,4.335954,0.177040,69.191544,4.998779
prototype,47.653132,-122.306114,2025-03-10 21:43:20,4.340006,0.179056,69.287155,4.998779
prototype,47.653132,-122.306114,2025-03-10 21:43:36,4.342752,0.182510,69.191711,4.998779
prototype,47.653132,-122.306114,2025-03-10 21:43:44,4.345460,0.188858,69.096107,4.998779
prototype,47.653132,-122.306114,2025-03-10 21:43:52,4.345460,0.195075,69.000443,4.998779
prototype,47.653132,-122.306114,2025-03-10 21:44:00,4.348171,0.202895,68.905220,4.998779
prototype,47.653132,-122.306114,2025-03-10 21:44:08,4.345460,0.208954,69.287148,4.998779
prototype,47.653132,-122.306114,2025-03-10 21:44:16,4.342752,0.204146,68.618561,4.998779
prototype,47.653132,-122.306114,2025-03-10 21:44:24,4.342752,0.202764,69.287155,4.998779
prototype,47.653132,-122.306114,2025-03-10 21:44:32,4.341401,0.197248,69.096161,4.998779
prototype,47.653132,-122.306114,2025-03-10 21:44:40,4.342752,0.193081,69.191658,4.998779
prototype,47.653132,-122.306114,2025-03-10 21:44:48,4.340006,0.185382,69.096100,4.998779
prototype,47.653132,-122.306114,2025-03-10 21:44:56,4.338655,0.184957,69.191658,4.998779
prototype,47.653132,-122.306114,2025-03-10 21:45:12,4.340006,0.190313,69.478088,4.998779
prototype,47.653132,-122.306114,2025-03-10 21:45:20,4.345460,0.197622,69.096153,4.998779
prototype,47.653132,-122.306114,2025-03-10 21:45:28,4.345460,0.203717,69.669029,4.998779
prototype,47.653132,-122.306114,2025-03-10 21:45:36,4.344152,0.202933,69.382431,4.998779
prototype,47.653132,-122.306114,2025-03-10 21:45:44,4.341401,0.191291,69.382591,4.998779
prototype,47.653132,-122.306114,2025-03-10 21:46:00,4.338655,0.186000,69.287094,4.998779
prototype,47.653132,-122.306114,2025-03-10 21:46:08,4.342752,0.184833,69.191650,4.998779
prototype,47.653132,-122.306114,2025-03-10 21:46:16,4.338655,0.185226,69.191429,4.998779
prototype,47.653132,-122.306114,2025-03-10 21:46:24,4.341357,0.185874,69.191544,4.998779
prototype,47.653132,-122.306114,2025-03-10 21:46:32,4.338698,0.176668,69.000603,4.998779
prototype,47.653132,-122.306114,2025-03-10 21:46:40,4.337304,0.176279,69.287048,4.998779
prototype,47.653132,-122.306114,2025-03-10 21:46:48,4.341357,0.183280,69.191650,4.998779
prototype,47.653132,-122.306114,2025-03-10 21:46:56,4.341401,0.184189,68.905167,4.998779
prototype,47.653132,-122.306114,2025-03-10 21:47:04,4.342711,0.183302,69.191429,4.998779
prototype,47.653132,-122.306114,2025-03-10 21:47:12,4.340006,0.184436,69.191650,4.998779
prototype,47.653132,-122.306114,2025-03-10 21:47:20,4.345419,0.191887,68.809608,4.998779
prototype,47.653132,-122.306114,2025-03-10 21:47:28,4.342752,0.188527,69.287148,4.998779
prototype,47.653132,-122.306114,2025-03-10 21:47:36,4.337304,0.181007,69.191658,4.998779
prototype,47.653132,-122.306114,2025-03-10 21:47:44,4.340006,0.175269,68.905167,4.998779
prototype,47.653132,-122.306114,2025-03-10 21:47:52,4.341357,0.180202,69.000656,4.998779
prototype,47.653132,-122.306114,2025-03-10 21:48:00,4.342752,0.182147,69.096214,4.998779
prototype,47.653132,-122.306114,2025-03-10 21:48:08,4.340050,0.177057,68.905052,4.998779
prototype,47.653132,-122.306114,2025-03-10 21:48:16,4.341401,0.175919,69.287209,4.998779
prototype,47.653132,-122.306114,2025-03-10 21:48:24,4.334605,0.170543,68.905220,4.998779
prototype,47.653132,-122.306114,2025-03-10 21:48:32,4.338655,0.174389,69.382591,4.998779
prototype,47.653132,-122.306114,2025-03-10 21:48:40,4.341401,0.176664,68.713776,4.998779
prototype,47.653132,-122.306114,2025-03-10 21:48:48,4.341357,0.181094,69.096214,4.998779
prototype,47.653132,-122.306114,2025-03-10 21:48:56,4.338655,0.182127,69.191605,4.998779
prototype,47.653132,-122.306114,2025-03-10 21:49:04,4.342752,0.183538,69.382591,4.998779
prototype,47.653132,-122.306114,2025-03-10 21:49:12,4.340007,0.181135,69.191658,4.998779
prototype,47.653132,-122.306114,2025-03-10 21:49:20,4.340007,0.177291,69.287148,4.998779
prototype,47.653132,-122.306114,2025-03-10 21:49:36,4.340006,0.177673,69.478088,4.998779
prototype,47.653132,-122.306114,2025-03-10 21:49:52,4.334565,0.164669,69.191605,4.998779
prototype,47.653132,-122.306114,2025-03-10 21:50:00,4.338655,0.167209,68.905220,4.998779
prototype,47.653132,-122.306114,2025-03-10 21:50:08,4.340006,0.170532,69.096161,4.998779
prototype,47.653132,-122.306114,2025-03-10 21:50:16,4.342752,0.174643,69.096153,4.998779
prototype,47.653132,-122.306114,2025-03-10 21:50:24,4.338655,0.167351,68.905167,4.998779
prototype,47.653132,-122.306114,2025-03-10 21:50:32,4.335954,0.164575,68.905167,4.998779
prototype,47.653132,-122.306114,2025-03-10 21:50:40,4.333214,0.166613,69.191544,4.998779
prototype,47.653132,-122.306114,2025-03-10 21:50:48,4.337305,0.164419,69.000603,4.998779
prototype,47.653132,-122.306114,2025-03-10 21:50:56,4.337304,0.163822,69.191711,4.998779
prototype,47.653132,-122.306114,2025-03-10 21:51:04,4.337304,0.160921,69.763809,4.998779
prototype,47.653132,-122.306114,2025-03-10 21:51:12,4.341401,0.164540,69.382370,4.998779
prototype,47.653132,-122.306114,2025-03-10 21:51:20,4.338615,0.164534,69.000664,4.998779
prototype,47.653132,-122.306114,2025-03-10 21:51:28,4.338655,0.166241,69.191650,4.998779
prototype,47.653132,-122.306114,2025-03-10 21:51:36,4.340006,0.169053,69.191544,4.998779
prototype,47.653132,-122.306114,2025-03-10 21:51:44,4.342711,0.171522,69.191711,4.998779
prototype,47.653132,-122.306114,2025-03-10 21:51:52,4.340006,0.171770,69.191658,4.998779
prototype,47.653132,-122.306114,2025-03-10 21:52:00,4.338699,0.172530,69.287094,4.998779
prototype,47.653132,-122.306114,2025-03-10 21:52:08,4.340006,0.173767,68.905106,4.998779
prototype,47.653132,-122.306114,2025-03-10 21:52:16,4.340007,0.175155,69.191605,4.998779
prototype,47.653132,-122.306114,2025-03-10 21:52:24,4.340006,0.171649,69.191650,4.998779
prototype,47.653132,-122.306114,2025-03-10 21:52:32,4.338655,0.168694,69.000717,4.998779
prototype,47.653132,-122.306114,2025-03-10 21:52:40,4.338655,0.164055,69.382545,4.998779
prototype,47.653132,-122.306114,2025-03-10 21:52:48,4.342752,0.168187,69.287148,4.998779
prototype,47.653132,-122.306114,2025-03-10 21:52:56,4.341401,0.173263,69.287155,4.998779
prototype,47.653132,-122.306114,2025-03-10 21:53:04,4.340007,0.173279,69.096153,4.998779
prototype,47.653132,-122.306114,2025-03-10 21:53:12,4.337348,0.168077,69.000549,4.998779
prototype,47.653132,-122.306114,2025-03-10 21:53:20,4.337304,0.166357,69.573425,4.998779
prototype,47.653132,-122.306114,2025-03-10 21:53:28,4.337304,0.168321,69.000664,4.998779
prototype,47.653132,-122.306114,2025-03-10 21:53:36,4.341357,0.167092,69.287094,4.998779
prototype,47.653132,-122.306114,2025-03-10 21:53:44,4.337305,0.165990,68.904991,4.998779
prototype,47.653132,-122.306114,2025-03-10 21:53:52,4.340050,0.165510,69.000549,4.998779
prototype,47.653132,-122.306114,2025-03-10 21:54:00,4.338655,0.166963,69.287155,4.998779
prototype,47.653132,-122.306114,2025-03-10 21:54:08,4.342752,0.172017,69.191605,4.998779
prototype,47.653132,-122.306114,2025-03-10 21:54:16,4.340007,0.174026,69.096153,4.998779
prototype,47.653132,-122.306114,2025-03-10 21:54:24,4.340007,0.170538,69.668983,4.998779
prototype,47.653132,-122.306114,2025-03-10 21:54:32,4.342752,0.172268,69.382538,4.998779
prototype,47.653132,-122.306114,2025-03-10 21:54:40,4.341401,0.176153,69.573593,4.998779
prototype,47.653132,-122.306114,2025-03-10 21:54:48,4.344106,0.181477,68.905052,4.998779
prototype,47.653132,-122.306114,2025-03-10 21:54:56,4.344106,0.184058,69.382538,4.998779
prototype,47.653132,-122.306114,2025-03-10 21:55:04,4.342752,0.180379,69.382591,4.998779
prototype,47.653132,-122.306114,2025-03-10 21:55:12,4.337348,0.175045,69.096107,4.998779
prototype,47.653132,-122.306114,2025-03-10 21:55:20,4.340050,0.173897,68.905159,4.998779
prototype,47.653132,-122.306114,2025-03-10 21:55:28,4.341401,0.172025,69.287209,4.998779
prototype,47.653132,-122.306114,2025-03-10 21:55:36,4.342752,0.177673,68.809608,4.998779
prototype,47.653132,-122.306114,2025-03-10 21:55:44,4.346814,0.185862,69.000656,4.998779
prototype,47.653132,-122.306114,2025-03-10 21:56:00,4.342752,0.188211,69.191605,4.998779
prototype,47.653132,-122.306114,2025-03-10 21:56:08,4.340050,0.185607,69.191658,4.998779
prototype,47.653132,-122.306114,2025-03-10 21:56:16,4.340050,0.183932,68.905167,4.998779
prototype,47.653132,-122.306114,2025-03-10 21:56:24,4.341357,0.184968,69.191658,4.998779
prototype,47.653132,-122.306114,2025-03-10 21:56:32,4.342752,0.180753,69.478096,4.998779
prototype,47.653132,-122.306114,2025-03-10 21:56:40,4.338655,0.174148,69.382492,4.998779
prototype,47.653132,-122.306114,2025-03-10 21:56:48,4.340006,0.174389,69.669029,4.998779
prototype,47.653132,-122.306114,2025-03-10 21:56:56,4.341357,0.177668,69.573532,4.998779
prototype,47.653132,-122.306114,2025-03-10 21:57:04,4.340053,0.175035,68.809662,4.998779
prototype,47.653132,-122.306114,2025-03-10 21:57:12,4.340007,0.174022,69.287094,4.998779
prototype,47.653132,-122.306114,2025-03-10 21:57:20,4.337264,0.172033,69.573532,4.998779
prototype,47.653132,-122.306114,2025-03-10 21:57:28,4.341357,0.175141,68.714111,4.998779
prototype,47.653132,-122.306114,2025-03-10 21:57:36,4.344106,0.178804,69.478043,4.998779
prototype,47.653132,-122.306114,2025-03-10 21:57:44,4.341357,0.177549,69.000656,4.998779
prototype,47.653132,-122.306114,2025-03-10 21:57:52,4.340006,0.173518,69.191429,4.998779
prototype,47.653132,-122.306114,2025-03-10 21:58:00,4.340006,0.171526,69.287155,4.998779
prototype,47.653132,-122.306114,2025-03-10 21:58:08,4.341401,0.172522,69.287094,4.998779
prototype,47.653132,-122.306114,2025-03-10 21:58:16,4.340050,0.172803,68.905220,4.998779
prototype,47.653132,-122.306114,2025-03-10 21:58:25,4.334605,0.161067,69.000656,4.998779
prototype,47.653132,-122.306114,2025-03-10 21:58:33,4.337264,0.162847,69.381760,4.998779
prototype,47.653132,-122.306114,2025-03-10 21:58:41,4.342711,0.170157,69.191658,4.998779
prototype,47.653132,-122.306114,2025-03-10 21:58:49,4.344106,0.173387,69.191658,4.998779
prototype,47.653132,-122.306114,2025-03-10 21:58:57,4.342752,0.175015,68.905167,4.998779
prototype,47.653132,-122.306114,2025-03-10 21:59:05,4.341357,0.178420,68.905052,4.998779
prototype,47.653132,-122.306114,2025-03-10 21:59:13,4.345460,0.185486,69.287041,4.998779
prototype,47.653132,-122.306114,2025-03-10 21:59:21,4.345460,0.184464,68.809662,4.998779
prototype,47.653132,-122.306114,2025-03-10 21:59:29,4.342755,0.183539,69.478088,4.998779
prototype,47.653132,-122.306114,2025-03-10 21:59:37,4.345460,0.186124,68.809555,4.998779
prototype,47.653132,-122.306114,2025-03-10 21:59:45,4.344106,0.183436,69.954132,4.998779
prototype,47.653132,-122.306114,2025-03-10 21:59:53,4.338655,0.177547,68.905052,4.998779
prototype,47.653132,-122.306114,2025-03-10 22:00:01,4.344106,0.180966,69.096214,4.998779
prototype,47.653132,-122.306114,2025-03-10 22:00:09,4.342711,0.186514,69.287209,4.998779
prototype,47.653132,-122.306114,2025-03-10 22:00:17,4.344106,0.189254,69.573532,4.998779
prototype,47.653132,-122.306114,2025-03-10 22:00:25,4.342752,0.190186,69.000656,4.998779
prototype,47.653132,-122.306114,2025-03-10 22:00:33,4.342752,0.189661,69.573532,4.998779
prototype,47.653132,-122.306114,2025-03-10 22:00:41,4.340007,0.187292,69.096046,4.998779
prototype,47.653132,-122.306114,2025-03-10 22:00:49,4.344106,0.191892,69.096214,4.998779
prototype,47.653132,-122.306114,2025-03-10 22:00:57,4.348171,0.201260,68.809494,4.998779
prototype,47.653132,-122.306114,2025-03-10 22:01:05,4.354995,0.209102,68.809555,4.998779
prototype,47.653132,-122.306114,2025-03-10 22:01:13,4.346817,0.203476,69.478043,4.998779
prototype,47.653132,-122.306114,2025-03-10 22:01:21,4.344106,0.200320,69.000717,4.998779
prototype,47.653132,-122.306114,2025-03-10 22:01:29,4.348171,0.206332,69.287048,4.998779
prototype,47.653132,-122.306114,2025-03-10 22:01:37,4.353637,0.210896,69.000603,4.998779
prototype,47.653132,-122.306114,2025-03-10 22:01:45,4.348171,0.214118,69.382317,4.998779
prototype,47.653132,-122.306114,2025-03-10 22:01:53,4.346858,0.205553,69.191658,4.998779
prototype,47.653132,-122.306114,2025-03-10 22:02:01,4.342752,0.195624,69.000603,4.998779
prototype,47.653132,-122.306114,2025-03-10 22:02:09,4.340007,0.184986,68.809662,4.998779
prototype,47.653132,-122.306114,2025-03-10 22:02:17,4.340006,0.180850,69.382591,4.998779
prototype,47.653132,-122.306114,2025-03-10 22:02:33,4.342752,0.178422,69.096107,4.998779
prototype,47.653132,-122.306114,2025-03-10 22:02:49,4.341357,0.185604,69.573532,4.998779
prototype,47.653132,-122.306114,2025-03-10 22:02:57,4.341401,0.184329,69.000717,4.998779
prototype,47.653132,-122.306114,2025-03-10 22:03:05,4.344106,0.186513,69.287094,4.998779
prototype,47.653132,-122.306114,2025-03-10 22:03:13,4.344106,0.188217,68.427055,4.998779
prototype,47.653132,-122.306114,2025-03-10 22:03:21,4.340050,0.180751,69.191658,4.998779
prototype,47.653132,-122.306114,2025-03-10 22:03:29,4.340006,0.172535,68.809608,4.998779
prototype,47.653132,-122.306114,2025-03-10 22:03:37,4.338699,0.165646,69.191544,4.998779
prototype,47.653132,-122.306114,2025-03-10 22:03:45,4.337307,0.163210,69.096107,4.998779
prototype,47.653132,-122.306114,2025-03-10 22:03:53,4.335954,0.159610,68.905052,4.998779
prototype,47.653132,-122.306114,2025-03-10 22:04:01,4.338655,0.161639,69.000717,4.998779
prototype,47.653132,-122.306114,2025-03-10 22:04:09,4.340050,0.161914,69.096107,4.998779
prototype,47.653132,-122.306114,2025-03-10 22:04:17,4.340050,0.158300,69.000656,4.998779
prototype,47.653132,-122.306114,2025-03-10 22:04:25,4.341357,0.163691,69.287155,4.998779
prototype,47.653132,-122.306114,2025-03-10 22:04:33,4.342752,0.168925,69.000488,4.998779
prototype,47.653132,-122.306114,2025-03-10 22:04:41,4.344106,0.172764,69.096107,4.998779
prototype,47.653132,-122.306114,2025-03-10 22:04:49,4.344106,0.177665,69.000656,4.998779
prototype,47.653132,-122.306114,2025-03-10 22:04:57,4.342752,0.180584,69.191544,4.998779
prototype,47.653132,-122.306114,2025-03-10 22:05:05,4.346814,0.187297,68.714111,4.998779
prototype,47.653132,-122.306114,2025-03-10 22:05:13,4.348212,0.192025,68.905167,4.998779
prototype,47.653132,-122.306114,2025-03-10 22:05:29,4.342755,0.187862,69.382530,4.998779
prototype,47.653132,-122.306114,2025-03-10 22:05:37,4.340006,0.179080,69.382645,4.998779
prototype,47.653132,-122.306114,2025-03-10 22:05:45,4.341401,0.173057,69.478043,4.998779
prototype,47.653132,-122.306114,2025-03-10 22:05:53,4.340050,0.169183,69.382652,4.998779
prototype,47.653132,-122.306114,2025-03-10 22:06:01,4.340007,0.169553,69.096107,4.998779
prototype,47.653132,-122.306114,2025-03-10 22:06:09,4.344150,0.172016,69.191650,4.998779
prototype,47.653132,-122.306114,2025-03-10 22:06:17,4.341357,0.173523,69.191597,4.998779
prototype,47.653132,-122.306114,2025-03-10 22:06:25,4.338655,0.166520,69.096214,4.998779
prototype,47.653132,-122.306114,2025-03-10 22:06:33,4.337305,0.158901,69.000549,4.998779
prototype,47.653132,-122.306114,2025-03-10 22:06:41,4.338655,0.158297,69.573471,4.998779
prototype,47.653132,-122.306114,2025-03-10 22:06:49,4.338655,0.159244,69.287209,4.998779
prototype,47.653132,-122.306114,2025-03-10 22:07:05,4.337304,0.155712,69.000656,4.998779
prototype,47.653132,-122.306114,2025-03-10 22:07:13,4.338655,0.156408,69.191658,4.998779
prototype,47.653132,-122.306114,2025-03-10 22:07:21,4.341401,0.158422,69.096046,4.998779
prototype,47.653132,-122.306114,2025-03-10 22:07:29,4.335954,0.154197,68.905167,4.998779
prototype,47.653132,-122.306114,2025-03-10 22:07:45,4.334605,0.150223,69.096214,4.998779
prototype,47.653132,-122.306114,2025-03-10 22:07:53,4.337305,0.149425,69.096214,4.998779
prototype,47.653132,-122.306114,2025-03-10 22:08:01,4.338655,0.153352,68.905052,4.998779
prototype,47.653132,-122.306114,2025-03-10 22:08:09,4.341357,0.152542,69.478104,4.998779
prototype,47.653132,-122.306114,2025-03-10 22:08:17,4.338615,0.152541,69.095993,4.998779
prototype,47.653132,-122.306114,2025-03-10 22:08:33,4.342752,0.161882,69.287094,4.998779
prototype,47.653132,-122.306114,2025-03-10 22:08:41,4.342752,0.160436,69.287155,4.998779
prototype,47.653132,-122.306114,2025-03-10 22:08:49,4.338699,0.153991,69.096107,4.998779
prototype,47.653132,-122.306114,2025-03-10 22:08:57,4.337264,0.149439,69.096214,4.998779
prototype,47.653132,-122.306114,2025-03-10 22:09:05,4.334565,0.148278,69.096161,4.998779
prototype,47.653132,-122.306114,2025-03-10 22:09:13,4.340006,0.151375,69.477982,4.998779
prototype,47.653132,-122.306114,2025-03-10 22:09:21,4.340050,0.150347,69.096214,4.998779
prototype,47.653132,-122.306114,2025-03-10 22:09:29,4.340050,0.148505,69.000603,4.998779
prototype,47.653132,-122.306114,2025-03-10 22:09:37,4.335957,0.148403,69.096107,4.998779
prototype,47.653132,-122.306114,2025-03-10 22:09:45,4.341357,0.152297,69.287155,4.998779
prototype,47.653132,-122.306114,2025-03-10 22:09:53,4.341357,0.155812,68.905167,4.998779
prototype,47.653132,-122.306114,2025-03-10 22:10:09,4.342752,0.163693,69.096153,4.998779
prototype,47.653132,-122.306114,2025-03-10 22:10:17,4.344106,0.167330,69.191544,4.998779
prototype,47.653132,-122.306114,2025-03-10 22:10:25,4.344106,0.169300,69.955185,4.998779
prototype,47.653132,-122.306114,2025-03-10 22:10:33,4.340050,0.168087,69.669029,4.998779
prototype,47.653132,-122.306114,2025-03-10 22:10:41,4.341401,0.162978,69.764481,4.998779
prototype,47.653132,-122.306114,2025-03-10 22:10:49,4.340006,0.159134,69.573425,4.998779
prototype,47.653132,-122.306114,2025-03-10 22:10:57,4.341357,0.162357,69.096046,4.998779
prototype,47.653132,-122.306114,2025-03-10 22:11:05,4.342755,0.164794,69.477982,4.998779
prototype,47.653132,-122.306114,2025-03-10 22:11:13,4.342752,0.163443,69.191650,4.998779
prototype,47.653132,-122.306114,2025-03-10 22:11:21,4.342752,0.164420,69.096214,4.998779
prototype,47.653132,-122.306114,2025-03-10 22:11:37,4.342752,0.169666,69.096207,4.998779
prototype,47.653132,-122.306114,2025-03-10 22:11:45,4.341357,0.165875,68.618561,4.998779
prototype,47.653132,-122.306114,2025-03-10 22:11:53,4.337348,0.162619,69.096214,4.998779
prototype,47.653132,-122.306114,2025-03-10 22:12:01,4.340007,0.158071,69.382492,4.998779
prototype,47.653132,-122.306114,2025-03-10 22:12:09,4.340006,0.159129,69.096214,4.998779
prototype,47.653132,-122.306114,2025-03-10 22:12:17,4.342752,0.161519,69.191650,4.998779
prototype,47.653132,-122.306114,2025-03-10 22:12:25,4.340006,0.162012,69.287041,4.998779
prototype,47.653132,-122.306114,2025-03-10 22:12:33,4.340050,0.157645,69.477806,4.998779
prototype,47.653132,-122.306114,2025-03-10 22:12:41,4.337351,0.153026,69.478088,4.998779
prototype,47.653132,-122.306114,2025-03-10 22:12:49,4.338655,0.156641,69.478149,4.998779
prototype,47.653132,-122.306114,2025-03-10 22:12:57,4.340007,0.160553,69.287209,4.998779
prototype,47.653132,-122.306114,2025-03-10 22:13:05,4.342711,0.161885,69.190979,4.998779
prototype,47.653132,-122.306114,2025-03-10 22:13:13,4.340007,0.160676,69.382423,4.998779
prototype,47.653132,-122.306114,2025-03-10 22:13:21,4.341357,0.162367,69.095985,4.998779
prototype,47.653132,-122.306114,2025-03-10 22:13:29,4.341401,0.161046,69.287148,4.998779
prototype,47.653132,-122.306114,2025-03-10 22:13:37,4.342752,0.162954,69.096107,4.998779
prototype,47.653132,-122.306114,2025-03-10 22:13:45,4.340006,0.161765,69.191658,4.998779
prototype,47.653132,-122.306114,2025-03-10 22:13:53,4.341401,0.159376,69.382652,4.998779
prototype,47.653132,-122.306114,2025-03-10 22:14:01,4.338655,0.156528,69.191650,4.998779
prototype,47.653132,-122.306114,2025-03-10 22:14:09,4.338655,0.154530,69.000488,4.998779
prototype,47.653132,-122.306114,2025-03-10 22:14:17,4.338658,0.149563,69.382545,4.998779
prototype,47.653132,-122.306114,2025-03-10 22:14:25,4.331866,0.143640,69.191490,4.998779
prototype,47.653132,-122.306114,2025-03-10 22:14:33,4.331866,0.141161,69.096153,4.998779
prototype,47.653132,-122.306114,2025-03-10 22:14:41,4.337304,0.146107,69.000717,4.998779
prototype,47.653132,-122.306114,2025-03-10 22:14:49,4.341357,0.149067,69.191711,4.998779
prototype,47.653132,-122.306114,2025-03-10 22:15:05,4.340050,0.154522,69.191711,4.998779
prototype,47.653132,-122.306114,2025-03-10 22:15:13,4.340050,0.152432,69.191711,4.998779
prototype,47.653132,-122.306114,2025-03-10 22:15:21,4.337304,0.150799,69.191650,4.998779
prototype,47.653132,-122.306114,2025-03-10 22:15:29,4.340006,0.155816,69.478149,4.998779
prototype,47.653132,-122.306114,2025-03-10 22:15:37,4.340050,0.157719,69.000717,4.998779
prototype,47.653132,-122.306114,2025-03-10 22:15:45,4.338658,0.156546,69.382599,4.998779
prototype,47.653132,-122.306114,2025-03-10 22:15:53,4.335913,0.149199,69.095932,4.998779
prototype,47.653132,-122.306114,2025-03-10 22:16:01,4.335913,0.145550,69.191597,4.998779
prototype,47.653132,-122.306114,2025-03-10 22:16:09,4.336000,0.143857,69.382591,4.998779
prototype,47.653132,-122.306114,2025-03-10 22:16:17,4.334562,0.144183,69.478043,4.998779
prototype,47.653132,-122.306114,2025-03-10 22:16:33,4.338655,0.145199,68.905220,4.998779
prototype,47.653132,-122.306114,2025-03-10 22:16:49,4.341357,0.152999,69.287155,4.998779
prototype,47.653132,-122.306114,2025-03-10 22:16:57,4.341401,0.155833,69.477982,4.998779
prototype,47.653132,-122.306114,2025-03-10 22:17:05,4.342752,0.155466,68.618500,4.998779
prototype,47.653132,-122.306114,2025-03-10 22:17:13,4.342752,0.157936,68.904991,4.998779
prototype,47.653132,-122.306114,2025-03-10 22:17:29,4.342752,0.161404,68.905167,4.998779
prototype,47.653132,-122.306114,2025-03-10 22:17:37,4.341401,0.161036,69.382652,4.998779
prototype,47.653132,-122.306114,2025-03-10 22:17:45,4.342752,0.166974,69.096107,4.998779
prototype,47.653132,-122.306114,2025-03-10 22:17:53,4.342752,0.169181,69.096161,4.998779
prototype,47.653132,-122.306114,2025-03-10 22:18:01,4.344106,0.173014,69.095932,4.998779
prototype,47.653132,-122.306114,2025-03-10 22:18:17,4.344106,0.173770,69.477982,4.998779
prototype,47.653132,-122.306114,2025-03-10 22:18:25,4.341357,0.171398,69.191658,4.998779
prototype,47.653132,-122.306114,2025-03-10 22:18:33,4.342752,0.172270,69.000717,4.998779
prototype,47.653132,-122.306114,2025-03-10 22:18:41,4.344106,0.173138,69.478088,4.998779
prototype,47.653132,-122.306114,2025-03-10 22:18:49,4.345460,0.176396,68.905159,4.998779
prototype,47.653132,-122.306114,2025-03-10 22:18:57,4.345503,0.178305,69.382484,4.998779
prototype,47.653132,-122.306114,2025-03-10 22:19:05,4.342711,0.176032,69.096153,4.998779
prototype,47.653132,-122.306114,2025-03-10 22:19:21,4.341401,0.165752,69.096153,4.998779
prototype,47.653132,-122.306114,2025-03-10 22:19:29,4.341357,0.164905,69.287155,4.998779
prototype,47.653132,-122.306114,2025-03-10 22:19:37,4.342752,0.167941,69.191711,4.998779
prototype,47.653132,-122.306114,2025-03-10 22:19:45,4.341401,0.163106,69.287041,4.998779
prototype,47.653132,-122.306114,2025-03-10 22:19:53,4.341357,0.161281,69.000717,4.998779
prototype,47.653132,-122.306114,2025-03-10 22:20:01,4.338655,0.156177,69.000717,4.998779
prototype,47.653132,-122.306114,2025-03-10 22:20:09,4.337305,0.154643,69.287094,4.998779
prototype,47.653132,-122.306114,2025-03-10 22:20:17,4.341357,0.157583,69.191605,4.998779
prototype,47.653132,-122.306114,2025-03-10 22:20:25,4.342752,0.161997,69.382484,4.998779
prototype,47.653132,-122.306114,2025-03-10 22:20:34,4.345460,0.165140,69.287155,4.998779
prototype,47.653132,-122.306114,2025-03-10 22:20:42,4.342752,0.166477,69.191429,4.998779
prototype,47.653132,-122.306114,2025-03-10 22:20:50,4.344106,0.171155,69.287155,4.998779
prototype,47.653132,-122.306114,2025-03-10 22:20:58,4.342752,0.170412,69.382652,4.998779
prototype,47.653132,-122.306114,2025-03-10 22:21:06,4.341404,0.166261,69.191658,4.998779
prototype,47.653132,-122.306114,2025-03-10 22:21:14,4.338698,0.159015,69.000488,4.998779
prototype,47.653132,-122.306114,2025-03-10 22:21:30,4.337304,0.149548,68.618057,4.998779
prototype,47.653132,-122.306114,2025-03-10 22:21:38,4.335914,0.146022,69.382591,4.998779
prototype,47.653132,-122.306114,2025-03-10 22:21:46,4.337264,0.142271,69.287155,4.998779
prototype,47.653132,-122.306114,2025-03-10 22:21:54,4.333257,0.140414,69.191658,4.998779
prototype,47.653132,-122.306114,2025-03-10 22:22:10,4.344106,0.151723,69.573593,4.998779
prototype,47.653132,-122.306114,2025-03-10 22:22:18,4.342752,0.151381,69.478043,4.998779
prototype,47.653132,-122.306114,2025-03-10 22:22:26,4.335954,0.150464,69.382652,4.998779
prototype,47.653132,-122.306114,2025-03-10 22:22:34,4.340050,0.146461,69.191711,4.998779
prototype,47.653132,-122.306114,2025-03-10 22:22:42,4.334609,0.141710,69.954132,4.998779
prototype,47.653132,-122.306114,2025-03-10 22:22:58,4.337304,0.143058,69.000717,4.998779
prototype,47.653132,-122.306114,2025-03-10 22:23:06,4.338655,0.143946,68.905159,4.998779
prototype,47.653132,-122.306114,2025-03-10 22:23:14,4.334562,0.145433,69.478088,4.998779
prototype,47.653132,-122.306114,2025-03-10 22:23:22,4.338698,0.147919,69.096100,4.998779
prototype,47.653132,-122.306114,2025-03-10 22:23:30,4.342752,0.151261,68.905159,4.998779
prototype,47.653132,-122.306114,2025-03-10 22:23:38,4.342711,0.156167,69.191711,4.998779
prototype,47.653132,-122.306114,2025-03-10 22:23:46,4.340050,0.155127,69.669029,4.998779
prototype,47.653132,-122.306114,2025-03-10 22:23:54,4.338655,0.150574,69.096153,4.998779
prototype,47.653132,-122.306114,2025-03-10 22:24:02,4.335957,0.146108,69.477928,4.998779
prototype,47.653132,-122.306114,2025-03-10 22:24:10,4.340006,0.145644,69.096214,4.998779
prototype,47.653132,-122.306114,2025-03-10 22:24:18,4.341357,0.147351,69.096214,4.998779
prototype,47.653132,-122.306114,2025-03-10 22:24:26,4.341357,0.152300,69.096161,4.998779
prototype,47.653132,-122.306114,2025-03-10 22:24:34,4.339966,0.154410,69.096107,4.998779
prototype,47.653132,-122.306114,2025-03-10 22:24:42,4.340050,0.154543,69.478088,4.998779
prototype,47.653132,-122.306114,2025-03-10 22:24:50,4.335957,0.151384,69.478149,4.998779
prototype,47.653132,-122.306114,2025-03-10 22:24:58,4.338655,0.149772,69.287155,4.998779
prototype,47.653132,-122.306114,2025-03-10 22:25:06,4.340007,0.148950,69.382599,4.998779
prototype,47.653132,-122.306114,2025-03-10 22:25:14,4.334605,0.142518,69.096214,4.998779
prototype,47.653132,-122.306114,2025-03-10 22:25:22,4.331866,0.136531,69.287155,4.998779
prototype,47.653132,-122.306114,2025-03-10 22:25:30,4.330518,0.134124,69.287094,4.998779
prototype,47.653132,-122.306114,2025-03-10 22:25:38,4.331866,0.131431,69.382545,4.998779
prototype,47.653132,-122.306114,2025-03-10 22:25:46,4.331866,0.129504,69.287148,4.998779
prototype,47.653132,-122.306114,2025-03-10 22:25:54,4.334605,0.130765,69.477814,4.998779
prototype,47.653132,-122.306114,2025-03-10 22:26:02,4.334565,0.132182,69.287094,4.998779
prototype,47.653132,-122.306114,2025-03-10 22:26:10,4.334605,0.131417,69.382431,4.998779
prototype,47.653132,-122.306114,2025-03-10 22:26:18,4.334605,0.130558,69.382599,4.998779
prototype,47.653132,-122.306114,2025-03-10 22:26:26,4.335914,0.131745,69.191490,4.998779
prototype,47.653132,-122.306114,2025-03-10 22:26:34,4.337264,0.130355,69.000664,4.998779
prototype,47.653132,-122.306114,2025-03-10 22:26:42,4.330561,0.127483,69.287102,4.998779
prototype,47.653132,-122.306114,2025-03-10 22:26:50,4.331866,0.129282,69.096161,4.998779
prototype,47.653132,-122.306114,2025-03-10 22:26:58,4.335956,0.128959,69.573303,4.998779
prototype,47.653132,-122.306114,2025-03-10 22:27:06,4.334609,0.128966,69.000717,4.998779
prototype,47.653132,-122.306114,2025-03-10 22:27:14,4.331826,0.127803,69.000656,4.998779
prototype,47.653132,-122.306114,2025-03-10 22:27:22,4.334562,0.130018,69.573540,4.998779
prototype,47.653132,-122.306114,2025-03-10 22:27:30,4.334562,0.130680,69.287048,4.998779
prototype,47.653132,-122.306114,2025-03-10 22:27:38,4.338655,0.130769,69.382652,4.998779
prototype,47.653132,-122.306114,2025-03-10 22:27:46,4.338699,0.133349,69.287041,4.998779
prototype,47.653132,-122.306114,2025-03-10 22:27:54,4.337304,0.132705,68.905167,4.998779
prototype,47.653132,-122.306114,2025-03-10 22:28:02,4.333214,0.131747,69.287148,4.998779
dummy,69.420,13.37,2025-03-10 22:28:04
prototype,47.653132,-122.306114,2025-03-10 22:28:10,4.338699,0.132814,69.096214,4.998779
prototype,47.653132,-122.306114,2025-03-10 22:28:18,4.337304,0.134335,69.668983,4.998779
prototype,47.653132,-122.306114,2025-03-10 22:28:26,4.337304,0.134651,69.287155,4.998779
prototype,47.653132,-122.306114,2025-03-10 22:28:34,4.337307,0.136399,69.096153,4.998779
prototype,47.653132,-122.306114,2025-03-10 22:28:42,4.337304,0.134003,69.382599,4.998779
prototype,47.653132,-122.306114,2025-03-10 22:28:50,4.330518,0.129913,69.478088,4.998779
prototype,47.653132,-122.306114,2025-03-10 22:28:58,4.330518,0.128020,69.573532,4.998779
prototype,47.653132,-122.306114,2025-03-10 22:29:06,4.337305,0.128322,69.382652,4.998779
prototype,47.653132,-122.306114,2025-03-10 22:29:14,4.340007,0.133565,69.382599,4.998779
prototype,47.653132,-122.306114,2025-03-10 22:29:22,4.340006,0.139477,69.000603,4.998779
prototype,47.653132,-122.306114,2025-03-10 22:29:30,4.341401,0.138838,69.191605,4.998779
prototype,47.653132,-122.306114,2025-03-10 22:29:38,4.337304,0.137381,69.382484,4.998779
prototype,47.653132,-122.306114,2025-03-10 22:29:46,4.340006,0.139926,68.905220,4.998779
prototype,47.653132,-122.306114,2025-03-10 22:29:54,4.340050,0.140591,69.287155,4.998779
prototype,47.653132,-122.306114,2025-03-10 22:30:02,4.341357,0.144740,69.478149,4.998779
prototype,47.653132,-122.306114,2025-03-10 22:30:10,4.342752,0.148262,69.478088,4.998779
prototype,47.653132,-122.306114,2025-03-10 22:30:18,4.341357,0.148395,68.713943,4.998779
prototype,47.653132,-122.306114,2025-03-10 22:30:26,4.335954,0.141637,69.191650,4.998779
prototype,47.653132,-122.306114,2025-03-10 22:30:34,4.333257,0.136516,69.573318,4.998779
prototype,47.653132,-122.306114,2025-03-10 22:30:42,4.335956,0.135525,69.382645,4.998779
prototype,47.653132,-122.306114,2025-03-10 22:30:50,4.337304,0.136944,69.573364,4.998779
prototype,47.653132,-122.306114,2025-03-10 22:30:58,4.338615,0.140262,69.573540,4.998779
prototype,47.653132,-122.306114,2025-03-10 22:31:06,4.335954,0.137077,68.522896,4.998779
prototype,47.653132,-122.306114,2025-03-10 22:31:14,4.333217,0.133158,69.096214,4.998779
prototype,47.653132,-122.306114,2025-03-10 22:31:22,4.333214,0.129839,69.191605,4.998779
prototype,47.653132,-122.306114,2025-03-10 22:31:30,4.330518,0.127807,69.478043,4.998779
prototype,47.653132,-122.306114,2025-03-10 22:31:47,4.335913,0.132492,69.096107,4.998779
prototype,47.653132,-122.306114,2025-03-10 22:31:55,4.337308,0.134110,69.764420,4.998779
prototype,47.653132,-122.306114,2025-03-10 22:32:03,4.334605,0.133682,68.905167,4.998779
prototype,47.653132,-122.306114,2025-03-10 22:32:11,4.337304,0.134329,69.191711,4.998779
prototype,47.653132,-122.306114,2025-03-10 22:32:19,4.334609,0.133153,69.669029,4.998779
prototype,47.653132,-122.306114,2025-03-10 22:32:27,4.330521,0.130267,69.478088,4.998779
prototype,47.653132,-122.306114,2025-03-10 22:32:35,4.333257,0.127591,69.191650,4.998779
prototype,47.653132,-122.306114,2025-03-10 22:32:43,4.335914,0.129915,69.668983,4.998779
prototype,47.653132,-122.306114,2025-03-10 22:32:51,4.335957,0.130766,69.669029,4.998779
prototype,47.653132,-122.306114,2025-03-10 22:32:59,4.335916,0.134764,69.096214,4.998779
prototype,47.653132,-122.306114,2025-03-10 22:33:15,4.337304,0.137605,69.096214,4.998779
prototype,47.653132,-122.306114,2025-03-10 22:33:23,4.338655,0.138163,69.287155,4.998779
prototype,47.653132,-122.306114,2025-03-10 22:33:31,4.337264,0.139265,69.287094,4.998779
prototype,47.653132,-122.306114,2025-03-10 22:33:39,4.337304,0.140143,69.764481,4.998779
prototype,47.653132,-122.306114,2025-03-10 22:33:47,4.338655,0.143952,69.478088,4.998779
prototype,47.653132,-122.306114,2025-03-10 22:33:55,4.340050,0.142713,69.382431,4.998779
prototype,47.653132,-122.306114,2025-03-10 22:34:03,4.338655,0.141826,69.478096,4.998779
prototype,47.653132,-122.306114,2025-03-10 22:34:11,4.338655,0.140276,69.382484,4.998779
prototype,47.653132,-122.306114,2025-03-10 22:34:19,4.337304,0.140813,68.522270,4.998779
prototype,47.653132,-122.306114,2025-03-10 22:34:27,4.338655,0.139044,69.096153,4.998779
prototype,47.653132,-122.306114,2025-03-10 22:34:43,4.330518,0.131120,69.287155,4.998779
prototype,47.653132,-122.306114,2025-03-10 22:34:51,4.334565,0.133677,69.287048,4.998779
prototype,47.653132,-122.306114,2025-03-10 22:34:59,4.334605,0.135302,69.287094,4.998779
prototype,47.653132,-122.306114,2025-03-10 22:35:07,4.337305,0.137604,69.191658,4.998779
prototype,47.653132,-122.306114,2025-03-10 22:35:23,4.333214,0.130354,69.000717,4.998779
prototype,47.653132,-122.306114,2025-03-10 22:35:31,4.333217,0.129409,69.096153,4.998779
prototype,47.653132,-122.306114,2025-03-10 22:35:39,4.335954,0.130981,69.287155,4.998779
prototype,47.653132,-122.306114,2025-03-10 22:35:47,4.334605,0.130043,69.096153,4.998779
prototype,47.653132,-122.306114,2025-03-10 22:35:55,4.334609,0.129278,69.382599,4.998779
prototype,47.653132,-122.306114,2025-03-10 22:36:03,4.334605,0.129812,69.382591,4.998779
prototype,47.653132,-122.306114,2025-03-10 22:36:11,4.333214,0.128119,69.096107,4.998779
prototype,47.653132,-122.306114,2025-03-10 22:36:19,4.331866,0.124249,69.382652,4.998779
prototype,47.653132,-122.306114,2025-03-10 22:36:27,4.333257,0.124849,69.382591,4.998779
prototype,47.653132,-122.306114,2025-03-10 22:36:35,4.334605,0.126324,69.287041,4.998779
prototype,47.653132,-122.306114,2025-03-10 22:36:43,4.333214,0.128219,69.382530,4.998779
prototype,47.653132,-122.306114,2025-03-10 22:36:51,4.335957,0.130571,69.000603,4.998779
prototype,47.653132,-122.306114,2025-03-10 22:36:59,4.333214,0.127692,69.382652,4.998779
prototype,47.653132,-122.306114,2025-03-10 22:37:07,4.334609,0.124561,69.096107,4.998779
prototype,47.653132,-122.306114,2025-03-10 22:37:15,4.331866,0.124336,69.287155,4.998779
prototype,47.653132,-122.306114,2025-03-10 22:37:23,4.333214,0.126127,69.286880,4.998779
prototype,47.653132,-122.306114,2025-03-10 22:37:31,4.334565,0.127919,68.905159,4.998779
prototype,47.653132,-122.306114,2025-03-10 22:37:39,4.334565,0.127805,69.382591,4.998779
prototype,47.653132,-122.306114,2025-03-10 22:37:47,4.335954,0.128848,69.191483,4.998779
prototype,47.653132,-122.306114,2025-03-10 22:37:55,4.333214,0.129073,69.573479,4.998779
prototype,47.653132,-122.306114,2025-03-10 22:38:03,4.334562,0.128965,69.287041,4.998779
prototype,47.653132,-122.306114,2025-03-10 22:38:11,4.334605,0.127590,69.382652,4.998779
prototype,47.653132,-122.306114,2025-03-10 22:38:19,4.334605,0.127057,69.287155,4.998779
prototype,47.653132,-122.306114,2025-03-10 22:38:35,4.340006,0.134216,69.191605,4.998779
prototype,47.653132,-122.306114,2025-03-10 22:38:51,4.335956,0.129815,70.049515,4.998779
prototype,47.653132,-122.306114,2025-03-10 22:38:59,4.334562,0.130567,69.382591,4.998779
prototype,47.653132,-122.306114,2025-03-10 22:39:07,4.331866,0.127273,69.477928,4.998779
prototype,47.653132,-122.306114,2025-03-10 22:39:15,4.330518,0.124239,69.478088,4.998779
prototype,47.653132,-122.306114,2025-03-10 22:39:31,4.331866,0.123027,69.287209,4.998779
prototype,47.653132,-122.306114,2025-03-10 22:39:39,4.338655,0.124638,69.096046,4.998779
prototype,47.653132,-122.306114,2025-03-10 22:39:47,4.335954,0.127801,69.000656,4.998779
prototype,47.653132,-122.306114,2025-03-10 22:39:55,4.337304,0.130339,69.477982,4.998779
prototype,47.653132,-122.306114,2025-03-10 22:40:03,4.338699,0.130981,69.287155,4.998779
prototype,47.653132,-122.306114,2025-03-10 22:40:11,4.341401,0.134114,68.904991,4.998779
prototype,47.653132,-122.306114,2025-03-10 22:40:19,4.334605,0.130570,69.763809,4.998779
prototype,47.653132,-122.306114,2025-03-10 22:40:27,4.333214,0.127185,69.382591,4.998779
prototype,47.653132,-122.306114,2025-03-10 22:40:35,4.329170,0.122379,69.000717,4.998779
prototype,47.653132,-122.306114,2025-03-10 22:40:43,4.331866,0.124649,69.382530,4.998779
prototype,47.653132,-122.306114,2025-03-10 22:40:51,4.338615,0.130998,69.382652,4.998779
prototype,47.653132,-122.306114,2025-03-10 22:40:59,4.342752,0.136943,69.478096,4.998779
prototype,47.653132,-122.306114,2025-03-10 22:41:07,4.337304,0.138594,69.287094,4.998779
prototype,47.653132,-122.306114,2025-03-10 22:41:15,4.342752,0.140706,69.191658,4.998779
prototype,47.653132,-122.306114,2025-03-10 22:41:23,4.338655,0.136841,69.573532,4.998779
prototype,47.653132,-122.306114,2025-03-10 22:41:31,4.333217,0.130812,69.000549,4.998779
prototype,47.653132,-122.306114,2025-03-10 22:41:39,4.333214,0.130343,69.287041,4.998779
prototype,47.653132,-122.306114,2025-03-10 22:41:47,4.335954,0.133566,69.096214,4.998779
prototype,47.653132,-122.306114,2025-03-10 22:41:55,4.337304,0.131330,69.669037,4.998779
prototype,47.653132,-122.306114,2025-03-10 22:42:03,4.333257,0.128219,69.287155,4.998779
prototype,47.653132,-122.306114,2025-03-10 22:42:11,4.333257,0.128113,69.382599,4.998779
prototype,47.653132,-122.306114,2025-03-10 22:42:19,4.331909,0.125709,68.905052,4.998779
prototype,47.653132,-122.306114,2025-03-10 22:42:28,4.333214,0.124151,69.096214,4.998779
prototype,47.653132,-122.306114,2025-03-10 22:42:36,4.330478,0.120617,69.000549,4.998779
prototype,47.653132,-122.306114,2025-03-10 22:42:44,4.334605,0.123911,69.478149,4.998779
prototype,47.653132,-122.306114,2025-03-10 22:43:00,4.334605,0.127369,69.191605,4.998779
prototype,47.653132,-122.306114,2025-03-10 22:43:08,4.340006,0.130231,69.096207,4.998779
prototype,47.653132,-122.306114,2025-03-10 22:43:16,4.338655,0.130346,69.191605,4.998779
prototype,47.653132,-122.306114,2025-03-10 22:43:24,4.338655,0.132389,69.096107,4.998779
prototype,47.653132,-122.306114,2025-03-10 22:43:32,4.335914,0.132824,69.573532,4.998779
prototype,47.653132,-122.306114,2025-03-10 22:43:40,4.331866,0.130783,69.000717,4.998779
prototype,47.653132,-122.306114,2025-03-10 22:43:48,4.335954,0.125592,69.382652,4.998779
prototype,47.653132,-122.306114,2025-03-10 22:43:56,4.333214,0.125069,69.096207,4.998779
prototype,47.653132,-122.306114,2025-03-10 22:44:04,4.329170,0.123130,69.382652,4.998779
prototype,47.653132,-122.306114,2025-03-10 22:44:12,4.330561,0.118884,69.191658,4.998779
prototype,47.653132,-122.306114,2025-03-10 22:44:20,4.331866,0.120201,69.000717,4.998779
prototype,47.653132,-122.306114,2025-03-10 22:44:28,4.334562,0.124758,69.382591,4.998779
prototype,47.653132,-122.306114,2025-03-10 22:44:36,4.334605,0.126126,68.809669,4.998779
prototype,47.653132,-122.306114,2025-03-10 22:44:44,4.331866,0.122519,69.669029,4.998779
prototype,47.653132,-122.306114,2025-03-10 22:44:52,4.334565,0.122672,69.573593,4.998779
prototype,47.653132,-122.306114,2025-03-10 22:45:08,4.333217,0.122679,69.287209,4.998779
prototype,47.653132,-122.306114,2025-03-10 22:45:16,4.337304,0.122363,68.522614,4.998779
prototype,47.653132,-122.306114,2025-03-10 22:45:24,4.333214,0.122988,69.191376,4.998779
prototype,47.653132,-122.306114,2025-03-10 22:45:32,4.337264,0.126856,69.000549,4.998779
prototype,47.653132,-122.306114,2025-03-10 22:45:40,4.341401,0.130659,69.478043,4.998779
prototype,47.653132,-122.306114,2025-03-10 22:45:48,4.341357,0.136392,68.905167,4.998779
prototype,47.653132,-122.306114,2025-03-10 22:45:56,4.341401,0.141925,69.287148,4.998779
prototype,47.653132,-122.306114,2025-03-10 22:46:04,4.344106,0.146452,69.191711,4.998779
prototype,47.653132,-122.306114,2025-03-10 22:46:12,4.338658,0.138725,69.382652,4.998779
prototype,47.653132,-122.306114,2025-03-10 22:46:20,4.338655,0.136406,69.191605,4.998779
prototype,47.653132,-122.306114,2025-03-10 22:46:28,4.337307,0.136731,69.382317,4.998779
prototype,47.653132,-122.306114,2025-03-10 22:46:36,4.337264,0.135639,69.573532,4.998779
prototype,47.653132,-122.306114,2025-03-10 22:46:44,4.337304,0.134440,69.287155,4.998779
prototype,47.653132,-122.306114,2025-03-10 22:46:52,4.340050,0.134435,69.382591,4.998779
prototype,47.653132,-122.306114,2025-03-10 22:47:00,4.334609,0.131646,68.714111,4.998779
prototype,47.653132,-122.306114,2025-03-10 22:47:08,4.334565,0.130781,69.764481,4.998779
prototype,47.653132,-122.306114,2025-03-10 22:47:16,4.333214,0.132497,69.477982,4.998779
prototype,47.653132,-122.306114,2025-03-10 22:47:24,4.340050,0.135523,69.287148,4.998779
prototype,47.653132,-122.306114,2025-03-10 22:47:32,4.342752,0.138812,69.191650,4.998779
prototype,47.653132,-122.306114,2025-03-10 22:47:40,4.340050,0.140368,69.478043,4.998779
prototype,47.653132,-122.306114,2025-03-10 22:47:48,4.341401,0.141382,69.764420,4.998779
prototype,47.653132,-122.306114,2025-03-10 22:47:56,4.338655,0.137164,68.905106,4.998779
prototype,47.653132,-122.306114,2025-03-10 22:48:04,4.337264,0.137941,69.382645,4.998779
prototype,47.653132,-122.306114,2025-03-10 22:48:12,4.336000,0.134567,69.382492,4.998779
prototype,47.653132,-122.306114,2025-03-10 22:48:20,4.334562,0.131104,69.573425,4.998779
prototype,47.653132,-122.306114,2025-03-10 22:48:36,4.335914,0.136185,69.382591,4.998779
prototype,47.653132,-122.306114,2025-03-10 22:48:52,4.331866,0.129522,69.573532,4.998779
prototype,47.653132,-122.306114,2025-03-10 22:49:00,4.334565,0.127906,68.905052,4.998779
prototype,47.653132,-122.306114,2025-03-10 22:49:08,4.330518,0.124681,69.191544,4.998779
prototype,47.653132,-122.306114,2025-03-10 22:49:16,4.333217,0.124028,69.478088,4.998779
prototype,47.653132,-122.306114,2025-03-10 22:49:24,4.330518,0.122911,69.191711,4.998779
prototype,47.653132,-122.306114,2025-03-10 22:49:32,4.330518,0.120935,69.287209,4.998779
prototype,47.653132,-122.306114,2025-03-10 22:49:40,4.331866,0.123089,69.000656,4.998779
prototype,47.653132,-122.306114,2025-03-10 22:49:48,4.334605,0.124230,69.191544,4.998779
prototype,47.653132,-122.306114,2025-03-10 22:49:56,4.337264,0.126212,69.096161,4.998779
prototype,47.653132,-122.306114,2025-03-10 22:50:04,4.331866,0.124679,69.191544,4.998779
prototype,47.653132,-122.306114,2025-03-10 22:50:12,4.333214,0.122157,69.573372,4.998779
prototype,47.653132,-122.306114,2025-03-10 22:50:20,4.334562,0.124227,68.905167,4.998779
prototype,47.653132,-122.306114,2025-03-10 22:50:28,4.340006,0.126416,69.382652,4.998779
prototype,47.653132,-122.306114,2025-03-10 22:50:36,4.340050,0.129170,69.573532,4.998779
prototype,47.653132,-122.306114,2025-03-10 22:50:44,4.337351,0.128560,69.191711,4.998779
prototype,47.653132,-122.306114,2025-03-10 22:50:52,4.333214,0.124869,69.764481,4.998779
prototype,47.653132,-122.306114,2025-03-10 22:51:00,4.340006,0.126629,69.096107,4.998779
prototype,47.653132,-122.306114,2025-03-10 22:51:08,4.334565,0.124560,69.000717,4.998779
prototype,47.653132,-122.306114,2025-03-10 22:51:16,4.334562,0.121667,69.191658,4.998779
prototype,47.653132,-122.306114,2025-03-10 22:51:32,4.333214,0.121359,69.191658,4.998779
prototype,47.653132,-122.306114,2025-03-10 22:51:48,4.333214,0.119919,69.382645,4.998779
prototype,47.653132,-122.306114,2025-03-10 22:51:56,4.335913,0.122379,69.287155,4.998779
prototype,47.653132,-122.306114,2025-03-10 22:52:04,4.335954,0.122471,69.382545,4.998779
prototype,47.653132,-122.306114,2025-03-10 22:52:12,4.337304,0.122983,69.191650,4.998779
prototype,47.653132,-122.306114,2025-03-10 22:52:20,4.333214,0.123609,69.478149,4.998779
prototype,47.653132,-122.306114,2025-03-10 22:52:28,4.338615,0.126108,69.191490,4.998779
prototype,47.653132,-122.306114,2025-03-10 22:52:36,4.335914,0.125592,69.287041,4.998779
prototype,47.653132,-122.306114,2025-03-10 22:52:44,4.335914,0.125190,69.573532,4.998779
prototype,47.653132,-122.306114,2025-03-10 22:52:52,4.333261,0.122993,69.096207,4.998779
prototype,47.653132,-122.306114,2025-03-10 22:53:00,4.329130,0.118699,69.477982,4.998779
prototype,47.653132,-122.306114,2025-03-10 22:53:16,4.329170,0.114951,69.095932,4.998779
prototype,47.653132,-122.306114,2025-03-10 22:53:24,4.331866,0.116853,69.191711,4.998779
prototype,47.653132,-122.306114,2025-03-10 22:53:32,4.333214,0.117870,69.382484,4.998779
prototype,47.653132,-122.306114,2025-03-10 22:53:40,4.333214,0.115656,69.478043,4.998779
prototype,47.653132,-122.306114,2025-03-10 22:53:48,4.333214,0.116856,69.191605,4.998779
prototype,47.653132,-122.306114,2025-03-10 22:53:56,4.338655,0.120708,68.904991,4.998779
prototype,47.653132,-122.306114,2025-03-10 22:54:04,4.337307,0.125501,69.096161,4.998779
prototype,47.653132,-122.306114,2025-03-10 22:54:12,4.337304,0.122478,69.287155,4.998779
prototype,47.653132,-122.306114,2025-03-10 22:54:20,4.340007,0.122255,69.478096,4.998779
prototype,47.653132,-122.306114,2025-03-10 22:54:28,4.337304,0.123497,69.287041,4.998779
prototype,47.653132,-122.306114,2025-03-10 22:54:36,4.333257,0.124466,69.573532,4.998779
prototype,47.653132,-122.306114,2025-03-10 22:54:44,4.331909,0.120822,69.096161,4.998779
prototype,47.653132,-122.306114,2025-03-10 22:54:52,4.338615,0.122566,69.000717,4.998779
prototype,47.653132,-122.306114,2025-03-10 22:55:00,4.331909,0.119495,69.191650,4.998779
prototype,47.653132,-122.306114,2025-03-10 22:55:16,4.333217,0.120618,69.000603,4.998779
prototype,47.653132,-122.306114,2025-03-10 22:55:24,4.334605,0.122978,69.191711,4.998779
prototype,47.653132,-122.306114,2025-03-10 22:55:32,4.333217,0.119010,69.478149,4.998779
prototype,47.653132,-122.306114,2025-03-10 22:55:40,4.329170,0.115752,69.478104,4.998779
prototype,47.653132,-122.306114,2025-03-10 22:55:48,4.330518,0.113467,69.478149,4.998779
prototype,47.653132,-122.306114,2025-03-10 22:55:56,4.330518,0.113954,69.382652,4.998779
prototype,47.653132,-122.306114,2025-03-10 22:56:04,4.333257,0.115643,69.478096,4.998779
prototype,47.653132,-122.306114,2025-03-10 22:56:12,4.334605,0.114445,69.382591,4.998779
prototype,47.653132,-122.306114,2025-03-10 22:56:20,4.331909,0.115737,68.905167,4.998779
prototype,47.653132,-122.306114,2025-03-10 22:56:28,4.335913,0.119590,69.000717,4.998779
prototype,47.653132,-122.306114,2025-03-10 22:56:44,4.334605,0.118672,69.668983,4.998779
prototype,47.653132,-122.306114,2025-03-10 22:56:52,4.331866,0.117369,69.191605,4.998779
prototype,47.653132,-122.306114,2025-03-10 22:57:00,4.337264,0.118675,68.905220,4.998779
prototype,47.653132,-122.306114,2025-03-10 22:57:08,4.335954,0.118264,69.191658,4.998779
prototype,47.653132,-122.306114,2025-03-10 22:57:16,4.331866,0.118170,69.191544,4.998779
prototype,47.653132,-122.306114,2025-03-10 22:57:24,4.333217,0.117863,68.905167,4.998779
prototype,47.653132,-122.306114,2025-03-10 22:57:32,4.330518,0.118678,69.478096,4.998779
prototype,47.653132,-122.306114,2025-03-10 22:57:40,4.335956,0.120411,69.191658,4.998779
prototype,47.653132,-122.306114,2025-03-10 22:57:48,4.335957,0.119079,69.382591,4.998779
prototype,47.653132,-122.306114,2025-03-10 22:57:56,4.331866,0.114858,69.478043,4.998779
prototype,47.653132,-122.306114,2025-03-10 22:58:04,4.329170,0.113151,69.191711,4.998779
prototype,47.653132,-122.306114,2025-03-10 22:58:12,4.333214,0.114952,69.382545,4.998779
prototype,47.653132,-122.306114,2025-03-10 22:58:20,4.331866,0.115947,69.573532,4.998779
prototype,47.653132,-122.306114,2025-03-10 22:58:28,4.337264,0.120302,69.000488,4.998779
prototype,47.653132,-122.306114,2025-03-10 22:58:36,4.338615,0.125688,69.572525,4.998779
prototype,47.653132,-122.306114,2025-03-10 22:58:44,4.342755,0.131095,69.382591,4.998779
prototype,47.653132,-122.306114,2025-03-10 22:58:52,4.344106,0.137496,69.096153,4.998779
prototype,47.653132,-122.306114,2025-03-10 22:59:00,4.342752,0.136731,69.382591,4.998779
prototype,47.653132,-122.306114,2025-03-10 22:59:08,4.338699,0.132295,69.668808,4.998779
prototype,47.653132,-122.306114,2025-03-10 22:59:16,4.333214,0.129719,69.859863,4.998779
prototype,47.653132,-122.306114,2025-03-10 22:59:32,4.333257,0.126845,69.382591,4.998779
prototype,47.653132,-122.306114,2025-03-10 22:59:40,4.341357,0.130877,69.382545,4.998779
prototype,47.653132,-122.306114,2025-03-10 22:59:48,4.342752,0.133891,69.287209,4.998779
prototype,47.653132,-122.306114,2025-03-10 23:00:04,4.339966,0.134216,69.287148,4.998779
prototype,47.653132,-122.306114,2025-03-10 23:00:12,4.338655,0.130988,69.287094,4.998779
prototype,47.653132,-122.306114,2025-03-10 23:00:20,4.340007,0.131300,69.096214,4.998779
prototype,47.653132,-122.306114,2025-03-10 23:00:28,4.338655,0.131845,69.191490,4.998779
prototype,47.653132,-122.306114,2025-03-10 23:00:36,4.337351,0.131538,69.000717,4.998779
prototype,47.653132,-122.306114,2025-03-10 23:00:44,4.341401,0.132280,69.287033,4.998779
prototype,47.653132,-122.306114,2025-03-10 23:00:52,4.338655,0.135088,69.000717,4.998779
prototype,47.653132,-122.306114,2025-03-10 23:01:08,4.340050,0.137390,69.478043,4.998779
prototype,47.653132,-122.306114,2025-03-10 23:01:16,4.341357,0.138923,69.382591,4.998779
prototype,47.653132,-122.306114,2025-03-10 23:01:24,4.345460,0.142389,69.382591,4.998779
prototype,47.653132,-122.306114,2025-03-10 23:01:32,4.337304,0.133816,69.191490,4.998779
prototype,47.653132,-122.306114,2025-03-10 23:01:40,4.335956,0.128432,69.478149,4.998779
prototype,47.653132,-122.306114,2025-03-10 23:01:48,4.333214,0.124886,69.287155,4.998779
prototype,47.653132,-122.306114,2025-03-10 23:01:56,4.335954,0.124053,69.287209,4.998779
prototype,47.653132,-122.306114,2025-03-10 23:02:12,4.329170,0.116666,69.668922,4.998779
prototype,47.653132,-122.306114,2025-03-10 23:02:20,4.330518,0.115953,69.477982,4.998779
prototype,47.653132,-122.306114,2025-03-10 23:02:28,4.330518,0.116052,69.096161,4.998779
prototype,47.653132,-122.306114,2025-03-10 23:02:36,4.334565,0.119282,69.668922,4.998779
prototype,47.653132,-122.306114,2025-03-10 23:02:52,4.340007,0.124325,69.573479,4.998779
prototype,47.653132,-122.306114,2025-03-10 23:03:00,4.341407,0.128218,69.382591,4.998779
prototype,47.653132,-122.306114,2025-03-10 23:03:08,4.338655,0.128637,69.764420,4.998779
prototype,47.653132,-122.306114,2025-03-10 23:03:16,4.338655,0.128319,69.191650,4.998779
prototype,47.653132,-122.306114,2025-03-10 23:03:24,4.335957,0.128641,69.096107,4.998779
prototype,47.653132,-122.306114,2025-03-10 23:03:32,4.340006,0.129915,68.809616,4.998779
prototype,47.653132,-122.306114,2025-03-10 23:03:40,4.337264,0.131951,69.191711,4.998779
prototype,47.653132,-122.306114,2025-03-10 23:03:48,4.340053,0.132276,69.382599,4.998779
prototype,47.653132,-122.306114,2025-03-10 23:03:56,4.338655,0.134430,69.287155,4.998779
prototype,47.653132,-122.306114,2025-03-10 23:04:04,4.342755,0.136617,69.573479,4.998779
prototype,47.653132,-122.306114,2025-03-10 23:04:12,4.340006,0.135199,69.287048,4.998779
prototype,47.653132,-122.306114,2025-03-10 23:04:20,4.338615,0.132178,69.382591,4.998779
prototype,47.653132,-122.306114,2025-03-10 23:04:28,4.338655,0.131414,69.382652,4.998779
prototype,47.653132,-122.306114,2025-03-10 23:04:36,4.337304,0.129812,69.096100,4.998779
prototype,47.653132,-122.306114,2025-03-10 23:04:44,4.335954,0.128003,69.191544,4.998779
prototype,47.653132,-122.306114,2025-03-10 23:04:52,4.338655,0.129594,69.573532,4.998779
prototype,47.653132,-122.306114,2025-03-10 23:05:01,4.335914,0.130658,69.382652,4.998779
prototype,47.653132,-122.306114,2025-03-10 23:05:09,4.342711,0.135955,69.477982,4.998779
prototype,47.653132,-122.306114,2025-03-10 23:05:17,4.342752,0.138269,69.382545,4.998779
prototype,47.653132,-122.306114,2025-03-10 23:05:25,4.340050,0.135642,69.669029,4.998779
prototype,47.653132,-122.306114,2025-03-10 23:05:33,4.341357,0.137049,69.287094,4.998779
prototype,47.653132,-122.306114,2025-03-10 23:05:41,4.341357,0.138153,68.905167,4.998779
prototype,47.653132,-122.306114,2025-03-10 23:05:49,4.338655,0.134334,69.191711,4.998779
prototype,47.653132,-122.306114,2025-03-10 23:05:57,4.340050,0.129503,69.573486,4.998779
prototype,47.653132,-122.306114,2025-03-10 23:06:05,4.338655,0.130672,69.478043,4.998779
prototype,47.653132,-122.306114,2025-03-10 23:06:13,4.334562,0.128221,69.382591,4.998779
prototype,47.653132,-122.306114,2025-03-10 23:06:21,4.340006,0.130774,69.478088,4.998779
prototype,47.653132,-122.306114,2025-03-10 23:06:29,4.338655,0.129915,69.573586,4.998779
prototype,47.653132,-122.306114,2025-03-10 23:06:45,4.340006,0.132271,69.382317,4.998779
prototype,47.653132,-122.306114,2025-03-10 23:07:01,4.342752,0.135533,69.096161,4.998779
prototype,47.653132,-122.306114,2025-03-10 23:07:09,4.335954,0.128350,69.382423,4.998779
prototype,47.653132,-122.306114,2025-03-10 23:07:17,4.334605,0.125693,69.478035,4.998779
prototype,47.653132,-122.306114,2025-03-10 23:07:25,4.338655,0.128528,69.668808,4.998779
prototype,47.653132,-122.306114,2025-03-10 23:07:41,4.337304,0.126756,69.000328,4.998779
prototype,47.653132,-122.306114,2025-03-10 23:07:49,4.335914,0.126756,69.287155,4.998779
prototype,47.653132,-122.306114,2025-03-10 23:07:57,4.338655,0.127581,69.382484,4.998779
prototype,47.653132,-122.306114,2025-03-10 23:08:05,4.334565,0.124353,69.287148,4.998779
prototype,47.653132,-122.306114,2025-03-10 23:08:13,4.337305,0.123084,69.191658,4.998779
prototype,47.653132,-122.306114,2025-03-10 23:08:21,4.338655,0.126735,69.573425,4.998779
prototype,47.653132,-122.306114,2025-03-10 23:08:29,4.334609,0.122613,69.287155,4.998779
prototype,47.653132,-122.306114,2025-03-10 23:08:37,4.330518,0.120728,69.191666,4.998779
prototype,47.653132,-122.306114,2025-03-10 23:08:45,4.331909,0.120004,69.382431,4.998779
prototype,47.653132,-122.306114,2025-03-10 23:09:01,4.334605,0.121345,69.669029,4.998779
prototype,47.653132,-122.306114,2025-03-10 23:09:17,4.334562,0.119192,69.000717,4.998779
prototype,47.653132,-122.306114,2025-03-10 23:09:25,4.338655,0.121531,69.287148,4.998779
prototype,47.653132,-122.306114,2025-03-10 23:09:33,4.340007,0.126210,69.668976,4.998779
prototype,47.653132,-122.306114,2025-03-10 23:09:41,4.340050,0.124133,69.382599,4.998779
prototype,47.653132,-122.306114,2025-03-10 23:09:49,4.333214,0.122371,69.382591,4.998779
prototype,47.653132,-122.306114,2025-03-10 23:09:57,4.337304,0.124427,69.096161,4.998779
prototype,47.653132,-122.306114,2025-03-10 23:10:05,4.340006,0.127366,69.191711,4.998779
prototype,47.653132,-122.306114,2025-03-10 23:10:13,4.346814,0.133456,69.096153,4.998779
prototype,47.653132,-122.306114,2025-03-10 23:10:21,4.344066,0.135083,68.905220,4.998779
prototype,47.653132,-122.306114,2025-03-10 23:10:29,4.340006,0.131023,69.477982,4.998779
prototype,47.653132,-122.306114,2025-03-10 23:10:37,4.338655,0.124978,69.096153,4.998779
prototype,47.653132,-122.306114,2025-03-10 23:10:45,4.333257,0.123290,69.478043,4.998779
prototype,47.653132,-122.306114,2025-03-10 23:10:53,4.333217,0.122167,69.382484,4.998779
prototype,47.653132,-122.306114,2025-03-10 23:11:01,4.331866,0.118692,69.478088,4.998779
prototype,47.653132,-122.306114,2025-03-10 23:11:09,4.331866,0.118581,69.478088,4.998779
prototype,47.653132,-122.306114,2025-03-10 23:11:25,4.331866,0.117266,69.000717,4.998779
prototype,47.653132,-122.306114,2025-03-10 23:11:33,4.334562,0.118981,69.191650,4.998779
prototype,47.653132,-122.306114,2025-03-10 23:11:41,4.335954,0.118781,69.478088,4.998779
prototype,47.653132,-122.306114,2025-03-10 23:11:49,4.333217,0.117358,69.478149,4.998779
prototype,47.653132,-122.306114,2025-03-10 23:11:57,4.334605,0.118466,69.668968,4.998779
prototype,47.653132,-122.306114,2025-03-10 23:12:05,4.335917,0.121131,69.000717,4.998779
prototype,47.653132,-122.306114,2025-03-10 23:12:13,4.337307,0.123285,69.382599,4.998779
prototype,47.653132,-122.306114,2025-03-10 23:12:21,4.341357,0.127050,69.382652,4.998779
prototype,47.653132,-122.306114,2025-03-10 23:12:29,4.341401,0.127806,69.382538,4.998779
prototype,47.653132,-122.306114,2025-03-10 23:12:37,4.335913,0.124661,69.287155,4.998779
prototype,47.653132,-122.306114,2025-03-10 23:12:45,4.331866,0.123097,69.573586,4.998779
prototype,47.653132,-122.306114,2025-03-10 23:12:53,4.335954,0.122150,69.096214,4.998779
prototype,47.653132,-122.306114,2025-03-10 23:13:01,4.337304,0.121333,69.478149,4.998779
prototype,47.653132,-122.306114,2025-03-10 23:13:09,4.334562,0.121958,69.573586,4.998779
prototype,47.653132,-122.306114,2025-03-10 23:13:17,4.334565,0.123133,69.287094,4.998779
prototype,47.653132,-122.306114,2025-03-10 23:13:25,4.333257,0.119802,69.382591,4.998779
prototype,47.653132,-122.306114,2025-03-10 23:13:33,4.335954,0.117961,69.478149,4.998779
prototype,47.653132,-122.306114,2025-03-10 23:13:41,4.334562,0.121335,69.191658,4.998779
prototype,47.653132,-122.306114,2025-03-10 23:13:49,4.337308,0.120409,69.382370,4.998779
prototype,47.653132,-122.306114,2025-03-10 23:13:57,4.335956,0.121948,69.477982,4.998779
prototype,47.653132,-122.306114,2025-03-10 23:14:05,4.337304,0.121343,69.382530,4.998779
prototype,47.653132,-122.306114,2025-03-10 23:14:13,4.334525,0.120211,69.573425,4.998779
prototype,47.653132,-122.306114,2025-03-10 23:14:21,4.335914,0.121958,69.191711,4.998779
prototype,47.653132,-122.306114,2025-03-10 23:14:29,4.338615,0.122053,69.382652,4.998779
prototype,47.653132,-122.306114,2025-03-10 23:14:37,4.337264,0.123812,69.096161,4.998779
prototype,47.653132,-122.306114,2025-03-10 23:14:45,4.340006,0.126213,69.573372,4.998779
prototype,47.653132,-122.306114,2025-03-10 23:15:01,4.338655,0.130552,69.191544,4.998779
prototype,47.653132,-122.306114,2025-03-10 23:15:09,4.342752,0.134648,69.478088,4.998779
prototype,47.653132,-122.306114,2025-03-10 23:15:17,4.341361,0.134115,69.287155,4.998779
prototype,47.653132,-122.306114,2025-03-10 23:15:33,4.341401,0.136070,69.573593,4.998779
prototype,47.653132,-122.306114,2025-03-10 23:15:41,4.341357,0.136843,69.478104,4.998779
prototype,47.653132,-122.306114,2025-03-10 23:15:49,4.342752,0.137394,69.478149,4.998779
prototype,47.653132,-122.306114,2025-03-10 23:15:57,4.337304,0.137941,69.669029,4.998779
prototype,47.653132,-122.306114,2025-03-10 23:16:05,4.337305,0.134765,69.573532,4.998779
prototype,47.653132,-122.306114,2025-03-10 23:16:13,4.338662,0.132500,69.668976,4.998779
prototype,47.653132,-122.306114,2025-03-10 23:16:21,4.340007,0.131200,69.382645,4.998779
prototype,47.653132,-122.306114,2025-03-10 23:16:29,4.338655,0.129707,69.096214,4.998779
prototype,47.653132,-122.306114,2025-03-10 23:16:37,4.338655,0.131627,69.191650,4.998779
prototype,47.653132,-122.306114,2025-03-10 23:16:45,4.341357,0.133464,69.287048,4.998779
prototype,47.653132,-122.306114,2025-03-10 23:16:53,4.334609,0.128344,69.478043,4.998779
prototype,47.653132,-122.306114,2025-03-10 23:17:01,4.330518,0.124569,69.955307,4.998779
prototype,47.653132,-122.306114,2025-03-10 23:17:09,4.335913,0.124544,69.382545,4.998779
prototype,47.653132,-122.306114,2025-03-10 23:17:17,4.337304,0.128644,69.382652,4.998779
prototype,47.653132,-122.306114,2025-03-10 23:17:25,4.335954,0.126110,69.096153,4.998779
prototype,47.653132,-122.306114,2025-03-10 23:17:33,4.338655,0.126743,69.668861,4.998779
prototype,47.653132,-122.306114,2025-03-10 23:17:41,4.335914,0.126229,69.287148,4.998779
prototype,47.653132,-122.306114,2025-03-10 23:17:49,4.335954,0.122983,69.669029,4.998779
prototype,47.653132,-122.306114,2025-03-10 23:17:57,4.335999,0.122774,69.382645,4.998779
prototype,47.653132,-122.306114,2025-03-10 23:18:05,4.338615,0.124645,69.573532,4.998779
prototype,47.653132,-122.306114,2025-03-10 23:18:13,4.335954,0.123837,69.669029,4.998779
prototype,47.653132,-122.306114,2025-03-10 23:18:21,4.335956,0.122564,69.191658,4.998779
prototype,47.653132,-122.306114,2025-03-10 23:18:29,4.338698,0.125373,69.191658,4.998779
prototype,47.653132,-122.306114,2025-03-10 23:18:37,4.338699,0.126547,69.573425,4.998779
prototype,47.653132,-122.306114,2025-03-10 23:18:45,4.335957,0.124539,69.573486,4.998779
prototype,47.653132,-122.306114,2025-03-10 23:18:53,4.334565,0.123407,69.573479,4.998779
prototype,47.653132,-122.306114,2025-03-10 23:19:01,4.340053,0.124755,69.382652,4.998779
prototype,47.653132,-122.306114,2025-03-10 23:19:09,4.340006,0.127259,69.573425,4.998779
prototype,47.653132,-122.306114,2025-03-10 23:19:17,4.341357,0.128212,69.478088,4.998779
prototype,47.653132,-122.306114,2025-03-10 23:19:25,4.338615,0.129600,69.000656,4.998779
prototype,47.653132,-122.306114,2025-03-10 23:19:33,4.341401,0.130664,69.764481,4.998779
prototype,47.653132,-122.306114,2025-03-10 23:19:49,4.338655,0.132276,69.573586,4.998779
prototype,47.653132,-122.306114,2025-03-10 23:19:57,4.337304,0.128958,69.382591,4.998779
prototype,47.653132,-122.306114,2025-03-10 23:20:05,4.340050,0.129705,69.382599,4.998779
prototype,47.653132,-122.306114,2025-03-10 23:20:13,4.342752,0.131089,69.191658,4.998779
prototype,47.653132,-122.306114,2025-03-10 23:20:21,4.340006,0.132809,69.287094,4.998779
prototype,47.653132,-122.306114,2025-03-10 23:20:29,4.338702,0.131635,69.191544,4.998779
prototype,47.653132,-122.306114,2025-03-10 23:20:37,4.337348,0.130033,69.382652,4.998779
prototype,47.653132,-122.306114,2025-03-10 23:20:45,4.338655,0.127365,69.764481,4.998779
prototype,47.653132,-122.306114,2025-03-10 23:20:53,4.340006,0.129808,69.000603,4.998779
prototype,47.653132,-122.306114,2025-03-10 23:21:01,4.342752,0.133134,69.191666,4.998779
prototype,47.653132,-122.306114,2025-03-10 23:21:09,4.342755,0.135526,69.668976,4.998779
prototype,47.653132,-122.306114,2025-03-10 23:21:17,4.340007,0.133043,69.382591,4.998779
prototype,47.653132,-122.306114,2025-03-10 23:21:25,4.337304,0.129182,69.287155,4.998779
prototype,47.653132,-122.306114,2025-03-10 23:21:33,4.337305,0.127065,69.096214,4.998779
prototype,47.653132,-122.306114,2025-03-10 23:21:41,4.341357,0.130445,69.191605,4.998779
prototype,47.653132,-122.306114,2025-03-10 23:21:49,4.340007,0.130777,69.191658,4.998779
prototype,47.653132,-122.306114,2025-03-10 23:21:57,4.337264,0.127389,69.287094,4.998779
prototype,47.653132,-122.306114,2025-03-10 23:22:05,4.335957,0.124227,69.287094,4.998779
prototype,47.653132,-122.306114,2025-03-10 23:22:13,4.334565,0.124240,70.049568,4.998779
prototype,47.653132,-122.306114,2025-03-10 23:22:21,4.334605,0.122072,69.668976,4.998779
prototype,47.653132,-122.306114,2025-03-10 23:22:29,4.335914,0.121746,69.478043,4.998779
prototype,47.653132,-122.306114,2025-03-10 23:22:37,4.338655,0.125891,69.287041,4.998779
prototype,47.653132,-122.306114,2025-03-10 23:22:45,4.338655,0.128744,70.239517,4.998779
prototype,47.653132,-122.306114,2025-03-10 23:22:53,4.337348,0.126445,69.764481,4.998779
prototype,47.653132,-122.306114,2025-03-10 23:23:01,4.337304,0.124433,69.287048,4.998779
prototype,47.653132,-122.306114,2025-03-10 23:23:09,4.340006,0.127367,69.287094,4.998779
prototype,47.653132,-122.306114,2025-03-10 23:23:17,4.340006,0.128104,69.573593,4.998779
prototype,47.653132,-122.306114,2025-03-10 23:23:25,4.340006,0.130018,69.477982,4.998779
prototype,47.653132,-122.306114,2025-03-10 23:23:33,4.341357,0.131628,69.191605,4.998779
prototype,47.653132,-122.306114,2025-03-10 23:23:41,4.340050,0.131410,69.287041,4.998779
prototype,47.653132,-122.306114,2025-03-10 23:23:57,4.337304,0.127905,69.478096,4.998779
prototype,47.653132,-122.306114,2025-03-10 23:24:05,4.337264,0.129603,69.668922,4.998779
prototype,47.653132,-122.306114,2025-03-10 23:24:13,4.340007,0.128323,69.573586,4.998779
prototype,47.653132,-122.306114,2025-03-10 23:24:21,4.337304,0.128209,69.286362,4.998779
prototype,47.653132,-122.306114,2025-03-10 23:24:29,4.341401,0.130980,69.668922,4.998779
prototype,47.653132,-122.306114,2025-03-10 23:24:37,4.341357,0.130872,69.287041,4.998779
prototype,47.653132,-122.306114,2025-03-10 23:24:53,4.333217,0.128013,69.764481,4.998779
prototype,47.653132,-122.306114,2025-03-10 23:25:09,4.340007,0.131410,69.096214,4.998779
prototype,47.653132,-122.306114,2025-03-10 23:25:17,4.338655,0.132380,69.478088,4.998779
prototype,47.653132,-122.306114,2025-03-10 23:25:25,4.338655,0.132382,69.287155,4.998779
prototype,47.653132,-122.306114,2025-03-10 23:25:41,4.338655,0.128011,69.573593,4.998779
prototype,47.653132,-122.306114,2025-03-10 23:25:49,4.338655,0.128221,69.478043,4.998779
prototype,47.653132,-122.306114,2025-03-10 23:25:57,4.337264,0.128856,69.287094,4.998779
prototype,47.653132,-122.306114,2025-03-10 23:26:05,4.340050,0.129912,69.191658,4.998779
prototype,47.653132,-122.306114,2025-03-10 23:26:13,4.341401,0.132269,69.478088,4.998779
prototype,47.653132,-122.306114,2025-03-10 23:26:21,4.341357,0.134003,69.191650,4.998779
prototype,47.653132,-122.306114,2025-03-10 23:26:29,4.340007,0.132275,69.478088,4.998779
prototype,47.653132,-122.306114,2025-03-10 23:26:37,4.341401,0.133028,69.573471,4.998779
prototype,47.653132,-122.306114,2025-03-10 23:26:45,4.340006,0.132488,69.287155,4.998779
prototype,47.653132,-122.306114,2025-03-10 23:26:53,4.335954,0.129084,69.382431,4.998779
prototype,47.653132,-122.306114,2025-03-10 23:27:09,4.341401,0.127893,69.191658,4.998779
prototype,47.653132,-122.306114,2025-03-10 23:27:17,4.338658,0.130766,69.382591,4.998779
prototype,47.653132,-122.306114,2025-03-10 23:27:25,4.340050,0.131954,69.764481,4.998779
prototype,47.653132,-122.306114,2025-03-10 23:27:33,4.340007,0.133027,69.191711,4.998779
prototype,47.653132,-122.306114,2025-03-10 23:27:41,4.338655,0.130023,69.477982,4.998779
prototype,47.653132,-122.306114,2025-03-10 23:27:58,4.335954,0.127055,69.191658,4.998779
dummy,69.420,13.37,2025-03-10 23:28:05
prototype,47.653132,-122.306114,2025-03-10 23:28:06,4.338655,0.124336,69.477982,4.998779
prototype,47.653132,-122.306114,2025-03-10 23:28:14,4.335914,0.123407,69.382652,4.998779
prototype,47.653132,-122.306114,2025-03-10 23:28:22,4.341401,0.126418,69.478104,4.998779
prototype,47.653132,-122.306114,2025-03-10 23:28:30,4.341357,0.128107,69.478088,4.998779
prototype,47.653132,-122.306114,2025-03-10 23:28:38,4.340007,0.128964,69.478088,4.998779
prototype,47.653132,-122.306114,2025-03-10 23:28:46,4.337304,0.126738,69.573479,4.998779
prototype,47.653132,-122.306114,2025-03-10 23:28:54,4.340050,0.128214,69.287155,4.998779
prototype,47.653132,-122.306114,2025-03-10 23:29:02,4.340050,0.127075,69.382431,4.998779
prototype,47.653132,-122.306114,2025-03-10 23:29:10,4.334609,0.121131,69.191666,4.998779
prototype,47.653132,-122.306114,2025-03-10 23:29:18,4.335956,0.120311,70.145012,4.998779
prototype,47.653132,-122.306114,2025-03-10 23:29:26,4.330518,0.116080,69.382484,4.998779
prototype,47.653132,-122.306114,2025-03-10 23:29:34,4.330518,0.115357,69.669037,4.998779
prototype,47.653132,-122.306114,2025-03-10 23:29:42,4.337305,0.115739,69.382652,4.998779
prototype,47.653132,-122.306114,2025-03-10 23:29:50,4.340007,0.119481,69.668968,4.998779
prototype,47.653132,-122.306114,2025-03-10 23:30:06,4.334605,0.117352,69.477867,4.998779
prototype,47.653132,-122.306114,2025-03-10 23:30:14,4.333257,0.118465,69.573532,4.998779
prototype,47.653132,-122.306114,2025-03-10 23:30:22,4.337304,0.118474,69.669029,4.998779
prototype,47.653132,-122.306114,2025-03-10 23:30:30,4.331866,0.116761,69.096214,4.998779
prototype,47.653132,-122.306114,2025-03-10 23:30:38,4.331866,0.117264,69.669029,4.998779
prototype,47.653132,-122.306114,2025-03-10 23:30:46,4.335954,0.118165,69.287155,4.998779
prototype,47.653132,-122.306114,2025-03-10 23:30:54,4.333214,0.119398,69.191544,4.998779
prototype,47.653132,-122.306114,2025-03-10 23:31:02,4.335954,0.119179,69.478096,4.998779
prototype,47.653132,-122.306114,2025-03-10 23:31:18,4.333214,0.117067,69.573532,4.998779
prototype,47.653132,-122.306114,2025-03-10 23:31:26,4.331866,0.114952,69.287155,4.998779
prototype,47.653132,-122.306114,2025-03-10 23:31:34,4.334562,0.116958,69.382591,4.998779
prototype,47.653132,-122.306114,2025-03-10 23:31:42,4.335957,0.117161,69.573532,4.998779
prototype,47.653132,-122.306114,2025-03-10 23:31:50,4.334605,0.117249,69.764420,4.998779
prototype,47.653132,-122.306114,2025-03-10 23:31:58,4.338655,0.119696,69.573196,4.998779
prototype,47.653132,-122.306114,2025-03-10 23:32:06,4.337304,0.119493,69.382591,4.998779
prototype,47.653132,-122.306114,2025-03-10 23:32:14,4.334605,0.116855,69.478096,4.998779
prototype,47.653132,-122.306114,2025-03-10 23:32:22,4.333214,0.116065,69.382599,4.998779
prototype,47.653132,-122.306114,2025-03-10 23:32:30,4.331826,0.114851,69.287155,4.998779
prototype,47.653132,-122.306114,2025-03-10 23:32:38,4.333214,0.115249,69.764420,4.998779
prototype,47.653132,-122.306114,2025-03-10 23:32:46,4.330518,0.114165,69.287155,4.998779
prototype,47.653132,-122.306114,2025-03-10 23:32:54,4.334562,0.115249,69.287155,4.998779
prototype,47.653132,-122.306114,2025-03-10 23:33:02,4.337264,0.118880,69.573586,4.998779
prototype,47.653132,-122.306114,2025-03-10 23:33:10,4.342752,0.120506,69.573532,4.998779
prototype,47.653132,-122.306114,2025-03-10 23:33:18,4.342752,0.123811,69.287155,4.998779
prototype,47.653132,-122.306114,2025-03-10 23:33:26,4.342752,0.128316,69.382545,4.998779
prototype,47.653132,-122.306114,2025-03-10 23:33:34,4.342752,0.130766,69.478088,4.998779
prototype,47.653132,-122.306114,2025-03-10 23:33:42,4.341401,0.129707,69.286987,4.998779
prototype,47.653132,-122.306114,2025-03-10 23:33:50,4.340050,0.127379,69.382645,4.998779
prototype,47.653132,-122.306114,2025-03-10 23:33:58,4.335954,0.122983,69.668983,4.998779
prototype,47.653132,-122.306114,2025-03-10 23:34:06,4.330518,0.121043,68.809105,4.998779
prototype,47.653132,-122.306114,2025-03-10 23:34:14,4.333214,0.118490,69.573532,4.998779
prototype,47.653132,-122.306114,2025-03-10 23:34:22,4.331866,0.117171,69.478088,4.998779
prototype,47.653132,-122.306114,2025-03-10 23:34:30,4.330478,0.116055,69.287155,4.998779
prototype,47.653132,-122.306114,2025-03-10 23:34:38,4.337264,0.119185,69.859024,4.998779
prototype,47.653132,-122.306114,2025-03-10 23:34:46,4.334562,0.115890,69.573532,4.998779
prototype,47.653132,-122.306114,2025-03-10 23:34:54,4.335954,0.114150,69.382645,4.998779
prototype,47.653132,-122.306114,2025-03-10 23:35:02,4.329170,0.110795,69.573425,4.998779
prototype,47.653132,-122.306114,2025-03-10 23:35:10,4.330518,0.113258,69.382591,4.998779
prototype,47.653132,-122.306114,2025-03-10 23:35:18,4.333214,0.113362,69.573532,4.998779
prototype,47.653132,-122.306114,2025-03-10 23:35:26,4.334605,0.111969,69.191490,4.998779
prototype,47.653132,-122.306114,2025-03-10 23:35:34,4.333214,0.113749,69.764420,4.998779
prototype,47.653132,-122.306114,2025-03-10 23:35:42,4.333214,0.114752,69.573479,4.998779
prototype,47.653132,-122.306114,2025-03-10 23:35:50,4.331866,0.114060,69.191658,4.998779
prototype,47.653132,-122.306114,2025-03-10 23:35:58,4.333257,0.113756,69.669029,4.998779
prototype,47.653132,-122.306114,2025-03-10 23:36:06,4.330518,0.110022,69.573532,4.998779
prototype,47.653132,-122.306114,2025-03-10 23:36:14,4.329170,0.109441,69.287155,4.998779
prototype,47.653132,-122.306114,2025-03-10 23:36:22,4.331869,0.109830,69.191605,4.998779
prototype,47.653132,-122.306114,2025-03-10 23:36:30,4.333257,0.109422,69.191658,4.998779
prototype,47.653132,-122.306114,2025-03-10 23:36:46,4.330518,0.109531,69.191711,4.998779
prototype,47.653132,-122.306114,2025-03-10 23:36:54,4.329170,0.109731,69.669037,4.998779
prototype,47.653132,-122.306114,2025-03-10 23:37:02,4.334605,0.110690,69.287148,4.998779
prototype,47.653132,-122.306114,2025-03-10 23:37:10,4.329170,0.110216,69.287155,4.998779
prototype,47.653132,-122.306114,2025-03-10 23:37:18,4.330518,0.107904,69.382591,4.998779
prototype,47.653132,-122.306114,2025-03-10 23:37:26,4.327785,0.107771,69.286926,4.998779
prototype,47.653132,-122.306114,2025-03-10 23:37:34,4.335954,0.109805,69.382591,4.998779
prototype,47.653132,-122.306114,2025-03-10 23:37:42,4.337304,0.110981,69.191605,4.998779
prototype,47.653132,-122.306114,2025-03-10 23:37:50,4.338655,0.111277,69.382545,4.998779
prototype,47.653132,-122.306114,2025-03-10 23:37:58,4.331909,0.109331,69.669029,4.998779
prototype,47.653132,-122.306114,2025-03-10 23:38:06,4.331866,0.110798,69.573586,4.998779
prototype,47.653132,-122.306114,2025-03-10 23:38:14,4.329170,0.109818,69.096100,4.998779
prototype,47.653132,-122.306114,2025-03-10 23:38:22,4.330518,0.108850,69.764420,4.998779
prototype,47.653132,-122.306114,2025-03-10 23:38:30,4.330518,0.106728,69.669029,4.998779
prototype,47.653132,-122.306114,2025-03-10 23:38:38,4.329170,0.107491,69.669037,4.998779
prototype,47.653132,-122.306114,2025-03-10 23:38:46,4.327825,0.105770,69.764420,4.998779
prototype,47.653132,-122.306114,2025-03-10 23:38:54,4.329130,0.106042,69.668983,4.998779
prototype,47.653132,-122.306114,2025-03-10 23:39:02,4.330518,0.107296,69.096153,4.998779
prototype,47.653132,-122.306114,2025-03-10 23:39:10,4.331866,0.108839,69.668983,4.998779
prototype,47.653132,-122.306114,2025-03-10 23:39:18,4.331866,0.108648,69.382599,4.998779
prototype,47.653132,-122.306114,2025-03-10 23:39:26,4.330518,0.107331,69.478043,4.998779
prototype,47.653132,-122.306114,2025-03-10 23:39:34,4.330478,0.107386,69.478149,4.998779
prototype,47.653132,-122.306114,2025-03-10 23:39:42,4.330518,0.107687,69.287094,4.998779
prototype,47.653132,-122.306114,2025-03-10 23:39:50,4.329170,0.105768,69.287148,4.998779
prototype,47.653132,-122.306114,2025-03-10 23:39:58,4.329170,0.105382,69.478043,4.998779
prototype,47.653132,-122.306114,2025-03-10 23:40:06,4.330522,0.106332,69.764481,4.998779
prototype,47.653132,-122.306114,2025-03-10 23:40:14,4.334605,0.107575,69.000656,4.998779
prototype,47.653132,-122.306114,2025-03-10 23:40:22,4.334562,0.108937,69.382149,4.998779
prototype,47.653132,-122.306114,2025-03-10 23:40:30,4.335954,0.108542,69.191666,4.998779
prototype,47.653132,-122.306114,2025-03-10 23:40:47,4.331866,0.107604,69.669029,4.998779
prototype,47.653132,-122.306114,2025-03-10 23:40:55,4.327782,0.105662,68.809555,4.998779
prototype,47.653132,-122.306114,2025-03-10 23:41:03,4.331909,0.106423,69.669029,4.998779
prototype,47.653132,-122.306114,2025-03-10 23:41:11,4.329170,0.106048,69.478043,4.998779
prototype,47.653132,-122.306114,2025-03-10 23:41:19,4.330478,0.105566,69.764481,4.998779
prototype,47.653132,-122.306114,2025-03-10 23:41:27,4.330518,0.104809,69.573479,4.998779
prototype,47.653132,-122.306114,2025-03-10 23:41:35,4.329170,0.104437,69.191658,4.998779
prototype,47.653132,-122.306114,2025-03-10 23:41:43,4.327782,0.103194,69.382431,4.998779
prototype,47.653132,-122.306114,2025-03-10 23:41:51,4.329170,0.103949,69.382484,4.998779
prototype,47.653132,-122.306114,2025-03-10 23:41:59,4.329170,0.105096,69.668922,4.998779
prototype,47.653132,-122.306114,2025-03-10 23:42:07,4.333257,0.105653,69.573593,4.998779
prototype,47.653132,-122.306114,2025-03-10 23:42:15,4.334605,0.107389,69.477875,4.998779
prototype,47.653132,-122.306114,2025-03-10 23:42:23,4.331866,0.107590,69.191605,4.998779
prototype,47.653132,-122.306114,2025-03-10 23:42:31,4.330561,0.104608,69.764359,4.998779
prototype,47.653132,-122.306114,2025-03-10 23:42:47,4.327782,0.104141,69.287155,4.998779
prototype,47.653132,-122.306114,2025-03-10 23:42:55,4.333214,0.106233,69.573586,4.998779
prototype,47.653132,-122.306114,2025-03-10 23:43:03,4.334565,0.107290,69.478149,4.998779
prototype,47.653132,-122.306114,2025-03-10 23:43:11,4.334562,0.107681,69.286987,4.998779
prototype,47.653132,-122.306114,2025-03-10 23:43:19,4.331909,0.106622,69.477982,4.998779
prototype,47.653132,-122.306114,2025-03-10 23:43:27,4.333214,0.109440,69.477928,4.998779
prototype,47.653132,-122.306114,2025-03-10 23:43:35,4.334565,0.111281,69.382591,4.998779
prototype,47.653132,-122.306114,2025-03-10 23:43:43,4.340006,0.115038,69.382652,4.998779
prototype,47.653132,-122.306114,2025-03-10 23:43:51,4.340006,0.115143,69.287148,4.998779
prototype,47.653132,-122.306114,2025-03-10 23:43:59,4.333214,0.114755,69.573471,4.998779
prototype,47.653132,-122.306114,2025-03-10 23:44:07,4.337304,0.114939,69.573586,4.998779
prototype,47.653132,-122.306114,2025-03-10 23:44:23,4.337304,0.116245,69.478104,4.998779
prototype,47.653132,-122.306114,2025-03-10 23:44:31,4.335914,0.117561,69.668694,4.998779
prototype,47.653132,-122.306114,2025-03-10 23:44:39,4.334565,0.115551,69.191650,4.998779
prototype,47.653132,-122.306114,2025-03-10 23:44:47,4.337264,0.118681,69.573532,4.998779
prototype,47.653132,-122.306114,2025-03-10 23:44:55,4.335957,0.116455,69.191483,4.998779
prototype,47.653132,-122.306114,2025-03-10 23:45:03,4.333257,0.114048,69.669029,4.998779
prototype,47.653132,-122.306114,2025-03-10 23:45:19,4.330521,0.109149,69.669029,4.998779
prototype,47.653132,-122.306114,2025-03-10 23:45:27,4.330518,0.110400,69.191544,4.998779
prototype,47.653132,-122.306114,2025-03-10 23:45:35,4.329170,0.109437,69.668922,4.998779
prototype,47.653132,-122.306114,2025-03-10 23:45:51,4.330518,0.109825,69.286934,4.998779
prototype,47.653132,-122.306114,2025-03-10 23:45:59,4.330518,0.108942,69.859863,4.998779
prototype,47.653132,-122.306114,2025-03-10 23:46:07,4.329170,0.107213,69.764420,4.998779
prototype,47.653132,-122.306114,2025-03-10 23:46:15,4.326437,0.106525,69.478096,4.998779
prototype,47.653132,-122.306114,2025-03-10 23:46:23,4.333257,0.107964,69.191658,4.998779
prototype,47.653132,-122.306114,2025-03-10 23:46:31,4.333257,0.108546,69.478043,4.998779
prototype,47.653132,-122.306114,2025-03-10 23:46:39,4.331909,0.107965,70.050186,4.998779
prototype,47.653132,-122.306114,2025-03-10 23:46:47,4.331909,0.107773,69.669029,4.998779
prototype,47.653132,-122.306114,2025-03-10 23:46:55,4.334565,0.108839,69.764481,4.998779
prototype,47.653132,-122.306114,2025-03-10 23:47:03,4.334562,0.110205,69.478096,4.998779
prototype,47.653132,-122.306114,2025-03-10 23:47:11,4.333214,0.110595,69.573532,4.998779
prototype,47.653132,-122.306114,2025-03-10 23:47:19,4.335914,0.112657,69.573471,4.998779
prototype,47.653132,-122.306114,2025-03-10 23:47:27,4.337304,0.113743,69.573532,4.998779
prototype,47.653132,-122.306114,2025-03-10 23:47:35,4.340006,0.114942,69.573586,4.998779
prototype,47.653132,-122.306114,2025-03-10 23:47:43,4.338655,0.116953,69.477760,4.998779
prototype,47.653132,-122.306114,2025-03-10 23:47:51,4.337351,0.115955,69.287041,4.998779
prototype,47.653132,-122.306114,2025-03-10 23:47:59,4.333257,0.113754,69.668976,4.998779
prototype,47.653132,-122.306114,2025-03-10 23:48:07,4.333214,0.112172,69.287155,4.998779
prototype,47.653132,-122.306114,2025-03-10 23:48:15,4.334609,0.113255,69.668976,4.998779
prototype,47.653132,-122.306114,2025-03-10 23:48:24,4.334562,0.113164,69.859741,4.998779
prototype,47.653132,-122.306114,2025-03-10 23:48:32,4.330478,0.111675,69.000656,4.998779
prototype,47.653132,-122.306114,2025-03-10 23:48:40,4.330518,0.109747,69.573303,4.998779
prototype,47.653132,-122.306114,2025-03-10 23:48:48,4.329170,0.110217,69.287155,4.998779
prototype,47.653132,-122.306114,2025-03-10 23:48:56,4.327825,0.106724,69.764481,4.998779
prototype,47.653132,-122.306114,2025-03-10 23:49:04,4.331909,0.108256,69.573532,4.998779
prototype,47.653132,-122.306114,2025-03-10 23:49:12,4.329170,0.108862,69.191605,4.998779
prototype,47.653132,-122.306114,2025-03-10 23:49:28,4.329170,0.107712,69.668747,4.998779
prototype,47.653132,-122.306114,2025-03-10 23:49:36,4.327825,0.106054,70.335953,4.998779
prototype,47.653132,-122.306114,2025-03-10 23:49:44,4.331866,0.106333,69.287148,4.998779
prototype,47.653132,-122.306114,2025-03-10 23:50:00,4.327782,0.107140,69.573532,4.998779
prototype,47.653132,-122.306114,2025-03-10 23:50:08,4.330518,0.106528,69.573532,4.998779
prototype,47.653132,-122.306114,2025-03-10 23:50:16,4.334565,0.110004,69.573586,4.998779
prototype,47.653132,-122.306114,2025-03-10 23:50:24,4.334605,0.109523,70.050400,4.998779
prototype,47.653132,-122.306114,2025-03-10 23:50:32,4.331866,0.109150,69.478088,4.998779
prototype,47.653132,-122.306114,2025-03-10 23:50:40,4.329170,0.105958,69.382591,4.998779
prototype,47.653132,-122.306114,2025-03-10 23:50:48,4.330518,0.106624,69.287094,4.998779
prototype,47.653132,-122.306114,2025-03-10 23:51:04,4.329170,0.108646,69.095993,4.998779
prototype,47.653132,-122.306114,2025-03-10 23:51:12,4.333257,0.109614,69.287094,4.998779
prototype,47.653132,-122.306114,2025-03-10 23:51:28,4.335954,0.110986,69.764305,4.998779
prototype,47.653132,-122.306114,2025-03-10 23:51:36,4.334565,0.111883,69.382599,4.998779
prototype,47.653132,-122.306114,2025-03-10 23:51:52,4.333214,0.108938,70.050575,4.998779
prototype,47.653132,-122.306114,2025-03-10 23:52:00,4.330518,0.107501,69.287209,4.998779
prototype,47.653132,-122.306114,2025-03-10 23:52:08,4.327825,0.104921,69.382484,4.998779
prototype,47.653132,-122.306114,2025-03-10 23:52:24,4.330518,0.104327,69.573586,4.998779
prototype,47.653132,-122.306114,2025-03-10 23:52:32,4.333217,0.107969,69.478088,4.998779
prototype,47.653132,-122.306114,2025-03-10 23:52:40,4.338699,0.110295,69.382599,4.998779
prototype,47.653132,-122.306114,2025-03-10 23:52:56,4.331909,0.110688,69.668922,4.998779
prototype,47.653132,-122.306114,2025-03-10 23:53:04,4.335954,0.112856,69.573425,4.998779
prototype,47.653132,-122.306114,2025-03-10 23:53:12,4.333214,0.111589,69.287155,4.998779
prototype,47.653132,-122.306114,2025-03-10 23:53:20,4.334562,0.111969,69.669029,4.998779
prototype,47.653132,-122.306114,2025-03-10 23:53:28,4.334565,0.112475,69.668922,4.998779
prototype,47.653132,-122.306114,2025-03-10 23:53:36,4.337307,0.113843,69.478096,4.998779
prototype,47.653132,-122.306114,2025-03-10 23:53:44,4.334562,0.113062,69.191605,4.998779
prototype,47.653132,-122.306114,2025-03-10 23:53:52,4.330518,0.111489,69.382652,4.998779
prototype,47.653132,-122.306114,2025-03-10 23:54:00,4.329170,0.107889,69.382591,4.998779
prototype,47.653132,-122.306114,2025-03-10 23:54:08,4.327782,0.105576,69.191650,4.998779
prototype,47.653132,-122.306114,2025-03-10 23:54:16,4.327825,0.103864,69.096161,4.998779
prototype,47.653132,-122.306114,2025-03-10 23:54:24,4.329130,0.103193,69.287155,4.998779
prototype,47.653132,-122.306114,2025-03-10 23:54:32,4.327825,0.102725,69.287094,4.998779
prototype,47.653132,-122.306114,2025-03-10 23:54:40,4.327782,0.102440,69.382431,4.998779
prototype,47.653132,-122.306114,2025-03-10 23:54:48,4.325052,0.101038,69.478088,4.998779
prototype,47.653132,-122.306114,2025-03-10 23:54:56,4.327782,0.102721,69.668922,4.998779
prototype,47.653132,-122.306114,2025-03-10 23:55:04,4.331866,0.103665,69.764481,4.998779
prototype,47.653132,-122.306114,2025-03-10 23:55:12,4.331866,0.104707,69.287148,4.998779
prototype,47.653132,-122.306114,2025-03-10 23:55:20,4.331866,0.104338,69.382652,4.998779
prototype,47.653132,-122.306114,2025-03-10 23:55:28,4.331866,0.104050,69.573532,4.998779
prototype,47.653132,-122.306114,2025-03-10 23:55:36,4.329170,0.103759,69.382599,4.998779
prototype,47.653132,-122.306114,2025-03-10 23:55:44,4.327782,0.103004,69.764305,4.998779
prototype,47.653132,-122.306114,2025-03-10 23:55:52,4.331866,0.104154,69.573532,4.998779
prototype,47.653132,-122.306114,2025-03-10 23:56:00,4.329170,0.105754,69.191658,4.998779
prototype,47.653132,-122.306114,2025-03-10 23:56:08,4.331866,0.104902,69.478104,4.998779
prototype,47.653132,-122.306114,2025-03-10 23:56:16,4.329170,0.105748,69.764313,4.998779
prototype,47.653132,-122.306114,2025-03-10 23:56:24,4.331866,0.106819,69.478088,4.998779
prototype,47.653132,-122.306114,2025-03-10 23:56:32,4.329170,0.106156,69.287094,4.998779
prototype,47.653132,-122.306114,2025-03-10 23:56:40,4.329173,0.102823,69.668930,4.998779
prototype,47.653132,-122.306114,2025-03-10 23:56:48,4.326437,0.102434,69.573479,4.998779
prototype,47.653132,-122.306114,2025-03-10 23:57:04,4.329170,0.101219,69.191658,4.998779
prototype,47.653132,-122.306114,2025-03-10 23:57:12,4.326480,0.099458,69.478035,4.998779
prototype,47.653132,-122.306114,2025-03-10 23:57:20,4.326437,0.098987,69.573425,4.998779
prototype,47.653132,-122.306114,2025-03-10 23:57:28,4.326437,0.099171,69.287094,4.998779
prototype,47.653132,-122.306114,2025-03-10 23:57:36,4.327782,0.100663,69.764420,4.998779
prototype,47.653132,-122.306114,2025-03-10 23:57:44,4.327785,0.101501,69.478043,4.998779
prototype,47.653132,-122.306114,2025-03-10 23:58:00,4.331866,0.104807,69.668922,4.998779
prototype,47.653132,-122.306114,2025-03-10 23:58:08,4.334562,0.106137,69.573586,4.998779
prototype,47.653132,-122.306114,2025-03-10 23:58:16,4.334562,0.107193,69.382591,4.998779
prototype,47.653132,-122.306114,2025-03-10 23:58:24,4.337304,0.108255,69.477982,4.998779
prototype,47.653132,-122.306114,2025-03-10 23:58:32,4.334565,0.107486,69.478096,4.998779
prototype,47.653132,-122.306114,2025-03-10 23:58:40,4.333257,0.104989,69.955185,4.998779
prototype,47.653132,-122.306114,2025-03-10 23:58:48,4.329173,0.104241,69.669029,4.998779
prototype,47.653132,-122.306114,2025-03-10 23:58:56,4.327782,0.103285,69.096214,4.998779
prototype,47.653132,-122.306114,2025-03-10 23:59:04,4.333177,0.105369,69.573532,4.998779
prototype,47.653132,-122.306114,2025-03-10 23:59:12,4.334605,0.106139,69.287094,4.998779
prototype,47.653132,-122.306114,2025-03-10 23:59:20,4.331866,0.105376,69.382599,4.998779
prototype,47.653132,-122.306114,2025-03-10 23:59:28,4.334605,0.105749,69.382652,4.998779
prototype,47.653132,-122.306114,2025-03-10 23:59:36,4.333260,0.106325,69.573532,4.998779
prototype,47.653132,-122.306114,2025-03-10 23:59:44,4.331909,0.106711,69.859863,4.998779
prototype,47.653132,-122.306114,2025-03-10 23:59:52,4.335957,0.108930,69.478104,4.998779
prototype,47.653132,-122.306114,2025-03-11 00:00:00,4.334565,0.110697,69.382652,4.998779
prototype,47.653132,-122.306114,2025-03-11 00:00:08,4.341357,0.113841,69.764481,4.998779
prototype,47.653132,-122.306114,2025-03-11 00:00:16,4.340006,0.116441,69.764481,4.998779
prototype,47.653132,-122.306114,2025-03-11 00:00:24,4.340050,0.116351,69.955307,4.998779
prototype,47.653132,-122.306114,2025-03-11 00:00:32,4.335916,0.115351,69.573532,4.998779
prototype,47.653132,-122.306114,2025-03-11 00:00:40,4.334605,0.113943,69.573532,4.998779
prototype,47.653132,-122.306114,2025-03-11 00:00:48,4.335956,0.113056,69.478096,4.998779
prototype,47.653132,-122.306114,2025-03-11 00:00:56,4.331866,0.110894,69.668922,4.998779
prototype,47.653132,-122.306114,2025-03-11 00:01:04,4.334562,0.110692,69.382706,4.998779
prototype,47.653132,-122.306114,2025-03-11 00:01:12,4.333214,0.113254,69.287209,4.998779
prototype,47.653132,-122.306114,2025-03-11 00:01:20,4.337304,0.114538,69.764481,4.998779
prototype,47.653132,-122.306114,2025-03-11 00:01:28,4.341401,0.117956,69.478104,4.998779
prototype,47.653132,-122.306114,2025-03-11 00:01:36,4.335954,0.115760,69.191711,4.998779
prototype,47.653132,-122.306114,2025-03-11 00:01:44,4.334611,0.114753,69.477867,4.998779
prototype,47.653132,-122.306114,2025-03-11 00:01:52,4.331866,0.114155,69.382545,4.998779
prototype,47.653132,-122.306114,2025-03-11 00:02:00,4.336000,0.114744,69.382652,4.998779
prototype,47.653132,-122.306114,2025-03-11 00:02:08,4.333257,0.111089,69.191711,4.998779
prototype,47.653132,-122.306114,2025-03-11 00:02:16,4.330518,0.109927,69.764481,4.998779
prototype,47.653132,-122.306114,2025-03-11 00:02:24,4.329170,0.106727,69.477982,4.998779
prototype,47.653132,-122.306114,2025-03-11 00:02:32,4.327782,0.104141,69.478096,4.998779
prototype,47.653132,-122.306114,2025-03-11 00:02:48,4.326437,0.104703,69.477982,4.998779
prototype,47.653132,-122.306114,2025-03-11 00:02:56,4.333217,0.105653,69.573532,4.998779
prototype,47.653132,-122.306114,2025-03-11 00:03:04,4.329130,0.104241,69.859863,4.998779
prototype,47.653132,-122.306114,2025-03-11 00:03:12,4.330522,0.104427,69.096214,4.998779
prototype,47.653132,-122.306114,2025-03-11 00:03:28,4.327782,0.102342,69.478088,4.998779
prototype,47.653132,-122.306114,2025-03-11 00:03:36,4.326437,0.100392,69.478149,4.998779
prototype,47.653132,-122.306114,2025-03-11 00:03:44,4.327782,0.100012,69.287155,4.998779
prototype,47.653132,-122.306114,2025-03-11 00:03:52,4.329130,0.101687,69.286934,4.998779
prototype,47.653132,-122.306114,2025-03-11 00:04:00,4.329170,0.100945,69.573532,4.998779
prototype,47.653132,-122.306114,2025-03-11 00:04:08,4.326397,0.100192,70.241409,4.998779
prototype,47.653132,-122.306114,2025-03-11 00:04:16,4.327782,0.099729,69.573540,4.998779
prototype,47.653132,-122.306114,2025-03-11 00:04:24,4.326437,0.099265,69.287048,4.998779
prototype,47.653132,-122.306114,2025-03-11 00:04:32,4.329170,0.100107,69.669029,4.998779
prototype,47.653132,-122.306114,2025-03-11 00:04:40,4.325092,0.098058,69.478043,4.998779
prototype,47.653132,-122.306114,2025-03-11 00:04:56,4.323747,0.096053,69.382484,4.998779
prototype,47.653132,-122.306114,2025-03-11 00:05:04,4.325092,0.096070,69.287041,4.998779
prototype,47.653132,-122.306114,2025-03-11 00:05:12,4.326437,0.096416,69.573586,4.998779
prototype,47.653132,-122.306114,2025-03-11 00:05:20,4.325092,0.096057,69.668922,4.998779
prototype,47.653132,-122.306114,2025-03-11 00:05:28,4.325135,0.095605,69.668930,4.998779
prototype,47.653132,-122.306114,2025-03-11 00:05:36,4.322402,0.093614,69.478149,4.998779
prototype,47.653132,-122.306114,2025-03-11 00:05:44,4.319718,0.094693,69.382652,4.998779
prototype,47.653132,-122.306114,2025-03-11 00:05:52,4.322362,0.093882,69.287155,4.998779
prototype,47.653132,-122.306114,2025-03-11 00:06:00,4.323707,0.095695,69.573532,4.998779
prototype,47.653132,-122.306114,2025-03-11 00:06:16,4.323747,0.094879,69.478088,4.998779
prototype,47.653132,-122.306114,2025-03-11 00:06:24,4.326480,0.095425,69.478043,4.998779
prototype,47.653132,-122.306114,2025-03-11 00:06:32,4.326480,0.095066,69.478043,4.998779
prototype,47.653132,-122.306114,2025-03-11 00:06:40,4.327782,0.096782,69.382652,4.998779
prototype,47.653132,-122.306114,2025-03-11 00:06:48,4.327782,0.097326,69.955307,4.998779
prototype,47.653132,-122.306114,2025-03-11 00:06:56,4.329170,0.098892,69.382591,4.998779
prototype,47.653132,-122.306114,2025-03-11 00:07:04,4.331909,0.098793,69.668922,4.998779
prototype,47.653132,-122.306114,2025-03-11 00:07:12,4.327782,0.099179,69.478149,4.998779
prototype,47.653132,-122.306114,2025-03-11 00:07:20,4.327825,0.099642,69.191650,4.998779
prototype,47.653132,-122.306114,2025-03-11 00:07:28,4.327825,0.098715,69.478088,4.998779
prototype,47.653132,-122.306114,2025-03-11 00:07:36,4.325092,0.097527,69.477921,4.998779
prototype,47.653132,-122.306114,2025-03-11 00:07:44,4.323710,0.098060,69.287209,4.998779
prototype,47.653132,-122.306114,2025-03-11 00:07:52,4.327782,0.097972,69.859634,4.998779
prototype,47.653132,-122.306114,2025-03-11 00:08:00,4.326437,0.096240,69.668922,4.998779
prototype,47.653132,-122.306114,2025-03-11 00:08:08,4.329173,0.097332,69.382645,4.998779
prototype,47.653132,-122.306114,2025-03-11 00:08:24,4.331829,0.102720,69.573532,4.998779
prototype,47.653132,-122.306114,2025-03-11 00:08:32,4.334562,0.104517,69.382645,4.998779
prototype,47.653132,-122.306114,2025-03-11 00:08:40,4.333214,0.105089,69.382591,4.998779
prototype,47.653132,-122.306114,2025-03-11 00:08:48,4.331909,0.104988,69.287148,4.998779
prototype,47.653132,-122.306114,2025-03-11 00:09:04,4.327825,0.103770,69.573479,4.998779
prototype,47.653132,-122.306114,2025-03-11 00:09:12,4.327782,0.102819,69.287155,4.998779
prototype,47.653132,-122.306114,2025-03-11 00:09:20,4.329170,0.102352,69.859863,4.998779
prototype,47.653132,-122.306114,2025-03-11 00:09:28,4.330521,0.102352,69.191650,4.998779
prototype,47.653132,-122.306114,2025-03-11 00:09:36,4.327785,0.101214,69.573364,4.998779
prototype,47.653132,-122.306114,2025-03-11 00:09:44,4.329170,0.101125,69.191605,4.998779
prototype,47.653132,-122.306114,2025-03-11 00:09:52,4.330518,0.103192,69.286926,4.998779
prototype,47.653132,-122.306114,2025-03-11 00:10:00,4.330561,0.101674,69.669029,4.998779
prototype,47.653132,-122.306114,2025-03-11 00:10:08,4.327782,0.102340,69.382599,4.998779
prototype,47.653132,-122.306114,2025-03-11 00:10:16,4.330518,0.102340,69.287155,4.998779
prototype,47.653132,-122.306114,2025-03-11 00:10:24,4.329170,0.101970,69.287094,4.998779
prototype,47.653132,-122.306114,2025-03-11 00:10:32,4.330518,0.101970,69.478088,4.998779
prototype,47.653132,-122.306114,2025-03-11 00:10:40,4.330518,0.103106,69.669029,4.998779
prototype,47.653132,-122.306114,2025-03-11 00:10:48,4.331909,0.104035,69.191490,4.998779
prototype,47.653132,-122.306114,2025-03-11 00:10:56,4.335954,0.106226,69.668976,4.998779
prototype,47.653132,-122.306114,2025-03-11 00:11:12,4.334565,0.108574,69.764481,4.998779
prototype,47.653132,-122.306114,2025-03-11 00:11:20,4.330518,0.108191,69.573479,4.998779
prototype,47.653132,-122.306114,2025-03-11 00:11:29,4.327782,0.105958,69.287041,4.998779
prototype,47.653132,-122.306114,2025-03-11 00:11:37,4.329170,0.104536,69.382645,4.998779
prototype,47.653132,-122.306114,2025-03-11 00:11:45,4.327785,0.103192,69.573586,4.998779
prototype,47.653132,-122.306114,2025-03-11 00:11:53,4.323747,0.100575,69.573532,4.998779
prototype,47.653132,-122.306114,2025-03-11 00:12:01,4.325092,0.099179,69.477982,4.998779
prototype,47.653132,-122.306114,2025-03-11 00:12:09,4.326437,0.098800,69.382652,4.998779
prototype,47.653132,-122.306114,2025-03-11 00:12:17,4.331866,0.099828,69.382591,4.998779
prototype,47.653132,-122.306114,2025-03-11 00:12:25,4.329170,0.099735,69.573532,4.998779
prototype,47.653132,-122.306114,2025-03-11 00:12:33,4.325135,0.098166,69.764366,4.998779
prototype,47.653132,-122.306114,2025-03-11 00:12:41,4.325052,0.097421,69.477982,4.998779
prototype,47.653132,-122.306114,2025-03-11 00:12:49,4.326437,0.097966,69.668922,4.998779
prototype,47.653132,-122.306114,2025-03-11 00:12:57,4.326437,0.097064,69.477982,4.998779
prototype,47.653132,-122.306114,2025-03-11 00:13:05,4.326437,0.095966,69.382484,4.998779
prototype,47.653132,-122.306114,2025-03-11 00:13:13,4.326480,0.096331,69.191711,4.998779
prototype,47.653132,-122.306114,2025-03-11 00:13:21,4.327825,0.096968,69.382652,4.998779
prototype,47.653132,-122.306114,2025-03-11 00:13:29,4.327782,0.098152,69.573586,4.998779
prototype,47.653132,-122.306114,2025-03-11 00:13:37,4.329170,0.099355,69.859863,4.998779
prototype,47.653132,-122.306114,2025-03-11 00:13:45,4.330478,0.100374,69.668976,4.998779
prototype,47.653132,-122.306114,2025-03-11 00:13:53,4.331909,0.101035,69.287048,4.998779
prototype,47.653132,-122.306114,2025-03-11 00:14:01,4.329170,0.100567,69.478096,4.998779
prototype,47.653132,-122.306114,2025-03-11 00:14:09,4.329173,0.100382,69.955246,4.998779
prototype,47.653132,-122.306114,2025-03-11 00:14:17,4.326397,0.099164,69.764481,4.998779
prototype,47.653132,-122.306114,2025-03-11 00:14:25,4.333214,0.102430,69.668922,4.998779
prototype,47.653132,-122.306114,2025-03-11 00:14:33,4.337307,0.104894,69.764366,4.998779
prototype,47.653132,-122.306114,2025-03-11 00:14:41,4.334605,0.105273,69.668983,4.998779
prototype,47.653132,-122.306114,2025-03-11 00:14:49,4.331866,0.103665,69.382591,4.998779
prototype,47.653132,-122.306114,2025-03-11 00:15:05,4.331866,0.104231,69.573586,4.998779
prototype,47.653132,-122.306114,2025-03-11 00:15:13,4.330518,0.105187,69.573593,4.998779
prototype,47.653132,-122.306114,2025-03-11 00:15:21,4.330518,0.104429,69.764420,4.998779
prototype,47.653132,-122.306114,2025-03-11 00:15:29,4.333214,0.104710,69.573532,4.998779
prototype,47.653132,-122.306114,2025-03-11 00:15:37,4.331866,0.105665,69.287094,4.998779
prototype,47.653132,-122.306114,2025-03-11 00:15:45,4.337304,0.107768,69.668983,4.998779
prototype,47.653132,-122.306114,2025-03-11 00:15:53,4.334565,0.110023,69.859863,4.998779
prototype,47.653132,-122.306114,2025-03-11 00:16:01,4.334605,0.109224,69.859863,4.998779
prototype,47.653132,-122.306114,2025-03-11 00:16:09,4.333214,0.109720,69.573532,4.998779
prototype,47.653132,-122.306114,2025-03-11 00:16:17,4.331866,0.108170,69.478088,4.998779
prototype,47.653132,-122.306114,2025-03-11 00:16:25,4.327825,0.106340,69.478096,4.998779
prototype,47.653132,-122.306114,2025-03-11 00:16:33,4.329170,0.105571,69.573532,4.998779
prototype,47.653132,-122.306114,2025-03-11 00:16:41,4.330518,0.105376,70.431007,4.998779
prototype,47.653132,-122.306114,2025-03-11 00:16:49,4.329130,0.104141,69.478088,4.998779
prototype,47.653132,-122.306114,2025-03-11 00:16:57,4.331866,0.105562,69.000664,4.998779
prototype,47.653132,-122.306114,2025-03-11 00:17:05,4.331909,0.106616,69.859917,4.998779
prototype,47.653132,-122.306114,2025-03-11 00:17:13,4.330518,0.106055,69.382652,4.998779
prototype,47.653132,-122.306114,2025-03-11 00:17:21,4.329170,0.104521,69.668983,4.998779
prototype,47.653132,-122.306114,2025-03-11 00:17:29,4.329170,0.102912,69.573540,4.998779
prototype,47.653132,-122.306114,2025-03-11 00:17:37,4.327782,0.102722,69.478088,4.998779
prototype,47.653132,-122.306114,2025-03-11 00:17:45,4.327782,0.101599,69.668976,4.998779
prototype,47.653132,-122.306114,2025-03-11 00:17:53,4.330524,0.102258,69.668922,4.998779
prototype,47.653132,-122.306114,2025-03-11 00:18:01,4.326480,0.101690,69.573479,4.998779
prototype,47.653132,-122.306114,2025-03-11 00:18:09,4.327782,0.100105,69.669029,4.998779
prototype,47.653132,-122.306114,2025-03-11 00:18:17,4.329170,0.100012,69.859863,4.998779
prototype,47.653132,-122.306114,2025-03-11 00:18:25,4.327825,0.100939,69.573532,4.998779
prototype,47.653132,-122.306114,2025-03-11 00:18:33,4.331869,0.102073,69.668930,4.998779
prototype,47.653132,-122.306114,2025-03-11 00:18:41,4.334565,0.103759,69.382484,4.998779
prototype,47.653132,-122.306114,2025-03-11 00:18:57,4.329130,0.103853,69.478104,4.998779
prototype,47.653132,-122.306114,2025-03-11 00:19:05,4.331866,0.104707,69.764481,4.998779
prototype,47.653132,-122.306114,2025-03-11 00:19:13,4.331866,0.104525,69.764481,4.998779
prototype,47.653132,-122.306114,2025-03-11 00:19:21,4.327825,0.101585,69.382599,4.998779
prototype,47.653132,-122.306114,2025-03-11 00:19:29,4.327825,0.100858,69.573532,4.998779
prototype,47.653132,-122.306114,2025-03-11 00:19:37,4.325092,0.098530,69.477928,4.998779
prototype,47.653132,-122.306114,2025-03-11 00:19:45,4.323747,0.096962,69.955017,4.998779
prototype,47.653132,-122.306114,2025-03-11 00:19:53,4.329170,0.098251,69.191711,4.998779
prototype,47.653132,-122.306114,2025-03-11 00:20:01,4.327782,0.097150,69.955246,4.998779
prototype,47.653132,-122.306114,2025-03-11 00:20:09,4.325092,0.097789,69.668983,4.998779
prototype,47.653132,-122.306114,2025-03-11 00:20:17,4.330518,0.099450,69.096100,4.998779
prototype,47.653132,-122.306114,2025-03-11 00:20:25,4.331866,0.101682,69.573471,4.998779
prototype,47.653132,-122.306114,2025-03-11 00:20:33,4.333214,0.102338,69.669029,4.998779
prototype,47.653132,-122.306114,2025-03-11 00:20:41,4.331909,0.102058,69.287094,4.998779
prototype,47.653132,-122.306114,2025-03-11 00:20:49,4.330518,0.102532,69.764305,4.998779
prototype,47.653132,-122.306114,2025-03-11 00:20:57,4.334605,0.102809,69.764420,4.998779
prototype,47.653132,-122.306114,2025-03-11 00:21:05,4.330518,0.102345,70.145958,4.998779
prototype,47.653132,-122.306114,2025-03-11 00:21:13,4.330518,0.102719,69.477867,4.998779
prototype,47.653132,-122.306114,2025-03-11 00:21:21,4.331866,0.102815,69.669029,4.998779
prototype,47.653132,-122.306114,2025-03-11 00:21:29,4.329170,0.101596,69.955132,4.998779
prototype,47.653132,-122.306114,2025-03-11 00:21:37,4.329173,0.102064,69.382484,4.998779
prototype,47.653132,-122.306114,2025-03-11 00:21:53,4.330518,0.101792,69.191650,4.998779
prototype,47.653132,-122.306114,2025-03-11 00:22:01,4.330518,0.101224,69.572861,4.998779
prototype,47.653132,-122.306114,2025-03-11 00:22:09,4.330561,0.099914,69.764420,4.998779
prototype,47.653132,-122.306114,2025-03-11 00:22:17,4.327782,0.098529,69.478043,4.998779
prototype,47.653132,-122.306114,2025-03-11 00:22:25,4.325092,0.098155,69.668983,4.998779
prototype,47.653132,-122.306114,2025-03-11 00:22:33,4.327782,0.097606,69.764420,4.998779
prototype,47.653132,-122.306114,2025-03-11 00:22:41,4.325092,0.097712,69.668861,4.998779
prototype,47.653132,-122.306114,2025-03-11 00:22:49,4.325092,0.096870,69.668869,4.998779
prototype,47.653132,-122.306114,2025-03-11 00:22:57,4.326480,0.096329,69.955246,4.998779
prototype,47.653132,-122.306114,2025-03-11 00:23:05,4.327782,0.097423,69.955246,4.998779
prototype,47.653132,-122.306114,2025-03-11 00:23:13,4.331866,0.099540,69.859749,4.998779
prototype,47.653132,-122.306114,2025-03-11 00:23:29,4.333214,0.102816,69.478088,4.998779
prototype,47.653132,-122.306114,2025-03-11 00:23:45,4.333257,0.106130,69.669029,4.998779
prototype,47.653132,-122.306114,2025-03-11 00:24:01,4.329170,0.104344,69.764420,4.998779
prototype,47.653132,-122.306114,2025-03-11 00:24:09,4.326480,0.098793,69.382652,4.998779
prototype,47.653132,-122.306114,2025-03-11 00:24:17,4.326437,0.098626,69.668808,4.998779
prototype,47.653132,-122.306114,2025-03-11 00:24:25,4.325092,0.097979,69.478088,4.998779
prototype,47.653132,-122.306114,2025-03-11 00:24:33,4.325092,0.097700,69.764366,4.998779
prototype,47.653132,-122.306114,2025-03-11 00:24:41,4.327825,0.097520,69.668922,4.998779
prototype,47.653132,-122.306114,2025-03-11 00:24:49,4.326437,0.097234,69.955124,4.998779
prototype,47.653132,-122.306114,2025-03-11 00:25:05,4.329170,0.097609,69.573532,4.998779
prototype,47.653132,-122.306114,2025-03-11 00:25:21,4.322362,0.095423,69.286369,4.998779
prototype,47.653132,-122.306114,2025-03-11 00:25:29,4.322402,0.095336,70.050690,4.998779
prototype,47.653132,-122.306114,2025-03-11 00:25:37,4.330518,0.097601,69.764481,4.998779
prototype,47.653132,-122.306114,2025-03-11 00:25:45,4.334562,0.100004,69.191711,4.998779
prototype,47.653132,-122.306114,2025-03-11 00:25:53,4.334565,0.101126,69.764481,4.998779
prototype,47.653132,-122.306114,2025-03-11 00:26:01,4.331866,0.101877,69.764366,4.998779
prototype,47.653132,-122.306114,2025-03-11 00:26:09,4.331866,0.102715,69.859634,4.998779
prototype,47.653132,-122.306114,2025-03-11 00:26:17,4.330518,0.102820,69.382652,4.998779
prototype,47.653132,-122.306114,2025-03-11 00:26:25,4.330518,0.103949,69.764481,4.998779
prototype,47.653132,-122.306114,2025-03-11 00:26:33,4.330518,0.101699,69.573532,4.998779
prototype,47.653132,-122.306114,2025-03-11 00:26:41,4.326437,0.099917,69.668976,4.998779
prototype,47.653132,-122.306114,2025-03-11 00:26:49,4.329173,0.099358,69.287094,4.998779
prototype,47.653132,-122.306114,2025-03-11 00:26:57,4.329170,0.098711,69.573540,4.998779
prototype,47.653132,-122.306114,2025-03-11 00:27:13,4.330561,0.099914,69.573532,4.998779
prototype,47.653132,-122.306114,2025-03-11 00:27:29,4.329170,0.102154,69.573425,4.998779
prototype,47.653132,-122.306114,2025-03-11 00:27:37,4.330518,0.101781,69.573586,4.998779
prototype,47.653132,-122.306114,2025-03-11 00:27:45,4.329170,0.101777,69.191650,4.998779
prototype,47.653132,-122.306114,2025-03-11 00:27:53,4.327782,0.099735,70.050636,4.998779
dummy,69.420,13.37,2025-03-11 00:28:05
prototype,47.653132,-122.306114,2025-03-11 00:28:09,4.329170,0.100378,69.764481,4.998779
prototype,47.653132,-122.306114,2025-03-11 00:28:25,4.333214,0.102437,69.478043,4.998779
prototype,47.653132,-122.306114,2025-03-11 00:28:41,4.330518,0.100842,69.859741,4.998779
prototype,47.653132,-122.306114,2025-03-11 00:28:49,4.329170,0.099919,69.477982,4.998779
prototype,47.653132,-122.306114,2025-03-11 00:28:57,4.329170,0.100754,69.573532,4.998779
prototype,47.653132,-122.306114,2025-03-11 00:29:05,4.331866,0.101783,69.859917,4.998779
prototype,47.653132,-122.306114,2025-03-11 00:29:13,4.327825,0.100576,69.764305,4.998779
prototype,47.653132,-122.306114,2025-03-11 00:29:21,4.331866,0.101883,69.859802,4.998779
prototype,47.653132,-122.306114,2025-03-11 00:29:29,4.330518,0.100289,69.478088,4.998779
prototype,47.653132,-122.306114,2025-03-11 00:29:37,4.326437,0.098810,69.859863,4.998779
prototype,47.653132,-122.306114,2025-03-11 00:29:53,4.323791,0.095066,69.477753,4.998779
prototype,47.653132,-122.306114,2025-03-11 00:30:01,4.325052,0.096143,69.668976,4.998779
prototype,47.653132,-122.306114,2025-03-11 00:30:09,4.326437,0.096969,69.764366,4.998779
prototype,47.653132,-122.306114,2025-03-11 00:30:17,4.327825,0.098058,69.954681,4.998779
prototype,47.653132,-122.306114,2025-03-11 00:30:25,4.327825,0.098434,69.668983,4.998779
prototype,47.653132,-122.306114,2025-03-11 00:30:33,4.326397,0.096972,69.764481,4.998779
prototype,47.653132,-122.306114,2025-03-11 00:30:41,4.323747,0.094793,69.287155,4.998779
prototype,47.653132,-122.306114,2025-03-11 00:30:49,4.323707,0.094964,69.859863,4.998779
prototype,47.653132,-122.306114,2025-03-11 00:30:57,4.326437,0.095871,69.859802,4.998779
prototype,47.653132,-122.306114,2025-03-11 00:31:05,4.326437,0.095692,69.573593,4.998779
prototype,47.653132,-122.306114,2025-03-11 00:31:13,4.326480,0.095330,69.573586,4.998779
prototype,47.653132,-122.306114,2025-03-11 00:31:21,4.325092,0.095870,69.955185,4.998779
prototype,47.653132,-122.306114,2025-03-11 00:31:29,4.325092,0.096238,69.764305,4.998779
prototype,47.653132,-122.306114,2025-03-11 00:31:37,4.333217,0.097984,69.382599,4.998779
prototype,47.653132,-122.306114,2025-03-11 00:31:45,4.329170,0.097886,69.477982,4.998779
prototype,47.653132,-122.306114,2025-03-11 00:31:53,4.329130,0.097782,69.669029,4.998779
prototype,47.653132,-122.306114,2025-03-11 00:32:01,4.329173,0.099822,69.478149,4.998779
prototype,47.653132,-122.306114,2025-03-11 00:32:09,4.330518,0.099091,69.668983,4.998779
prototype,47.653132,-122.306114,2025-03-11 00:32:17,4.326397,0.096607,70.050690,4.998779
prototype,47.653132,-122.306114,2025-03-11 00:32:25,4.323747,0.095963,69.478043,4.998779
prototype,47.653132,-122.306114,2025-03-11 00:32:33,4.325092,0.095872,70.049126,4.998779
prototype,47.653132,-122.306114,2025-03-11 00:32:41,4.325135,0.094432,69.287155,4.998779
prototype,47.653132,-122.306114,2025-03-11 00:32:49,4.322362,0.093703,69.191544,4.998779
prototype,47.653132,-122.306114,2025-03-11 00:32:57,4.327782,0.095240,69.287209,4.998779
prototype,47.653132,-122.306114,2025-03-11 00:33:05,4.327825,0.095150,69.287148,4.998779
prototype,47.653132,-122.306114,2025-03-11 00:33:13,4.325092,0.095431,69.764420,4.998779
prototype,47.653132,-122.306114,2025-03-11 00:33:21,4.326437,0.096237,69.764481,4.998779
prototype,47.653132,-122.306114,2025-03-11 00:33:29,4.329170,0.096238,69.764305,4.998779
prototype,47.653132,-122.306114,2025-03-11 00:33:37,4.331866,0.097700,69.573257,4.998779
prototype,47.653132,-122.306114,2025-03-11 00:33:45,4.329170,0.097977,70.050690,4.998779
prototype,47.653132,-122.306114,2025-03-11 00:33:53,4.329170,0.098709,69.955185,4.998779
prototype,47.653132,-122.306114,2025-03-11 00:34:02,4.327825,0.097883,69.382492,4.998779
prototype,47.653132,-122.306114,2025-03-11 00:34:10,4.329170,0.098990,69.955078,4.998779
prototype,47.653132,-122.306114,2025-03-11 00:34:18,4.329173,0.098245,70.049576,4.998779
prototype,47.653132,-122.306114,2025-03-11 00:34:26,4.326397,0.098982,69.859863,4.998779
prototype,47.653132,-122.306114,2025-03-11 00:34:34,4.333214,0.101030,69.859863,4.998779
prototype,47.653132,-122.306114,2025-03-11 00:34:50,4.331866,0.101591,69.573532,4.998779
prototype,47.653132,-122.306114,2025-03-11 00:34:58,4.329170,0.099452,69.859863,4.998779
prototype,47.653132,-122.306114,2025-03-11 00:35:06,4.327825,0.099458,69.477982,4.998779
prototype,47.653132,-122.306114,2025-03-11 00:35:14,4.325092,0.097524,69.573540,4.998779
prototype,47.653132,-122.306114,2025-03-11 00:35:30,4.327782,0.097141,69.764359,4.998779
prototype,47.653132,-122.306114,2025-03-11 00:35:38,4.322362,0.096600,69.764244,4.998779
prototype,47.653132,-122.306114,2025-03-11 00:35:46,4.327782,0.096871,69.669029,4.998779
prototype,47.653132,-122.306114,2025-03-11 00:35:54,4.327782,0.098621,69.477867,4.998779
prototype,47.653132,-122.306114,2025-03-11 00:36:02,4.327782,0.098994,69.859634,4.998779
prototype,47.653132,-122.306114,2025-03-11 00:36:10,4.325092,0.098072,69.764481,4.998779
prototype,47.653132,-122.306114,2025-03-11 00:36:26,4.327782,0.098895,69.095322,4.998779
prototype,47.653132,-122.306114,2025-03-11 00:36:34,4.329170,0.098437,69.859863,4.998779
prototype,47.653132,-122.306114,2025-03-11 00:36:42,4.327825,0.099356,69.668983,4.998779
prototype,47.653132,-122.306114,2025-03-11 00:36:50,4.330518,0.101126,69.382591,4.998779
prototype,47.653132,-122.306114,2025-03-11 00:36:58,4.331866,0.103477,69.859863,4.998779
prototype,47.653132,-122.306114,2025-03-11 00:37:06,4.337304,0.105557,69.669029,4.998779
prototype,47.653132,-122.306114,2025-03-11 00:37:14,4.337304,0.106899,70.050690,4.998779
prototype,47.653132,-122.306114,2025-03-11 00:37:22,4.337267,0.108553,69.478088,4.998779
prototype,47.653132,-122.306114,2025-03-11 00:37:30,4.334562,0.106911,69.764481,4.998779
prototype,47.653132,-122.306114,2025-03-11 00:37:38,4.329170,0.106243,69.573593,4.998779
prototype,47.653132,-122.306114,2025-03-11 00:37:46,4.329170,0.104337,69.955246,4.998779
prototype,47.653132,-122.306114,2025-03-11 00:37:54,4.327825,0.102258,69.859756,4.998779
prototype,47.653132,-122.306114,2025-03-11 00:38:02,4.327782,0.101500,69.478088,4.998779
prototype,47.653132,-122.306114,2025-03-11 00:38:10,4.329170,0.101315,69.955246,4.998779
prototype,47.653132,-122.306114,2025-03-11 00:38:18,4.331869,0.102340,69.668922,4.998779
prototype,47.653132,-122.306114,2025-03-11 00:38:26,4.329170,0.101510,69.668922,4.998779
prototype,47.653132,-122.306114,2025-03-11 00:38:34,4.330518,0.101407,69.955246,4.998779
prototype,47.653132,-122.306114,2025-03-11 00:38:50,4.329130,0.101873,69.764481,4.998779
prototype,47.653132,-122.306114,2025-03-11 00:38:58,4.331866,0.102252,69.764481,4.998779
prototype,47.653132,-122.306114,2025-03-11 00:39:06,4.329170,0.101973,69.382591,4.998779
prototype,47.653132,-122.306114,2025-03-11 00:39:14,4.330518,0.102346,69.668922,4.998779
prototype,47.653132,-122.306114,2025-03-11 00:39:22,4.329170,0.101227,70.146019,4.998779
prototype,47.653132,-122.306114,2025-03-11 00:39:38,4.329170,0.100296,69.859863,4.998779
prototype,47.653132,-122.306114,2025-03-11 00:39:46,4.327825,0.098623,69.764420,4.998779
prototype,47.653132,-122.306114,2025-03-11 00:39:54,4.329170,0.099458,69.382645,4.998779
prototype,47.653132,-122.306114,2025-03-11 00:40:02,4.327782,0.098898,69.955246,4.998779
prototype,47.653132,-122.306114,2025-03-11 00:40:10,4.330518,0.099729,69.859863,4.998779
prototype,47.653132,-122.306114,2025-03-11 00:40:18,4.330518,0.100480,69.668922,4.998779
prototype,47.653132,-122.306114,2025-03-11 00:40:26,4.326480,0.099452,69.955185,4.998779
prototype,47.653132,-122.306114,2025-03-11 00:40:34,4.329173,0.100009,69.859863,4.998779
prototype,47.653132,-122.306114,2025-03-11 00:40:50,4.325135,0.098262,69.669029,4.998779
prototype,47.653132,-122.306114,2025-03-11 00:40:58,4.325052,0.097326,69.573425,4.998779
prototype,47.653132,-122.306114,2025-03-11 00:41:06,4.329170,0.099173,69.764420,4.998779
prototype,47.653132,-122.306114,2025-03-11 00:41:14,4.329170,0.099637,69.573532,4.998779
prototype,47.653132,-122.306114,2025-03-11 00:41:22,4.330518,0.100844,69.573532,4.998779
prototype,47.653132,-122.306114,2025-03-11 00:41:30,4.329170,0.102155,69.573593,4.998779
prototype,47.653132,-122.306114,2025-03-11 00:41:38,4.333214,0.103388,69.382370,4.998779
prototype,47.653132,-122.306114,2025-03-11 00:41:46,4.325135,0.100672,70.050690,4.998779
prototype,47.653132,-122.306114,2025-03-11 00:41:54,4.329170,0.099830,69.764481,4.998779
prototype,47.653132,-122.306114,2025-03-11 00:42:02,4.329170,0.100107,69.478043,4.998779
prototype,47.653132,-122.306114,2025-03-11 00:42:10,4.329170,0.099827,69.669029,4.998779
prototype,47.653132,-122.306114,2025-03-11 00:42:18,4.329170,0.100567,69.668983,4.998779
prototype,47.653132,-122.306114,2025-03-11 00:42:26,4.327785,0.099917,69.955246,4.998779
prototype,47.653132,-122.306114,2025-03-11 00:42:34,4.329130,0.101400,69.478088,4.998779
prototype,47.653132,-122.306114,2025-03-11 00:42:42,4.331866,0.102626,69.573425,4.998779
prototype,47.653132,-122.306114,2025-03-11 00:42:59,4.330518,0.103006,69.573311,4.998779
prototype,47.653132,-122.306114,2025-03-11 00:43:07,4.329170,0.101221,70.050690,4.998779
prototype,47.653132,-122.306114,2025-03-11 00:43:15,4.329170,0.100573,69.764244,4.998779
prototype,47.653132,-122.306114,2025-03-11 00:43:23,4.329170,0.100191,69.287033,4.998779
prototype,47.653132,-122.306114,2025-03-11 00:43:31,4.330518,0.100382,69.478043,4.998779
prototype,47.653132,-122.306114,2025-03-11 00:43:47,4.322402,0.098536,69.478043,4.998779
prototype,47.653132,-122.306114,2025-03-11 00:43:55,4.329170,0.099268,69.764359,4.998779
prototype,47.653132,-122.306114,2025-03-11 00:44:03,4.331826,0.101027,70.241295,4.998779
prototype,47.653132,-122.306114,2025-03-11 00:44:19,4.325052,0.098521,69.573479,4.998779
prototype,47.653132,-122.306114,2025-03-11 00:44:35,4.325092,0.097785,70.050690,4.998779
prototype,47.653132,-122.306114,2025-03-11 00:44:51,4.326437,0.097150,69.764305,4.998779
prototype,47.653132,-122.306114,2025-03-11 00:44:59,4.327782,0.098615,69.573425,4.998779
prototype,47.653132,-122.306114,2025-03-11 00:45:07,4.325092,0.098996,69.859756,4.998779
prototype,47.653132,-122.306114,2025-03-11 00:45:15,4.327825,0.098987,69.573471,4.998779
prototype,47.653132,-122.306114,2025-03-11 00:45:23,4.327785,0.099633,69.477760,4.998779
prototype,47.653132,-122.306114,2025-03-11 00:45:31,4.331866,0.101594,70.050690,4.998779
prototype,47.653132,-122.306114,2025-03-11 00:45:39,4.335916,0.103764,69.573532,4.998779
prototype,47.653132,-122.306114,2025-03-11 00:45:47,4.335914,0.105565,69.573532,4.998779
prototype,47.653132,-122.306114,2025-03-11 00:45:55,4.331866,0.105192,69.764244,4.998779
prototype,47.653132,-122.306114,2025-03-11 00:46:03,4.330518,0.104154,69.190811,4.998779
prototype,47.653132,-122.306114,2025-03-11 00:46:11,4.331866,0.103194,69.669029,4.998779
prototype,47.653132,-122.306114,2025-03-11 00:46:19,4.331866,0.103759,69.859695,4.998779
prototype,47.653132,-122.306114,2025-03-11 00:46:27,4.333214,0.104900,69.573532,4.998779
prototype,47.653132,-122.306114,2025-03-11 00:46:35,4.333214,0.105478,69.955185,4.998779
prototype,47.653132,-122.306114,2025-03-11 00:46:43,4.330561,0.104131,69.382591,4.998779
prototype,47.653132,-122.306114,2025-03-11 00:46:59,4.329170,0.104235,69.764366,4.998779
prototype,47.653132,-122.306114,2025-03-11 00:47:07,4.329216,0.102718,69.955246,4.998779
prototype,47.653132,-122.306114,2025-03-11 00:47:15,4.327825,0.100950,69.478088,4.998779
prototype,47.653132,-122.306114,2025-03-11 00:47:23,4.323747,0.099176,69.573532,4.998779
prototype,47.653132,-122.306114,2025-03-11 00:47:31,4.325092,0.096961,69.478043,4.998779
prototype,47.653132,-122.306114,2025-03-11 00:47:39,4.323747,0.095963,69.382591,4.998779
prototype,47.653132,-122.306114,2025-03-11 00:47:47,4.323747,0.095060,69.573471,4.998779
prototype,47.653132,-122.306114,2025-03-11 00:47:55,4.327825,0.095328,69.955246,4.998779
prototype,47.653132,-122.306114,2025-03-11 00:48:03,4.327782,0.095968,69.668968,4.998779
prototype,47.653132,-122.306114,2025-03-11 00:48:11,4.323707,0.095963,69.095985,4.998779
prototype,47.653132,-122.306114,2025-03-11 00:48:19,4.329173,0.097700,69.668922,4.998779
prototype,47.653132,-122.306114,2025-03-11 00:48:27,4.326437,0.097508,69.668983,4.998779
prototype,47.653132,-122.306114,2025-03-11 00:48:35,4.329170,0.098350,69.668922,4.998779
prototype,47.653132,-122.306114,2025-03-11 00:48:43,4.325092,0.097241,69.955307,4.998779
prototype,47.653132,-122.306114,2025-03-11 00:48:51,4.326437,0.097981,69.764305,4.998779
prototype,47.653132,-122.306114,2025-03-11 00:48:59,4.329170,0.097512,69.478088,4.998779
prototype,47.653132,-122.306114,2025-03-11 00:49:07,4.329170,0.099274,69.955307,4.998779
prototype,47.653132,-122.306114,2025-03-11 00:49:15,4.327782,0.098711,69.573586,4.998779
prototype,47.653132,-122.306114,2025-03-11 00:49:23,4.327825,0.098536,69.764481,4.998779
prototype,47.653132,-122.306114,2025-03-11 00:49:31,4.329170,0.098332,69.764305,4.998779
prototype,47.653132,-122.306114,2025-03-11 00:49:39,4.325135,0.097520,69.859917,4.998779
prototype,47.653132,-122.306114,2025-03-11 00:49:47,4.327782,0.097426,69.669029,4.998779
prototype,47.653132,-122.306114,2025-03-11 00:49:55,4.327782,0.098346,69.478088,4.998779
prototype,47.653132,-122.306114,2025-03-11 00:50:03,4.335956,0.099906,69.764305,4.998779
prototype,47.653132,-122.306114,2025-03-11 00:50:11,4.331866,0.102154,69.668976,4.998779
prototype,47.653132,-122.306114,2025-03-11 00:50:19,4.335954,0.103087,69.764366,4.998779
prototype,47.653132,-122.306114,2025-03-11 00:50:27,4.331866,0.102726,69.955078,4.998779
prototype,47.653132,-122.306114,2025-03-11 00:50:35,4.329170,0.100951,69.478043,4.998779
prototype,47.653132,-122.306114,2025-03-11 00:50:43,4.330481,0.100009,69.668922,4.998779
prototype,47.653132,-122.306114,2025-03-11 00:50:51,4.329130,0.100099,69.764305,4.998779
prototype,47.653132,-122.306114,2025-03-11 00:50:59,4.327782,0.098810,69.668922,4.998779
prototype,47.653132,-122.306114,2025-03-11 00:51:07,4.326437,0.097143,69.764481,4.998779
prototype,47.653132,-122.306114,2025-03-11 00:51:15,4.326437,0.098897,69.955246,4.998779
prototype,47.653132,-122.306114,2025-03-11 00:51:23,4.329170,0.098712,69.955246,4.998779
prototype,47.653132,-122.306114,2025-03-11 00:51:31,4.329170,0.099450,69.764481,4.998779
prototype,47.653132,-122.306114,2025-03-11 00:51:39,4.326437,0.099084,69.764359,4.998779
prototype,47.653132,-122.306114,2025-03-11 00:51:47,4.330518,0.099174,69.859863,4.998779
prototype,47.653132,-122.306114,2025-03-11 00:51:55,4.329170,0.098524,69.859741,4.998779
prototype,47.653132,-122.306114,2025-03-11 00:52:03,4.329130,0.099543,69.955185,4.998779
prototype,47.653132,-122.306114,2025-03-11 00:52:11,4.329130,0.100857,69.668922,4.998779
prototype,47.653132,-122.306114,2025-03-11 00:52:19,4.334562,0.102151,69.668808,4.998779
prototype,47.653132,-122.306114,2025-03-11 00:52:27,4.329170,0.101143,69.669029,4.998779
prototype,47.653132,-122.306114,2025-03-11 00:52:35,4.329170,0.101501,70.620895,4.998779
prototype,47.653132,-122.306114,2025-03-11 00:52:43,4.330518,0.100758,69.191666,4.998779
prototype,47.653132,-122.306114,2025-03-11 00:52:51,4.323747,0.098349,69.287041,4.998779
prototype,47.653132,-122.306114,2025-03-11 00:52:59,4.325092,0.097426,69.764420,4.998779
prototype,47.653132,-122.306114,2025-03-11 00:53:07,4.325092,0.098810,69.477806,4.998779
prototype,47.653132,-122.306114,2025-03-11 00:53:15,4.327825,0.098803,69.955307,4.998779
prototype,47.653132,-122.306114,2025-03-11 00:53:23,4.327825,0.099268,69.573471,4.998779
prototype,47.653132,-122.306114,2025-03-11 00:53:39,4.327825,0.100581,69.668983,4.998779
prototype,47.653132,-122.306114,2025-03-11 00:53:47,4.330518,0.100008,69.573471,4.998779
prototype,47.653132,-122.306114,2025-03-11 00:53:55,4.327782,0.100399,69.669037,4.998779
prototype,47.653132,-122.306114,2025-03-11 00:54:11,4.329170,0.099173,69.286934,4.998779
prototype,47.653132,-122.306114,2025-03-11 00:54:19,4.326437,0.099358,69.287148,4.998779
prototype,47.653132,-122.306114,2025-03-11 00:54:27,4.329170,0.100197,69.573586,4.998779
prototype,47.653132,-122.306114,2025-03-11 00:54:35,4.330478,0.101042,69.478088,4.998779
prototype,47.653132,-122.306114,2025-03-11 00:54:43,4.330518,0.100945,69.859749,4.998779
prototype,47.653132,-122.306114,2025-03-11 00:54:51,4.329170,0.099919,69.668808,4.998779
prototype,47.653132,-122.306114,2025-03-11 00:54:59,4.329170,0.100384,69.573486,4.998779
prototype,47.653132,-122.306114,2025-03-11 00:55:07,4.333257,0.101210,69.573593,4.998779
prototype,47.653132,-122.306114,2025-03-11 00:55:15,4.333257,0.103090,69.859863,4.998779
prototype,47.653132,-122.306114,2025-03-11 00:55:23,4.334605,0.102995,69.955246,4.998779
prototype,47.653132,-122.306114,2025-03-11 00:55:31,4.331866,0.103953,69.764420,4.998779
prototype,47.653132,-122.306114,2025-03-11 00:55:39,4.330518,0.103570,69.764305,4.998779
prototype,47.653132,-122.306114,2025-03-11 00:55:47,4.330518,0.103297,70.146072,4.998779
prototype,47.653132,-122.306114,2025-03-11 00:55:55,4.330518,0.102725,70.050690,4.998779
prototype,47.653132,-122.306114,2025-03-11 00:56:03,4.334605,0.102621,69.668808,4.998779
prototype,47.653132,-122.306114,2025-03-11 00:56:20,4.329173,0.102538,69.859863,4.998779
prototype,47.653132,-122.306114,2025-03-11 00:56:28,4.329170,0.100197,69.478096,4.998779
prototype,47.653132,-122.306114,2025-03-11 00:56:36,4.327825,0.099730,69.955307,4.998779
prototype,47.653132,-122.306114,2025-03-11 00:56:44,4.327825,0.099831,69.764420,4.998779
prototype,47.653132,-122.306114,2025-03-11 00:56:52,4.323707,0.098157,69.859695,4.998779
prototype,47.653132,-122.306114,2025-03-11 00:57:00,4.327782,0.098987,69.859863,4.998779
prototype,47.653132,-122.306114,2025-03-11 00:57:08,4.329170,0.099637,69.669029,4.998779
prototype,47.653132,-122.306114,2025-03-11 00:57:16,4.330518,0.100287,69.764481,4.998779
prototype,47.653132,-122.306114,2025-03-11 00:57:24,4.329170,0.100399,69.286880,4.998779
prototype,47.653132,-122.306114,2025-03-11 00:57:32,4.327825,0.099186,69.477982,4.998779
prototype,47.653132,-122.306114,2025-03-11 00:57:40,4.329170,0.098352,70.241409,4.998779
prototype,47.653132,-122.306114,2025-03-11 00:57:48,4.327782,0.098157,69.477982,4.998779
prototype,47.653132,-122.306114,2025-03-11 00:57:56,4.326437,0.098065,69.573540,4.998779
prototype,47.653132,-122.306114,2025-03-11 00:58:04,4.329130,0.099542,69.668922,4.998779
prototype,47.653132,-122.306114,2025-03-11 00:58:12,4.329130,0.100747,69.573196,4.998779
prototype,47.653132,-122.306114,2025-03-11 00:58:20,4.333257,0.100652,69.573593,4.998779
prototype,47.653132,-122.306114,2025-03-11 00:58:28,4.329170,0.101970,69.764366,4.998779
prototype,47.653132,-122.306114,2025-03-11 00:58:36,4.330522,0.101037,69.859695,4.998779
prototype,47.653132,-122.306114,2025-03-11 00:58:44,4.325092,0.099179,69.764366,4.998779
prototype,47.653132,-122.306114,2025-03-11 00:58:52,4.322402,0.096889,69.859581,4.998779
prototype,47.653132,-122.306114,2025-03-11 00:59:00,4.325092,0.096054,69.669029,4.998779
prototype,47.653132,-122.306114,2025-03-11 00:59:08,4.325092,0.096600,69.859863,4.998779
prototype,47.653132,-122.306114,2025-03-11 00:59:16,4.327782,0.097697,69.573532,4.998779
prototype,47.653132,-122.306114,2025-03-11 00:59:24,4.330518,0.098249,69.573532,4.998779
prototype,47.653132,-122.306114,2025-03-11 00:59:40,4.329173,0.098989,70.241409,4.998779
prototype,47.653132,-122.306114,2025-03-11 00:59:48,4.334605,0.099996,69.764420,4.998779
prototype,47.653132,-122.306114,2025-03-11 00:59:56,4.330518,0.100940,69.668922,4.998779
prototype,47.653132,-122.306114,2025-03-11 01:00:04,4.329170,0.100197,69.669029,4.998779
prototype,47.653132,-122.306114,2025-03-11 01:00:12,4.330518,0.100847,69.955307,4.998779
prototype,47.653132,-122.306114,2025-03-11 01:00:20,4.329170,0.101031,69.669029,4.998779
prototype,47.653132,-122.306114,2025-03-11 01:00:28,4.329130,0.100009,69.859634,4.998779
prototype,47.653132,-122.306114,2025-03-11 01:00:36,4.329170,0.100382,69.764420,4.998779
prototype,47.653132,-122.306114,2025-03-11 01:00:44,4.327825,0.099827,69.764366,4.998779
prototype,47.653132,-122.306114,2025-03-11 01:00:52,4.329170,0.099360,69.573372,4.998779
prototype,47.653132,-122.306114,2025-03-11 01:01:08,4.329170,0.099452,69.478104,4.998779
prototype,47.653132,-122.306114,2025-03-11 01:01:16,4.330518,0.099357,69.669029,4.998779
prototype,47.653132,-122.306114,2025-03-11 01:01:24,4.331866,0.101220,69.668922,4.998779
prototype,47.653132,-122.306114,2025-03-11 01:01:32,4.333214,0.102717,69.764420,4.998779
prototype,47.653132,-122.306114,2025-03-11 01:01:40,4.335914,0.104513,69.478096,4.998779
prototype,47.653132,-122.306114,2025-03-11 01:01:48,4.330561,0.103190,69.573540,4.998779
prototype,47.653132,-122.306114,2025-03-11 01:01:56,4.327825,0.101704,69.764305,4.998779
prototype,47.653132,-122.306114,2025-03-11 01:02:04,4.329170,0.099926,70.050690,4.998779
prototype,47.653132,-122.306114,2025-03-11 01:02:12,4.327782,0.099822,69.668922,4.998779
prototype,47.653132,-122.306114,2025-03-11 01:02:20,4.330561,0.100000,70.050636,4.998779
prototype,47.653132,-122.306114,2025-03-11 01:02:28,4.327782,0.101123,70.050690,4.998779
prototype,47.653132,-122.306114,2025-03-11 01:02:36,4.330518,0.101687,70.241287,4.998779
prototype,47.653132,-122.306114,2025-03-11 01:02:44,4.329170,0.101873,69.859863,4.998779
prototype,47.653132,-122.306114,2025-03-11 01:02:52,4.329170,0.102532,70.145958,4.998779
prototype,47.653132,-122.306114,2025-03-11 01:03:00,4.330518,0.103958,69.382591,4.998779
prototype,47.653132,-122.306114,2025-03-11 01:03:08,4.329170,0.100488,69.955307,4.998779
prototype,47.653132,-122.306114,2025-03-11 01:03:16,4.325092,0.098451,69.668922,4.998779
prototype,47.653132,-122.306114,2025-03-11 01:03:24,4.322402,0.097784,69.764420,4.998779
prototype,47.653132,-122.306114,2025-03-11 01:03:32,4.330518,0.099450,69.668922,4.998779
prototype,47.653132,-122.306114,2025-03-11 01:03:40,4.330518,0.099357,69.478088,4.998779
prototype,47.653132,-122.306114,2025-03-11 01:03:48,4.330518,0.100393,69.764420,4.998779
prototype,47.653132,-122.306114,2025-03-11 01:03:56,4.330518,0.100377,69.764305,4.998779
prototype,47.653132,-122.306114,2025-03-11 01:04:04,4.329170,0.101592,69.955124,4.998779
prototype,47.653132,-122.306114,2025-03-11 01:04:12,4.329170,0.102434,69.764420,4.998779
prototype,47.653132,-122.306114,2025-03-11 01:04:28,4.331866,0.102070,69.955246,4.998779
prototype,47.653132,-122.306114,2025-03-11 01:04:36,4.327782,0.100755,69.382652,4.998779
prototype,47.653132,-122.306114,2025-03-11 01:04:44,4.325136,0.097893,69.668861,4.998779
prototype,47.653132,-122.306114,2025-03-11 01:04:52,4.327825,0.097705,69.955246,4.998779
prototype,47.653132,-122.306114,2025-03-11 01:05:00,4.326437,0.097883,69.573586,4.998779
prototype,47.653132,-122.306114,2025-03-11 01:05:08,4.329170,0.099546,69.955132,4.998779
prototype,47.653132,-122.306114,2025-03-11 01:05:16,4.330518,0.100284,69.955185,4.998779
prototype,47.653132,-122.306114,2025-03-11 01:05:24,4.327782,0.098902,69.764481,4.998779
prototype,47.653132,-122.306114,2025-03-11 01:05:32,4.326437,0.097889,70.146072,4.998779
prototype,47.653132,-122.306114,2025-03-11 01:05:40,4.326437,0.097970,69.764481,4.998779
prototype,47.653132,-122.306114,2025-03-11 01:05:48,4.327782,0.096690,69.764481,4.998779
prototype,47.653132,-122.306114,2025-03-11 01:05:56,4.323747,0.095156,69.859863,4.998779
prototype,47.653132,-122.306114,2025-03-11 01:06:04,4.322405,0.095152,70.146019,4.998779
prototype,47.653132,-122.306114,2025-03-11 01:06:12,4.323707,0.095139,69.859863,4.998779
prototype,47.653132,-122.306114,2025-03-11 01:06:20,4.325092,0.094977,69.764305,4.998779
prototype,47.653132,-122.306114,2025-03-11 01:06:28,4.327782,0.095687,69.573532,4.998779
prototype,47.653132,-122.306114,2025-03-11 01:06:36,4.329170,0.097143,69.669029,4.998779
prototype,47.653132,-122.306114,2025-03-11 01:06:44,4.329170,0.097326,69.764481,4.998779
prototype,47.653132,-122.306114,2025-03-11 01:06:52,4.327782,0.097241,69.955185,4.998779
prototype,47.653132,-122.306114,2025-03-11 01:07:00,4.329170,0.098523,69.573586,4.998779
prototype,47.653132,-122.306114,2025-03-11 01:07:08,4.333214,0.100282,69.955132,4.998779
prototype,47.653132,-122.306114,2025-03-11 01:07:16,4.333214,0.101405,69.668861,4.998779
prototype,47.653132,-122.306114,2025-03-11 01:07:32,4.333257,0.100844,69.859634,4.998779
prototype,47.653132,-122.306114,2025-03-11 01:07:40,4.326440,0.099092,70.050575,4.998779
prototype,47.653132,-122.306114,2025-03-11 01:07:56,4.326437,0.097150,69.859695,4.998779
prototype,47.653132,-122.306114,2025-03-11 01:08:04,4.327825,0.098058,69.764420,4.998779
prototype,47.653132,-122.306114,2025-03-11 01:08:12,4.329170,0.098163,69.668930,4.998779
prototype,47.653132,-122.306114,2025-03-11 01:08:20,4.330518,0.099265,70.335068,4.998779
prototype,47.653132,-122.306114,2025-03-11 01:08:28,4.330518,0.098608,69.668922,4.998779
prototype,47.653132,-122.306114,2025-03-11 01:08:36,4.330518,0.099637,69.859802,4.998779
prototype,47.653132,-122.306114,2025-03-11 01:08:44,4.329170,0.100939,69.764366,4.998779
prototype,47.653132,-122.306114,2025-03-11 01:08:52,4.329170,0.099183,69.669029,4.998779
prototype,47.653132,-122.306114,2025-03-11 01:09:08,4.323747,0.095338,69.859917,4.998779
prototype,47.653132,-122.306114,2025-03-11 01:09:16,4.329170,0.096973,69.669029,4.998779
prototype,47.653132,-122.306114,2025-03-11 01:09:24,4.326437,0.096784,69.859863,4.998779
prototype,47.653132,-122.306114,2025-03-11 01:09:32,4.325092,0.097156,69.859810,4.998779
prototype,47.653132,-122.306114,2025-03-11 01:09:40,4.326480,0.096784,69.955032,4.998779
prototype,47.653132,-122.306114,2025-03-11 01:10:04,4.329170,0.096147,69.668869,4.998779
prototype,47.653132,-122.306114,2025-03-11 01:10:12,4.326437,0.096881,69.668922,4.998779
prototype,47.653132,-122.306114,2025-03-11 01:10:20,4.322362,0.096054,69.859863,4.998779
prototype,47.653132,-122.306114,2025-03-11 01:10:28,4.325092,0.095252,69.764420,4.998779
prototype,47.653132,-122.306114,2025-03-11 01:10:36,4.327782,0.096508,69.764305,4.998779
prototype,47.653132,-122.306114,2025-03-11 01:10:44,4.327825,0.096259,69.859642,4.998779
prototype,47.653132,-122.306114,2025-03-11 01:10:52,4.329130,0.098528,70.050636,4.998779
prototype,47.653132,-122.306114,2025-03-11 01:11:00,4.331866,0.099631,70.050690,4.998779
prototype,47.653132,-122.306114,2025-03-11 01:11:08,4.331866,0.100939,69.382545,4.998779
prototype,47.653132,-122.306114,2025-03-11 01:11:16,4.330518,0.102529,69.859695,4.998779
prototype,47.653132,-122.306114,2025-03-11 01:11:24,4.330518,0.101783,69.764481,4.998779
prototype,47.653132,-122.306114,2025-03-11 01:11:32,4.331866,0.100501,69.764481,4.998779
prototype,47.653132,-122.306114,2025-03-11 01:11:40,4.327825,0.101037,69.955307,4.998779
prototype,47.653132,-122.306114,2025-03-11 01:11:48,4.327825,0.099545,69.477982,4.998779
prototype,47.653132,-122.306114,2025-03-11 01:11:56,4.330518,0.099636,70.145790,4.998779
prototype,47.653132,-122.306114,2025-03-11 01:12:04,4.329170,0.099086,69.478043,4.998779
prototype,47.653132,-122.306114,2025-03-11 01:12:12,4.329170,0.099176,70.050690,4.998779
prototype,47.653132,-122.306114,2025-03-11 01:12:20,4.326437,0.097063,69.955307,4.998779
prototype,47.653132,-122.306114,2025-03-11 01:12:28,4.327782,0.096688,70.050636,4.998779
prototype,47.653132,-122.306114,2025-03-11 01:12:36,4.329170,0.097974,69.573586,4.998779
prototype,47.653132,-122.306114,2025-03-11 01:12:44,4.329170,0.096875,69.668747,4.998779
prototype,47.653132,-122.306114,2025-03-11 01:12:52,4.327825,0.096235,69.668922,4.998779
prototype,47.653132,-122.306114,2025-03-11 01:13:00,4.327825,0.095698,69.955246,4.998779
prototype,47.653132,-122.306114,2025-03-11 01:13:16,4.321021,0.092898,70.145958,4.998779
prototype,47.653132,-122.306114,2025-03-11 01:13:24,4.326437,0.093433,69.859756,4.998779
prototype,47.653132,-122.306114,2025-03-11 01:13:32,4.326397,0.094782,69.669029,4.998779
prototype,47.653132,-122.306114,2025-03-11 01:13:40,4.329170,0.096419,69.669029,4.998779
prototype,47.653132,-122.306114,2025-03-11 01:13:48,4.327825,0.094795,69.859863,4.998779
prototype,47.653132,-122.306114,2025-03-11 01:14:04,4.327782,0.096054,69.668808,4.998779
prototype,47.653132,-122.306114,2025-03-11 01:14:12,4.329170,0.096236,69.955246,4.998779
prototype,47.653132,-122.306114,2025-03-11 01:14:20,4.326437,0.095697,69.764420,4.998779
prototype,47.653132,-122.306114,2025-03-11 01:14:28,4.326437,0.095785,69.764420,4.998779
prototype,47.653132,-122.306114,2025-03-11 01:14:36,4.323747,0.095245,70.146019,4.998779
prototype,47.653132,-122.306114,2025-03-11 01:14:44,4.326437,0.095509,70.050636,4.998779
prototype,47.653132,-122.306114,2025-03-11 01:15:00,4.326437,0.096050,69.859863,4.998779
prototype,47.653132,-122.306114,2025-03-11 01:15:08,4.331866,0.097234,69.764420,4.998779
prototype,47.653132,-122.306114,2025-03-11 01:15:16,4.330561,0.097142,69.955017,4.998779
prototype,47.653132,-122.306114,2025-03-11 01:15:24,4.327782,0.097514,69.764305,4.998779
prototype,47.653132,-122.306114,2025-03-11 01:15:32,4.329170,0.097517,70.717163,4.998779
prototype,47.653132,-122.306114,2025-03-11 01:15:40,4.327825,0.096790,69.955307,4.998779
prototype,47.653132,-122.306114,2025-03-11 01:15:48,4.326437,0.095062,70.050575,4.998779
prototype,47.653132,-122.306114,2025-03-11 01:15:56,4.322402,0.094707,69.573532,4.998779
prototype,47.653132,-122.306114,2025-03-11 01:16:04,4.323747,0.095241,69.764420,4.998779
prototype,47.653132,-122.306114,2025-03-11 01:16:12,4.327782,0.095868,70.145966,4.998779
prototype,47.653132,-122.306114,2025-03-11 01:16:20,4.326483,0.094970,69.764481,4.998779
prototype,47.653132,-122.306114,2025-03-11 01:16:28,4.327782,0.095145,69.764359,4.998779
prototype,47.653132,-122.306114,2025-03-11 01:16:36,4.327825,0.094321,69.955307,4.998779
prototype,47.653132,-122.306114,2025-03-11 01:16:44,4.326437,0.094528,69.764481,4.998779
prototype,47.653132,-122.306114,2025-03-11 01:17:00,4.326397,0.093606,69.573586,4.998779
prototype,47.653132,-122.306114,2025-03-11 01:17:08,4.329170,0.095509,70.050575,4.998779
prototype,47.653132,-122.306114,2025-03-11 01:17:16,4.326437,0.096057,69.573532,4.998779
prototype,47.653132,-122.306114,2025-03-11 01:17:24,4.327782,0.096782,69.859863,4.998779
prototype,47.653132,-122.306114,2025-03-11 01:17:32,4.334565,0.098895,70.241348,4.998779
prototype,47.653132,-122.306114,2025-03-11 01:17:48,4.331866,0.100105,70.145897,4.998779
prototype,47.653132,-122.306114,2025-03-11 01:17:56,4.329170,0.098257,69.573586,4.998779
prototype,47.653132,-122.306114,2025-03-11 01:18:04,4.330518,0.098895,70.241241,4.998779
prototype,47.653132,-122.306114,2025-03-11 01:18:20,4.326437,0.095795,69.955246,4.998779
prototype,47.653132,-122.306114,2025-03-11 01:18:28,4.326397,0.095511,69.859802,4.998779
prototype,47.653132,-122.306114,2025-03-11 01:18:37,4.327782,0.095695,69.859634,4.998779
prototype,47.653132,-122.306114,2025-03-11 01:18:45,4.327782,0.095963,69.955185,4.998779
prototype,47.653132,-122.306114,2025-03-11 01:18:53,4.329170,0.096600,69.764420,4.998779
prototype,47.653132,-122.306114,2025-03-11 01:19:09,4.329170,0.096620,69.764481,4.998779
prototype,47.653132,-122.306114,2025-03-11 01:19:17,4.329173,0.095605,69.859749,4.998779
prototype,47.653132,-122.306114,2025-03-11 01:19:25,4.325092,0.096514,69.668968,4.998779
prototype,47.653132,-122.306114,2025-03-11 01:19:33,4.330518,0.095785,69.859810,4.998779
prototype,47.653132,-122.306114,2025-03-11 01:19:41,4.326397,0.094967,69.668976,4.998779
prototype,47.653132,-122.306114,2025-03-11 01:19:49,4.326480,0.094798,69.955246,4.998779
prototype,47.653132,-122.306114,2025-03-11 01:19:57,4.329170,0.094527,69.668922,4.998779
prototype,47.653132,-122.306114,2025-03-11 01:20:05,4.326397,0.094147,69.477982,4.998779
prototype,47.653132,-122.306114,2025-03-11 01:20:13,4.326437,0.093706,70.146072,4.998779
prototype,47.653132,-122.306114,2025-03-11 01:20:21,4.325092,0.094348,69.859863,4.998779
prototype,47.653132,-122.306114,2025-03-11 01:20:29,4.325092,0.093700,69.764420,4.998779
prototype,47.653132,-122.306114,2025-03-11 01:20:45,4.329170,0.093347,69.764481,4.998779
prototype,47.653132,-122.306114,2025-03-11 01:20:53,4.322362,0.092896,69.764420,4.998779
prototype,47.653132,-122.306114,2025-03-11 01:21:01,4.326397,0.094060,69.859741,4.998779
prototype,47.653132,-122.306114,2025-03-11 01:21:09,4.329170,0.094886,69.764420,4.998779
prototype,47.653132,-122.306114,2025-03-11 01:21:33,4.326437,0.093614,69.859695,4.998779
prototype,47.653132,-122.306114,2025-03-11 01:21:41,4.325092,0.094348,69.859810,4.998779
prototype,47.653132,-122.306114,2025-03-11 01:21:49,4.326437,0.094245,70.145958,4.998779
prototype,47.653132,-122.306114,2025-03-11 01:21:57,4.326437,0.095244,70.146019,4.998779
prototype,47.653132,-122.306114,2025-03-11 01:22:05,4.323747,0.094063,69.764481,4.998779
prototype,47.653132,-122.306114,2025-03-11 01:22:13,4.323750,0.093609,70.050575,4.998779
prototype,47.653132,-122.306114,2025-03-11 01:22:21,4.322362,0.093280,70.718163,4.998779
prototype,47.653132,-122.306114,2025-03-11 01:22:29,4.322362,0.092093,69.764420,4.998779
prototype,47.653132,-122.306114,2025-03-11 01:22:37,4.326437,0.093700,69.478088,4.998779
prototype,47.653132,-122.306114,2025-03-11 01:22:45,4.326437,0.094692,69.764420,4.998779
prototype,47.653132,-122.306114,2025-03-11 01:23:01,4.325092,0.093876,70.050636,4.998779
prototype,47.653132,-122.306114,2025-03-11 01:23:09,4.329170,0.095687,69.764420,4.998779
prototype,47.653132,-122.306114,2025-03-11 01:23:17,4.327825,0.095433,69.859695,4.998779
prototype,47.653132,-122.306114,2025-03-11 01:23:25,4.326437,0.094694,69.859520,4.998779
prototype,47.653132,-122.306114,2025-03-11 01:23:33,4.323747,0.093619,69.669029,4.998779
prototype,47.653132,-122.306114,2025-03-11 01:23:41,4.326480,0.093258,69.859917,4.998779
prototype,47.653132,-122.306114,2025-03-11 01:23:49,4.327782,0.095425,70.146019,4.998779
prototype,47.653132,-122.306114,2025-03-11 01:23:57,4.329173,0.095515,70.050636,4.998779
prototype,47.653132,-122.306114,2025-03-11 01:24:05,4.322402,0.094711,69.859802,4.998779
prototype,47.653132,-122.306114,2025-03-11 01:24:13,4.327825,0.094796,69.668701,4.998779
prototype,47.653132,-122.306114,2025-03-11 01:24:21,4.329216,0.095244,69.859756,4.998779
prototype,47.653132,-122.306114,2025-03-11 01:24:29,4.326480,0.095697,69.955124,4.998779
prototype,47.653132,-122.306114,2025-03-11 01:24:37,4.327828,0.095705,69.382492,4.998779
prototype,47.653132,-122.306114,2025-03-11 01:24:45,4.329170,0.096147,69.859741,4.998779
prototype,47.653132,-122.306114,2025-03-11 01:24:53,4.329170,0.097419,69.764481,4.998779
prototype,47.653132,-122.306114,2025-03-11 01:25:01,4.333214,0.097977,69.764244,4.998779
prototype,47.653132,-122.306114,2025-03-11 01:25:09,4.333214,0.097426,69.859917,4.998779
prototype,47.653132,-122.306114,2025-03-11 01:25:17,4.329170,0.097967,69.859749,4.998779
prototype,47.653132,-122.306114,2025-03-11 01:25:25,4.327825,0.098989,69.955246,4.998779
prototype,47.653132,-122.306114,2025-03-11 01:25:33,4.330518,0.099355,69.573471,4.998779
prototype,47.653132,-122.306114,2025-03-11 01:25:41,4.331866,0.101313,69.859695,4.998779
prototype,47.653132,-122.306114,2025-03-11 01:25:57,4.331866,0.100570,70.716393,4.998779
prototype,47.653132,-122.306114,2025-03-11 01:26:05,4.330518,0.100296,69.859749,4.998779
prototype,47.653132,-122.306114,2025-03-11 01:26:13,4.329170,0.100584,69.668976,4.998779
prototype,47.653132,-122.306114,2025-03-11 01:26:29,4.329216,0.098982,69.764305,4.998779
prototype,47.653132,-122.306114,2025-03-11 01:26:37,4.327825,0.097893,69.764305,4.998779
prototype,47.653132,-122.306114,2025-03-11 01:26:45,4.326397,0.097881,70.145958,4.998779
prototype,47.653132,-122.306114,2025-03-11 01:26:53,4.329170,0.097429,69.764481,4.998779
prototype,47.653132,-122.306114,2025-03-11 01:27:01,4.327825,0.097519,69.859863,4.998779
prototype,47.653132,-122.306114,2025-03-11 01:27:09,4.326437,0.095973,69.668747,4.998779
prototype,47.653132,-122.306114,2025-03-11 01:27:17,4.325058,0.094512,69.764305,4.998779
prototype,47.653132,-122.306114,2025-03-11 01:27:25,4.321017,0.092718,70.050690,4.998779
prototype,47.653132,-122.306114,2025-03-11 01:27:33,4.322405,0.093255,69.955307,4.998779
prototype,47.653132,-122.306114,2025-03-11 01:27:41,4.322362,0.092178,70.050690,4.998779
prototype,47.653132,-122.306114,2025-03-11 01:27:49,4.325092,0.092980,69.669029,4.998779
prototype,47.653132,-122.306114,2025-03-11 01:27:57,4.323707,0.093341,69.859741,4.998779
prototype,47.653132,-122.306114,2025-03-11 01:28:05,4.323747,0.093342,69.668922,4.998779
dummy,69.420,13.37,2025-03-11 01:28:06
prototype,47.653132,-122.306114,2025-03-11 01:28:13,4.327782,0.093792,69.573532,4.998779
prototype,47.653132,-122.306114,2025-03-11 01:28:21,4.326437,0.093971,69.573532,4.998779
prototype,47.653132,-122.306114,2025-03-11 01:28:29,4.327825,0.094886,70.050636,4.998779
prototype,47.653132,-122.306114,2025-03-11 01:28:37,4.326480,0.094066,69.955307,4.998779
prototype,47.653132,-122.306114,2025-03-11 01:28:53,4.322402,0.091918,69.668983,4.998779
prototype,47.653132,-122.306114,2025-03-11 01:29:01,4.318334,0.092450,69.764305,4.998779
prototype,47.653132,-122.306114,2025-03-11 01:29:09,4.323747,0.091736,69.668922,4.998779
prototype,47.653132,-122.306114,2025-03-11 01:29:17,4.326480,0.092808,69.859695,4.998779
prototype,47.653132,-122.306114,2025-03-11 01:29:25,4.321060,0.091744,69.955246,4.998779
prototype,47.653132,-122.306114,2025-03-11 01:29:33,4.321021,0.090596,70.050690,4.998779
prototype,47.653132,-122.306114,2025-03-11 01:29:41,4.321020,0.089708,69.764481,4.998779
prototype,47.653132,-122.306114,2025-03-11 01:29:49,4.323747,0.090496,70.050690,4.998779
prototype,47.653132,-122.306114,2025-03-11 01:29:57,4.325092,0.091569,69.668312,4.998779
prototype,47.653132,-122.306114,2025-03-11 01:30:05,4.326397,0.091909,69.859863,4.998779
prototype,47.653132,-122.306114,2025-03-11 01:30:13,4.329170,0.093345,69.955307,4.998779
prototype,47.653132,-122.306114,2025-03-11 01:30:21,4.325092,0.093436,69.668922,4.998779
prototype,47.653132,-122.306114,2025-03-11 01:30:29,4.326437,0.094259,69.382545,4.998779
prototype,47.653132,-122.306114,2025-03-11 01:30:37,4.326437,0.093974,70.050690,4.998779
prototype,47.653132,-122.306114,2025-03-11 01:30:45,4.326437,0.093974,69.573471,4.998779
prototype,47.653132,-122.306114,2025-03-11 01:30:53,4.326437,0.094064,69.955246,4.998779
prototype,47.653132,-122.306114,2025-03-11 01:31:01,4.329170,0.095336,69.764420,4.998779
prototype,47.653132,-122.306114,2025-03-11 01:31:09,4.329170,0.096425,69.955185,4.998779
prototype,47.653132,-122.306114,2025-03-11 01:31:17,4.327825,0.095155,69.955246,4.998779
prototype,47.653132,-122.306114,2025-03-11 01:31:25,4.327782,0.095608,69.955246,4.998779
prototype,47.653132,-122.306114,2025-03-11 01:31:33,4.327782,0.095326,70.241348,4.998779
prototype,47.653132,-122.306114,2025-03-11 01:31:41,4.326437,0.094970,69.955307,4.998779
prototype,47.653132,-122.306114,2025-03-11 01:31:49,4.323747,0.093437,69.955132,4.998779
prototype,47.653132,-122.306114,2025-03-11 01:31:57,4.322402,0.091915,69.478088,4.998779
prototype,47.653132,-122.306114,2025-03-11 01:32:05,4.318334,0.092622,69.955246,4.998779
prototype,47.653132,-122.306114,2025-03-11 01:32:13,4.325052,0.093814,69.764420,4.998779
prototype,47.653132,-122.306114,2025-03-11 01:32:29,4.326437,0.094059,70.050690,4.998779
prototype,47.653132,-122.306114,2025-03-11 01:32:37,4.326437,0.093971,70.145966,4.998779
prototype,47.653132,-122.306114,2025-03-11 01:32:45,4.326480,0.095067,69.955132,4.998779
prototype,47.653132,-122.306114,2025-03-11 01:32:53,4.329170,0.094793,70.050575,4.998779
prototype,47.653132,-122.306114,2025-03-11 01:33:01,4.327825,0.094169,70.050575,4.998779
prototype,47.653132,-122.306114,2025-03-11 01:33:09,4.325092,0.092818,69.573532,4.998779
prototype,47.653132,-122.306114,2025-03-11 01:33:17,4.326480,0.092544,69.382591,4.998779
prototype,47.653132,-122.306114,2025-03-11 01:33:25,4.325092,0.092363,69.955246,4.998779
prototype,47.653132,-122.306114,2025-03-11 01:33:33,4.322362,0.092267,70.050690,4.998779
prototype,47.653132,-122.306114,2025-03-11 01:33:41,4.325092,0.091562,69.668922,4.998779
prototype,47.653132,-122.306114,2025-03-11 01:33:49,4.323747,0.091474,69.764481,4.998779
prototype,47.653132,-122.306114,2025-03-11 01:33:57,4.319675,0.090756,69.859863,4.998779
prototype,47.653132,-122.306114,2025-03-11 01:34:05,4.319675,0.091819,70.146072,4.998779
prototype,47.653132,-122.306114,2025-03-11 01:34:13,4.325092,0.091645,70.146019,4.998779
prototype,47.653132,-122.306114,2025-03-11 01:34:21,4.325052,0.092003,69.764359,4.998779
prototype,47.653132,-122.306114,2025-03-11 01:34:29,4.325095,0.092451,69.955139,4.998779
prototype,47.653132,-122.306114,2025-03-11 01:34:37,4.321060,0.091650,69.955185,4.998779
prototype,47.653132,-122.306114,2025-03-11 01:34:45,4.321060,0.090948,69.955307,4.998779
prototype,47.653132,-122.306114,2025-03-11 01:34:53,4.319718,0.091201,70.145958,4.998779
prototype,47.653132,-122.306114,2025-03-11 01:35:01,4.319718,0.090768,69.955185,4.998779
prototype,47.653132,-122.306114,2025-03-11 01:35:09,4.321017,0.089441,69.955185,4.998779
prototype,47.653132,-122.306114,2025-03-11 01:35:17,4.318334,0.090494,70.241173,4.998779
prototype,47.653132,-122.306114,2025-03-11 01:35:25,4.321017,0.089009,69.382545,4.998779
prototype,47.653132,-122.306114,2025-03-11 01:35:41,4.323747,0.089967,69.668869,4.998779
prototype,47.653132,-122.306114,2025-03-11 01:35:49,4.325092,0.090584,69.764481,4.998779
prototype,47.653132,-122.306114,2025-03-11 01:35:57,4.331866,0.092891,69.955185,4.998779
prototype,47.653132,-122.306114,2025-03-11 01:36:05,4.327825,0.092364,69.764305,4.998779
prototype,47.653132,-122.306114,2025-03-11 01:36:13,4.326437,0.092181,70.146072,4.998779
prototype,47.653132,-122.306114,2025-03-11 01:36:21,4.329170,0.093014,70.145798,4.998779
prototype,47.653132,-122.306114,2025-03-11 01:36:29,4.326397,0.092630,69.764359,4.998779
prototype,47.653132,-122.306114,2025-03-11 01:36:37,4.329170,0.093879,70.050583,4.998779
prototype,47.653132,-122.306114,2025-03-11 01:36:45,4.329170,0.094607,70.050575,4.998779
prototype,47.653132,-122.306114,2025-03-11 01:36:53,4.330561,0.094418,69.859863,4.998779
prototype,47.653132,-122.306114,2025-03-11 01:37:01,4.326437,0.094141,69.859917,4.998779
prototype,47.653132,-122.306114,2025-03-11 01:37:09,4.327782,0.095516,69.955139,4.998779
prototype,47.653132,-122.306114,2025-03-11 01:37:17,4.329130,0.096145,69.477982,4.998779
prototype,47.653132,-122.306114,2025-03-11 01:37:25,4.329170,0.095604,69.955246,4.998779
prototype,47.653132,-122.306114,2025-03-11 01:37:41,4.329170,0.095785,70.050636,4.998779
prototype,47.653132,-122.306114,2025-03-11 01:37:49,4.326480,0.095602,69.955307,4.998779
prototype,47.653132,-122.306114,2025-03-11 01:37:57,4.330518,0.096147,69.764481,4.998779
prototype,47.653132,-122.306114,2025-03-11 01:38:05,4.326437,0.095060,70.050461,4.998779
prototype,47.653132,-122.306114,2025-03-11 01:38:13,4.327782,0.096063,69.859695,4.998779
prototype,47.653132,-122.306114,2025-03-11 01:38:21,4.330518,0.096870,69.764481,4.998779
prototype,47.653132,-122.306114,2025-03-11 01:38:29,4.333214,0.097696,69.859863,4.998779
prototype,47.653132,-122.306114,2025-03-11 01:38:37,4.330518,0.097695,69.764420,4.998779
prototype,47.653132,-122.306114,2025-03-11 01:38:45,4.330561,0.096961,69.477982,4.998779
prototype,47.653132,-122.306114,2025-03-11 01:39:01,4.327782,0.096419,69.764481,4.998779
prototype,47.653132,-122.306114,2025-03-11 01:39:09,4.329170,0.096145,69.955246,4.998779
prototype,47.653132,-122.306114,2025-03-11 01:39:17,4.326437,0.095876,69.859863,4.998779
prototype,47.653132,-122.306114,2025-03-11 01:39:33,4.322402,0.093703,69.859634,4.998779
prototype,47.653132,-122.306114,2025-03-11 01:39:41,4.322405,0.093256,70.050575,4.998779
prototype,47.653132,-122.306114,2025-03-11 01:39:49,4.321060,0.092538,70.241348,4.998779
prototype,47.653132,-122.306114,2025-03-11 01:39:57,4.323747,0.091918,69.859863,4.998779
prototype,47.653132,-122.306114,2025-03-11 01:40:05,4.323747,0.091916,70.050636,4.998779
prototype,47.653132,-122.306114,2025-03-11 01:40:13,4.321060,0.091741,70.050690,4.998779
prototype,47.653132,-122.306114,2025-03-11 01:40:21,4.321017,0.090231,69.955132,4.998779
prototype,47.653132,-122.306114,2025-03-11 01:40:29,4.319675,0.090673,69.668968,4.998779
prototype,47.653132,-122.306114,2025-03-11 01:40:37,4.321060,0.090494,69.764305,4.998779
prototype,47.653132,-122.306114,2025-03-11 01:40:45,4.321060,0.090494,69.859741,4.998779
prototype,47.653132,-122.306114,2025-03-11 01:40:53,4.321017,0.090501,70.146072,4.998779
prototype,47.653132,-122.306114,2025-03-11 01:41:02,4.325092,0.090950,69.764366,4.998779
prototype,47.653132,-122.306114,2025-03-11 01:41:10,4.325135,0.090943,69.668922,4.998779
prototype,47.653132,-122.306114,2025-03-11 01:41:18,4.322362,0.090936,70.145905,4.998779
prototype,47.653132,-122.306114,2025-03-11 01:41:26,4.319718,0.091381,70.241348,4.998779
prototype,47.653132,-122.306114,2025-03-11 01:41:34,4.323708,0.090231,69.573540,4.998779
prototype,47.653132,-122.306114,2025-03-11 01:41:42,4.321060,0.089621,69.764420,4.998779
prototype,47.653132,-122.306114,2025-03-11 01:41:50,4.321017,0.088917,69.859802,4.998779
prototype,47.653132,-122.306114,2025-03-11 01:42:06,4.322405,0.091200,70.050690,4.998779
prototype,47.653132,-122.306114,2025-03-11 01:42:14,4.319718,0.091288,69.859863,4.998779
prototype,47.653132,-122.306114,2025-03-11 01:42:22,4.323747,0.091026,69.859749,4.998779
prototype,47.653132,-122.306114,2025-03-11 01:42:30,4.325135,0.091564,70.050690,4.998779
prototype,47.653132,-122.306114,2025-03-11 01:42:38,4.323747,0.091913,70.145958,4.998779
prototype,47.653132,-122.306114,2025-03-11 01:42:46,4.323793,0.092277,69.573425,4.998779
prototype,47.653132,-122.306114,2025-03-11 01:42:54,4.323791,0.092538,70.050636,4.998779
prototype,47.653132,-122.306114,2025-03-11 01:43:02,4.321021,0.091564,70.050636,4.998779
prototype,47.653132,-122.306114,2025-03-11 01:43:10,4.325092,0.091554,70.050636,4.998779
prototype,47.653132,-122.306114,2025-03-11 01:43:18,4.319718,0.090944,70.050636,4.998779
prototype,47.653132,-122.306114,2025-03-11 01:43:26,4.319675,0.090669,69.573257,4.998779
prototype,47.653132,-122.306114,2025-03-11 01:43:34,4.322405,0.090493,69.955246,4.998779
prototype,47.653132,-122.306114,2025-03-11 01:43:42,4.323747,0.090596,70.146019,4.998779
prototype,47.653132,-122.306114,2025-03-11 01:43:50,4.321021,0.090593,69.573425,4.998779
prototype,47.653132,-122.306114,2025-03-11 01:43:58,4.322402,0.089882,69.764252,4.998779
prototype,47.653132,-122.306114,2025-03-11 01:44:06,4.319675,0.089877,70.241463,4.998779
prototype,47.653132,-122.306114,2025-03-11 01:44:14,4.318334,0.089266,69.859863,4.998779
prototype,47.653132,-122.306114,2025-03-11 01:44:22,4.321060,0.089439,70.145912,4.998779
prototype,47.653132,-122.306114,2025-03-11 01:44:30,4.323708,0.089963,69.764420,4.998779
prototype,47.653132,-122.306114,2025-03-11 01:44:46,4.319718,0.090495,70.146072,4.998779
prototype,47.653132,-122.306114,2025-03-11 01:44:54,4.319675,0.089703,69.764481,4.998779
prototype,47.653132,-122.306114,2025-03-11 01:45:02,4.316991,0.090052,69.668808,4.998779
prototype,47.653132,-122.306114,2025-03-11 01:45:10,4.319675,0.088651,69.955307,4.998779
prototype,47.653132,-122.306114,2025-03-11 01:45:18,4.322405,0.089701,70.050636,4.998779
prototype,47.653132,-122.306114,2025-03-11 01:45:26,4.325092,0.089186,69.955185,4.998779
prototype,47.653132,-122.306114,2025-03-11 01:45:34,4.323747,0.089618,69.573471,4.998779
prototype,47.653132,-122.306114,2025-03-11 01:45:42,4.323707,0.089616,70.050690,4.998779
prototype,47.653132,-122.306114,2025-03-11 01:45:50,4.322405,0.090671,70.050690,4.998779
prototype,47.653132,-122.306114,2025-03-11 01:46:06,4.319718,0.090228,70.811783,4.998779
prototype,47.653132,-122.306114,2025-03-11 01:46:14,4.323707,0.088827,69.859802,4.998779
prototype,47.653132,-122.306114,2025-03-11 01:46:22,4.322362,0.089262,69.573532,4.998779
prototype,47.653132,-122.306114,2025-03-11 01:46:30,4.321017,0.088392,69.573593,4.998779
prototype,47.653132,-122.306114,2025-03-11 01:46:38,4.322362,0.089000,69.764420,4.998779
prototype,47.653132,-122.306114,2025-03-11 01:46:46,4.327782,0.090318,69.764481,4.998779
prototype,47.653132,-122.306114,2025-03-11 01:46:54,4.323750,0.090496,70.145958,4.998779
prototype,47.653132,-122.306114,2025-03-11 01:47:10,4.325092,0.090060,70.146019,4.998779
prototype,47.653132,-122.306114,2025-03-11 01:47:18,4.322402,0.089705,69.955246,4.998779
prototype,47.653132,-122.306114,2025-03-11 01:47:34,4.326437,0.091469,70.336678,4.998779
prototype,47.653132,-122.306114,2025-03-11 01:47:42,4.323791,0.090327,69.955307,4.998779
prototype,47.653132,-122.306114,2025-03-11 01:47:50,4.319718,0.090320,69.955307,4.998779
prototype,47.653132,-122.306114,2025-03-11 01:47:58,4.319675,0.088740,69.669029,4.998779
prototype,47.653132,-122.306114,2025-03-11 01:48:06,4.314268,0.090844,70.146019,4.998779
prototype,47.653132,-122.306114,2025-03-11 01:48:14,4.321017,0.088999,69.668922,4.998779
prototype,47.653132,-122.306114,2025-03-11 01:48:22,4.319675,0.088650,69.668808,4.998779
prototype,47.653132,-122.306114,2025-03-11 01:48:30,4.321060,0.088651,70.241463,4.998779
prototype,47.653132,-122.306114,2025-03-11 01:48:38,4.321060,0.087785,70.146072,4.998779
prototype,47.653132,-122.306114,2025-03-11 01:48:46,4.318334,0.088301,69.859863,4.998779
prototype,47.653132,-122.306114,2025-03-11 01:48:54,4.321017,0.088571,69.668976,4.998779
prototype,47.653132,-122.306114,2025-03-11 01:49:02,4.321021,0.088300,69.955246,4.998779
prototype,47.653132,-122.306114,2025-03-11 01:49:10,4.322402,0.087615,70.146019,4.998779
prototype,47.653132,-122.306114,2025-03-11 01:49:27,4.318334,0.088649,69.764420,4.998779
prototype,47.653132,-122.306114,2025-03-11 01:49:35,4.319718,0.087874,69.859863,4.998779
prototype,47.653132,-122.306114,2025-03-11 01:49:43,4.318334,0.088123,69.859695,4.998779
prototype,47.653132,-122.306114,2025-03-11 01:49:51,4.325052,0.088647,70.241409,4.998779
prototype,47.653132,-122.306114,2025-03-11 01:49:59,4.326437,0.089525,70.050575,4.998779
prototype,47.653132,-122.306114,2025-03-11 01:50:07,4.326437,0.089357,70.050690,4.998779
prototype,47.653132,-122.306114,2025-03-11 01:50:15,4.325138,0.089086,70.241409,4.998779
prototype,47.653132,-122.306114,2025-03-11 01:50:31,4.319718,0.089351,70.050690,4.998779
prototype,47.653132,-122.306114,2025-03-11 01:50:39,4.318294,0.087945,69.859917,4.998779
prototype,47.653132,-122.306114,2025-03-11 01:50:47,4.321021,0.087961,69.668861,4.998779
prototype,47.653132,-122.306114,2025-03-11 01:50:55,4.319675,0.088125,69.955246,4.998779
prototype,47.653132,-122.306114,2025-03-11 01:51:03,4.321017,0.086912,69.859863,4.998779
prototype,47.653132,-122.306114,2025-03-11 01:51:11,4.319678,0.087951,69.573532,4.998779
prototype,47.653132,-122.306114,2025-03-11 01:51:19,4.323707,0.088125,69.668922,4.998779
prototype,47.653132,-122.306114,2025-03-11 01:51:27,4.323708,0.088654,69.859917,4.998779
prototype,47.653132,-122.306114,2025-03-11 01:51:35,4.323747,0.089613,70.050636,4.998779
prototype,47.653132,-122.306114,2025-03-11 01:51:43,4.326437,0.089538,70.050690,4.998779
prototype,47.653132,-122.306114,2025-03-11 01:51:51,4.323747,0.089441,69.478035,4.998779
prototype,47.653132,-122.306114,2025-03-11 01:51:59,4.319675,0.089183,69.668533,4.998779
prototype,47.653132,-122.306114,2025-03-11 01:52:07,4.322402,0.088392,70.146072,4.998779
prototype,47.653132,-122.306114,2025-03-11 01:52:15,4.322402,0.089349,70.146019,4.998779
prototype,47.653132,-122.306114,2025-03-11 01:52:23,4.327825,0.089706,69.859917,4.998779
prototype,47.653132,-122.306114,2025-03-11 01:52:31,4.323794,0.089020,69.955078,4.998779
prototype,47.653132,-122.306114,2025-03-11 01:52:39,4.321017,0.088392,69.764420,4.998779
prototype,47.653132,-122.306114,2025-03-11 01:52:55,4.321060,0.089103,70.050690,4.998779
prototype,47.653132,-122.306114,2025-03-11 01:53:03,4.325092,0.089354,69.859863,4.998779
prototype,47.653132,-122.306114,2025-03-11 01:53:11,4.327825,0.090055,69.764420,4.998779
prototype,47.653132,-122.306114,2025-03-11 01:53:19,4.323793,0.090499,70.145958,4.998779
prototype,47.653132,-122.306114,2025-03-11 01:53:27,4.323708,0.089967,70.336678,4.998779
prototype,47.653132,-122.306114,2025-03-11 01:53:35,4.325092,0.090230,70.050690,4.998779
prototype,47.653132,-122.306114,2025-03-11 01:53:43,4.322362,0.090407,70.241409,4.998779
prototype,47.653132,-122.306114,2025-03-11 01:53:51,4.329170,0.091384,70.432114,4.998779
prototype,47.653132,-122.306114,2025-03-11 01:54:07,4.321060,0.091345,69.764305,4.998779
prototype,47.653132,-122.306114,2025-03-11 01:54:15,4.321020,0.090580,69.955132,4.998779
prototype,47.653132,-122.306114,2025-03-11 01:54:23,4.322362,0.090669,69.669029,4.998779
prototype,47.653132,-122.306114,2025-03-11 01:54:31,4.325092,0.091114,69.764359,4.998779
prototype,47.653132,-122.306114,2025-03-11 01:54:39,4.325092,0.092270,70.050575,4.998779
prototype,47.653132,-122.306114,2025-03-11 01:54:47,4.325092,0.091119,70.336624,4.998779
prototype,47.653132,-122.306114,2025-03-11 01:54:55,4.322405,0.090236,70.146072,4.998779
prototype,47.653132,-122.306114,2025-03-11 01:55:03,4.321060,0.089885,69.859634,4.998779
prototype,47.653132,-122.306114,2025-03-11 01:55:11,4.326437,0.091202,69.764420,4.998779
prototype,47.653132,-122.306114,2025-03-11 01:55:19,4.327782,0.091193,70.336731,4.998779
prototype,47.653132,-122.306114,2025-03-11 01:55:27,4.325136,0.091387,69.573532,4.998779
prototype,47.653132,-122.306114,2025-03-11 01:55:43,4.323747,0.090147,69.859863,4.998779
prototype,47.653132,-122.306114,2025-03-11 01:55:51,4.321107,0.090063,69.859863,4.998779
prototype,47.653132,-122.306114,2025-03-11 01:55:59,4.319675,0.089438,69.955078,4.998779
prototype,47.653132,-122.306114,2025-03-11 01:56:07,4.325092,0.090142,69.955246,4.998779
prototype,47.653132,-122.306114,2025-03-11 01:56:15,4.327825,0.092627,70.050690,4.998779
prototype,47.653132,-122.306114,2025-03-11 01:56:31,4.326437,0.092179,69.764305,4.998779
prototype,47.653132,-122.306114,2025-03-11 01:56:47,4.322362,0.092003,70.717224,4.998779
prototype,47.653132,-122.306114,2025-03-11 01:56:55,4.325138,0.092361,69.859863,4.998779
prototype,47.653132,-122.306114,2025-03-11 01:57:03,4.325092,0.091913,69.955185,4.998779
prototype,47.653132,-122.306114,2025-03-11 01:57:11,4.326437,0.092664,69.287155,4.998779
prototype,47.653132,-122.306114,2025-03-11 01:57:19,4.322362,0.090057,70.336739,4.998779
prototype,47.653132,-122.306114,2025-03-11 01:57:27,4.325092,0.091825,69.668922,4.998779
prototype,47.653132,-122.306114,2025-03-11 01:57:43,4.327825,0.091738,69.764252,4.998779
prototype,47.653132,-122.306114,2025-03-11 01:57:51,4.327825,0.091651,70.336731,4.998779
prototype,47.653132,-122.306114,2025-03-11 01:57:59,4.322362,0.091205,69.477982,4.998779
prototype,47.653132,-122.306114,2025-03-11 01:58:31,4.319675,0.091121,70.336731,4.998779
prototype,47.653132,-122.306114,2025-03-11 01:58:39,4.321060,0.090410,70.526016,4.998779
prototype,47.653132,-122.306114,2025-03-11 01:58:47,4.321021,0.090407,70.527512,4.998779
prototype,47.653132,-122.306114,2025-03-11 01:58:55,4.318376,0.090232,69.859863,4.998779
prototype,47.653132,-122.306114,2025-03-11 01:59:03,4.315650,0.089606,69.764366,4.998779
prototype,47.653132,-122.306114,2025-03-11 01:59:11,4.319675,0.088562,69.573532,4.998779
prototype,47.653132,-122.306114,2025-03-11 01:59:19,4.322362,0.088562,70.241409,4.998779
prototype,47.653132,-122.306114,2025-03-11 01:59:27,4.316991,0.089437,69.764359,4.998779
prototype,47.653132,-122.306114,2025-03-11 01:59:35,4.319718,0.088824,69.668808,4.998779
prototype,47.653132,-122.306114,2025-03-11 01:59:43,4.318334,0.088909,70.145958,4.998779
prototype,47.653132,-122.306114,2025-03-11 01:59:51,4.321063,0.088821,69.859917,4.998779
prototype,47.653132,-122.306114,2025-03-11 02:00:07,4.319675,0.087958,69.764305,4.998779
prototype,47.653132,-122.306114,2025-03-11 02:00:23,4.321017,0.087003,70.146019,4.998779
prototype,47.653132,-122.306114,2025-03-11 02:00:31,4.319718,0.088215,70.336792,4.998779
prototype,47.653132,-122.306114,2025-03-11 02:00:39,4.319675,0.087426,70.527451,4.998779
prototype,47.653132,-122.306114,2025-03-11 02:00:47,4.325092,0.088562,70.050690,4.998779
prototype,47.653132,-122.306114,2025-03-11 02:00:55,4.322402,0.087520,70.145737,4.998779
prototype,47.653132,-122.306114,2025-03-11 02:01:03,4.318334,0.087258,69.859863,4.998779
prototype,47.653132,-122.306114,2025-03-11 02:01:11,4.319675,0.087952,70.050690,4.998779
prototype,47.653132,-122.306114,2025-03-11 02:01:19,4.319675,0.087699,70.336792,4.998779
prototype,47.653132,-122.306114,2025-03-11 02:01:27,4.321060,0.088046,69.764481,4.998779
prototype,47.653132,-122.306114,2025-03-11 02:01:43,4.315650,0.088383,69.955246,4.998779
prototype,47.653132,-122.306114,2025-03-11 02:01:59,4.319675,0.088214,69.764481,4.998779
prototype,47.653132,-122.306114,2025-03-11 02:02:07,4.319675,0.088218,70.146019,4.998779
prototype,47.653132,-122.306114,2025-03-11 02:02:15,4.318334,0.087519,70.146072,4.998779
prototype,47.653132,-122.306114,2025-03-11 02:02:31,4.318334,0.087780,70.241409,4.998779
prototype,47.653132,-122.306114,2025-03-11 02:02:39,4.322402,0.087698,70.050690,4.998779
prototype,47.653132,-122.306114,2025-03-11 02:02:47,4.321017,0.088212,70.241409,4.998779
prototype,47.653132,-122.306114,2025-03-11 02:02:55,4.321017,0.087962,70.527390,4.998779
prototype,47.653132,-122.306114,2025-03-11 02:03:03,4.319675,0.088217,70.050690,4.998779
prototype,47.653132,-122.306114,2025-03-11 02:03:11,4.323747,0.088302,69.286369,4.998779
prototype,47.653132,-122.306114,2025-03-11 02:03:19,4.316991,0.088473,69.764481,4.998779
prototype,47.653132,-122.306114,2025-03-11 02:03:27,4.321017,0.087780,69.668922,4.998779
prototype,47.653132,-122.306114,2025-03-11 02:03:35,4.319718,0.088395,69.764481,4.998779
prototype,47.653132,-122.306114,2025-03-11 02:03:43,4.323708,0.088302,70.241295,4.998779
prototype,47.653132,-122.306114,2025-03-11 02:03:59,4.323747,0.087954,70.146019,4.998779
prototype,47.653132,-122.306114,2025-03-11 02:04:16,4.316991,0.086997,69.859863,4.998779
prototype,47.653132,-122.306114,2025-03-11 02:04:24,4.315610,0.086736,69.859528,4.998779
prototype,47.653132,-122.306114,2025-03-11 02:04:32,4.316991,0.087693,70.050575,4.998779
prototype,47.653132,-122.306114,2025-03-11 02:04:40,4.319675,0.087081,70.146072,4.998779
prototype,47.653132,-122.306114,2025-03-11 02:04:48,4.321017,0.086392,70.336792,4.998779
prototype,47.653132,-122.306114,2025-03-11 02:04:56,4.321017,0.085785,70.432114,4.998779
prototype,47.653132,-122.306114,2025-03-11 02:05:04,4.322405,0.086913,69.477982,4.998779
prototype,47.653132,-122.306114,2025-03-11 02:05:12,4.322449,0.087606,69.669029,4.998779
prototype,47.653132,-122.306114,2025-03-11 02:05:20,4.321017,0.086915,70.050690,4.998779
prototype,47.653132,-122.306114,2025-03-11 02:05:28,4.321017,0.086568,70.146019,4.998779
prototype,47.653132,-122.306114,2025-03-11 02:05:36,4.319675,0.086129,69.955185,4.998779
prototype,47.653132,-122.306114,2025-03-11 02:05:44,4.318376,0.088037,70.050575,4.998779
prototype,47.653132,-122.306114,2025-03-11 02:05:52,4.318334,0.086911,70.432114,4.998779
prototype,47.653132,-122.306114,2025-03-11 02:06:00,4.319636,0.085790,70.145905,4.998779
prototype,47.653132,-122.306114,2025-03-11 02:06:08,4.318334,0.087170,70.050636,4.998779
prototype,47.653132,-122.306114,2025-03-11 02:06:32,4.316991,0.086396,70.050690,4.998779
prototype,47.653132,-122.306114,2025-03-11 02:06:48,4.316991,0.086825,70.146072,4.998779
prototype,47.653132,-122.306114,2025-03-11 02:06:56,4.318334,0.087084,69.859863,4.998779
prototype,47.653132,-122.306114,2025-03-11 02:07:04,4.316991,0.087344,70.050690,4.998779
prototype,47.653132,-122.306114,2025-03-11 02:07:12,4.315610,0.087255,70.336731,4.998779
prototype,47.653132,-122.306114,2025-03-11 02:07:20,4.318334,0.086575,70.336624,4.998779
prototype,47.653132,-122.306114,2025-03-11 02:07:28,4.319675,0.085709,69.859863,4.998779
prototype,47.653132,-122.306114,2025-03-11 02:07:36,4.318334,0.086226,69.764420,4.998779
prototype,47.653132,-122.306114,2025-03-11 02:07:44,4.316991,0.085963,70.622169,4.998779
prototype,47.653132,-122.306114,2025-03-11 02:07:52,4.314268,0.086737,69.859917,4.998779
prototype,47.653132,-122.306114,2025-03-11 02:08:00,4.316991,0.085701,70.050690,4.998779
prototype,47.653132,-122.306114,2025-03-11 02:08:08,4.315650,0.086131,70.336792,4.998779
prototype,47.653132,-122.306114,2025-03-11 02:08:16,4.316991,0.085616,69.859863,4.998779
prototype,47.653132,-122.306114,2025-03-11 02:08:24,4.315610,0.085794,70.145958,4.998779
prototype,47.653132,-122.306114,2025-03-11 02:08:32,4.316991,0.085789,70.432114,4.998779
prototype,47.653132,-122.306114,2025-03-11 02:08:40,4.316991,0.085799,70.146072,4.998779
prototype,47.653132,-122.306114,2025-03-11 02:08:48,4.319675,0.085622,70.241463,4.998779
prototype,47.653132,-122.306114,2025-03-11 02:08:56,4.319675,0.086057,69.859917,4.998779
prototype,47.653132,-122.306114,2025-03-11 02:09:12,4.322402,0.086060,70.145958,4.998779
prototype,47.653132,-122.306114,2025-03-11 02:09:28,4.319718,0.087258,70.050575,4.998779
prototype,47.653132,-122.306114,2025-03-11 02:09:44,4.321020,0.086737,69.764481,4.998779
prototype,47.653132,-122.306114,2025-03-11 02:09:52,4.325092,0.088125,70.241409,4.998779
prototype,47.653132,-122.306114,2025-03-11 02:10:00,4.322405,0.087524,70.432114,4.998779
prototype,47.653132,-122.306114,2025-03-11 02:10:08,4.322362,0.086478,70.241409,4.998779
prototype,47.653132,-122.306114,2025-03-11 02:10:16,4.318334,0.087780,70.146019,4.998779
prototype,47.653132,-122.306114,2025-03-11 02:10:24,4.322402,0.087436,70.050690,4.998779
prototype,47.653132,-122.306114,2025-03-11 02:10:32,4.321060,0.087955,69.859756,4.998779
prototype,47.653132,-122.306114,2025-03-11 02:10:40,4.316991,0.088212,70.717224,4.998779
prototype,47.653132,-122.306114,2025-03-11 02:10:48,4.319718,0.087958,70.050575,4.998779
prototype,47.653132,-122.306114,2025-03-11 02:10:56,4.322449,0.087523,69.955185,4.998779
prototype,47.653132,-122.306114,2025-03-11 02:11:04,4.321021,0.087607,70.336464,4.998779
prototype,47.653132,-122.306114,2025-03-11 02:11:20,4.321017,0.087526,70.146019,4.998779
prototype,47.653132,-122.306114,2025-03-11 02:11:28,4.323747,0.088127,69.955307,4.998779
prototype,47.653132,-122.306114,2025-03-11 02:11:36,4.319718,0.088749,70.146072,4.998779
prototype,47.653132,-122.306114,2025-03-11 02:11:44,4.316991,0.088124,69.859749,4.998779
prototype,47.653132,-122.306114,2025-03-11 02:11:52,4.323707,0.088919,70.336792,4.998779
prototype,47.653132,-122.306114,2025-03-11 02:12:00,4.326483,0.089097,70.050575,4.998779
prototype,47.653132,-122.306114,2025-03-11 02:12:08,4.319675,0.087606,70.336792,4.998779
prototype,47.653132,-122.306114,2025-03-11 02:12:16,4.321060,0.088129,69.955139,4.998779
prototype,47.653132,-122.306114,2025-03-11 02:12:24,4.319675,0.088219,69.764481,4.998779
prototype,47.653132,-122.306114,2025-03-11 02:12:40,4.322362,0.088740,70.050690,4.998779
prototype,47.653132,-122.306114,2025-03-11 02:12:48,4.323747,0.089349,70.146072,4.998779
prototype,47.653132,-122.306114,2025-03-11 02:12:56,4.323747,0.088655,69.859917,4.998779
prototype,47.653132,-122.306114,2025-03-11 02:13:04,4.321060,0.088651,70.050690,4.998779
prototype,47.653132,-122.306114,2025-03-11 02:13:12,4.321017,0.087434,69.955246,4.998779
prototype,47.653132,-122.306114,2025-03-11 02:13:20,4.325052,0.088218,70.050400,4.998779
prototype,47.653132,-122.306114,2025-03-11 02:13:28,4.323793,0.089791,70.050690,4.998779
prototype,47.653132,-122.306114,2025-03-11 02:13:36,4.319718,0.089266,70.050636,4.998779
prototype,47.653132,-122.306114,2025-03-11 02:13:52,4.316991,0.089173,70.336731,4.998779
prototype,47.653132,-122.306114,2025-03-11 02:14:08,4.323707,0.088913,70.050636,4.998779
prototype,47.653132,-122.306114,2025-03-11 02:14:16,4.325135,0.089008,69.668983,4.998779
prototype,47.653132,-122.306114,2025-03-11 02:14:24,4.318334,0.089789,69.955246,4.998779
prototype,47.653132,-122.306114,2025-03-11 02:14:48,4.321021,0.089185,70.146072,4.998779
prototype,47.653132,-122.306114,2025-03-11 02:14:56,4.321021,0.088564,69.764481,4.998779
prototype,47.653132,-122.306114,2025-03-11 02:15:04,4.318376,0.090058,70.050400,4.998779
prototype,47.653132,-122.306114,2025-03-11 02:15:12,4.319675,0.088654,70.050461,4.998779
prototype,47.653132,-122.306114,2025-03-11 02:15:20,4.321017,0.088036,69.764305,4.998779
prototype,47.653132,-122.306114,2025-03-11 02:15:28,4.326480,0.088386,69.859917,4.998779
prototype,47.653132,-122.306114,2025-03-11 02:15:36,4.322362,0.089700,69.955246,4.998779
prototype,47.653132,-122.306114,2025-03-11 02:15:44,4.325092,0.088832,70.145958,4.998779
prototype,47.653132,-122.306114,2025-03-11 02:15:52,4.323747,0.089705,70.050636,4.998779
prototype,47.653132,-122.306114,2025-03-11 02:16:00,4.322402,0.090245,70.050636,4.998779
prototype,47.653132,-122.306114,2025-03-11 02:16:08,4.325092,0.088916,70.146019,4.998779
prototype,47.653132,-122.306114,2025-03-11 02:16:16,4.321060,0.089099,71.002060,4.998779
prototype,47.653132,-122.306114,2025-03-11 02:16:24,4.321063,0.087969,70.241287,4.998779
prototype,47.653132,-122.306114,2025-03-11 02:16:40,4.322405,0.088745,70.146072,4.998779
prototype,47.653132,-122.306114,2025-03-11 02:16:48,4.319675,0.088387,69.955246,4.998779
prototype,47.653132,-122.306114,2025-03-11 02:16:56,4.323747,0.087866,69.859802,4.998779
prototype,47.653132,-122.306114,2025-03-11 02:17:04,4.322366,0.088217,70.050514,4.998779
prototype,47.653132,-122.306114,2025-03-11 02:17:12,4.321017,0.087348,70.050461,4.998779
prototype,47.653132,-122.306114,2025-03-11 02:17:20,4.318334,0.088300,70.526398,4.998779
prototype,47.653132,-122.306114,2025-03-11 02:17:28,4.321017,0.087086,70.432053,4.998779
prototype,47.653132,-122.306114,2025-03-11 02:17:36,4.319675,0.087781,70.146072,4.998779
prototype,47.653132,-122.306114,2025-03-11 02:17:44,4.321021,0.087347,70.146019,4.998779
prototype,47.653132,-122.306114,2025-03-11 02:17:52,4.321060,0.087524,69.668922,4.998779
prototype,47.653132,-122.306114,2025-03-11 02:18:00,4.322362,0.087693,70.432007,4.998779
prototype,47.653132,-122.306114,2025-03-11 02:18:08,4.318334,0.088050,70.146019,4.998779
prototype,47.653132,-122.306114,2025-03-11 02:18:16,4.316991,0.088563,69.955193,4.998779
prototype,47.653132,-122.306114,2025-03-11 02:18:24,4.316995,0.087431,69.859917,4.998779
prototype,47.653132,-122.306114,2025-03-11 02:18:32,4.316991,0.088043,69.669029,4.998779
prototype,47.653132,-122.306114,2025-03-11 02:18:40,4.319675,0.087345,70.050690,4.998779
prototype,47.653132,-122.306114,2025-03-11 02:18:48,4.316952,0.087083,69.955246,4.998779
prototype,47.653132,-122.306114,2025-03-11 02:18:56,4.318336,0.087778,70.526009,4.998779
prototype,47.653132,-122.306114,2025-03-11 02:19:04,4.315610,0.087603,70.717506,4.998779
prototype,47.653132,-122.306114,2025-03-11 02:19:12,4.318334,0.087518,70.146019,4.998779
prototype,47.653132,-122.306114,2025-03-11 02:19:20,4.319678,0.087260,70.241234,4.998779
prototype,47.653132,-122.306114,2025-03-11 02:19:28,4.319718,0.086230,70.146072,4.998779
prototype,47.653132,-122.306114,2025-03-11 02:19:36,4.315650,0.087339,69.764481,4.998779
prototype,47.653132,-122.306114,2025-03-11 02:19:44,4.315650,0.087080,69.859863,4.998779
prototype,47.653132,-122.306114,2025-03-11 02:19:52,4.318334,0.085967,69.955246,4.998779
prototype,47.653132,-122.306114,2025-03-11 02:20:00,4.315650,0.087081,70.241348,4.998779
prototype,47.653132,-122.306114,2025-03-11 02:20:08,4.315650,0.086568,70.050690,4.998779
prototype,47.653132,-122.306114,2025-03-11 02:20:16,4.316952,0.085099,69.955307,4.998779
prototype,47.653132,-122.306114,2025-03-11 02:20:24,4.316952,0.086051,69.859810,4.998779
prototype,47.653132,-122.306114,2025-03-11 02:20:32,4.315610,0.086133,69.764366,4.998779
prototype,47.653132,-122.306114,2025-03-11 02:20:40,4.318334,0.086139,70.145958,4.998779
prototype,47.653132,-122.306114,2025-03-11 02:20:48,4.319675,0.085538,70.050690,4.998779
prototype,47.653132,-122.306114,2025-03-11 02:20:56,4.316991,0.085963,69.859917,4.998779
prototype,47.653132,-122.306114,2025-03-11 02:21:04,4.315652,0.085531,70.241348,4.998779
prototype,47.653132,-122.306114,2025-03-11 02:21:12,4.314311,0.085014,69.955307,4.998779
prototype,47.653132,-122.306114,2025-03-11 02:21:20,4.315610,0.085188,69.955307,4.998779
prototype,47.653132,-122.306114,2025-03-11 02:21:28,4.319718,0.085029,70.050583,4.998779
prototype,47.653132,-122.306114,2025-03-11 02:21:36,4.315650,0.086043,69.955139,4.998779
prototype,47.653132,-122.306114,2025-03-11 02:21:44,4.314268,0.085965,69.859863,4.998779
prototype,47.653132,-122.306114,2025-03-11 02:21:52,4.321017,0.084762,70.146019,4.998779
prototype,47.653132,-122.306114,2025-03-11 02:22:00,4.319675,0.086999,69.859863,4.998779
prototype,47.653132,-122.306114,2025-03-11 02:22:08,4.319675,0.085536,69.859863,4.998779
prototype,47.653132,-122.306114,2025-03-11 02:22:16,4.319718,0.086054,70.241463,4.998779
prototype,47.653132,-122.306114,2025-03-11 02:22:24,4.321017,0.085709,70.336792,4.998779
prototype,47.653132,-122.306114,2025-03-11 02:22:32,4.322405,0.087088,70.432114,4.998779
prototype,47.653132,-122.306114,2025-03-11 02:22:40,4.322362,0.086573,70.146072,4.998779
prototype,47.653132,-122.306114,2025-03-11 02:22:48,4.319675,0.086651,69.955139,4.998779
prototype,47.653132,-122.306114,2025-03-11 02:22:56,4.315650,0.086305,69.955139,4.998779
prototype,47.653132,-122.306114,2025-03-11 02:23:12,4.319678,0.086914,70.050690,4.998779
prototype,47.653132,-122.306114,2025-03-11 02:23:20,4.321017,0.086307,69.573593,4.998779
prototype,47.653132,-122.306114,2025-03-11 02:23:28,4.322405,0.088213,69.955307,4.998779
prototype,47.653132,-122.306114,2025-03-11 02:23:36,4.326437,0.087958,70.050636,4.998779
prototype,47.653132,-122.306114,2025-03-11 02:23:44,4.325092,0.087445,70.146072,4.998779
prototype,47.653132,-122.306114,2025-03-11 02:23:52,4.321060,0.087265,70.050690,4.998779
prototype,47.653132,-122.306114,2025-03-11 02:24:00,4.315650,0.087612,70.241287,4.998779
prototype,47.653132,-122.306114,2025-03-11 02:24:08,4.319675,0.087084,70.050690,4.998779
prototype,47.653132,-122.306114,2025-03-11 02:24:16,4.316991,0.087342,70.050690,4.998779
prototype,47.653132,-122.306114,2025-03-11 02:24:24,4.315650,0.087599,70.145958,4.998779
prototype,47.653132,-122.306114,2025-03-11 02:24:32,4.319675,0.086310,69.955246,4.998779
prototype,47.653132,-122.306114,2025-03-11 02:24:40,4.322362,0.086309,70.241295,4.998779
prototype,47.653132,-122.306114,2025-03-11 02:24:48,4.319678,0.087776,70.336624,4.998779
prototype,47.653132,-122.306114,2025-03-11 02:24:56,4.319675,0.087614,69.955246,4.998779
prototype,47.653132,-122.306114,2025-03-11 02:25:04,4.322405,0.087174,70.145958,4.998779
prototype,47.653132,-122.306114,2025-03-11 02:25:12,4.318334,0.086226,70.050636,4.998779
prototype,47.653132,-122.306114,2025-03-11 02:25:20,4.318376,0.086911,70.241463,4.998779
prototype,47.653132,-122.306114,2025-03-11 02:25:28,4.318334,0.086309,69.859863,4.998779
prototype,47.653132,-122.306114,2025-03-11 02:25:36,4.315610,0.086566,69.859695,4.998779
prototype,47.653132,-122.306114,2025-03-11 02:25:44,4.314311,0.087339,70.146072,4.998779
prototype,47.653132,-122.306114,2025-03-11 02:25:52,4.319675,0.085713,69.955078,4.998779
prototype,47.653132,-122.306114,2025-03-11 02:26:00,4.322405,0.086140,71.003319,4.998779
prototype,47.653132,-122.306114,2025-03-11 02:26:08,4.319675,0.086230,70.146072,4.998779
prototype,47.653132,-122.306114,2025-03-11 02:26:16,4.319675,0.086574,70.336731,4.998779
prototype,47.653132,-122.306114,2025-03-11 02:26:24,4.318334,0.087259,70.336624,4.998779
prototype,47.653132,-122.306114,2025-03-11 02:26:32,4.316991,0.088122,69.859756,4.998779
prototype,47.653132,-122.306114,2025-03-11 02:26:57,4.318334,0.085631,70.050690,4.998779
prototype,47.653132,-122.306114,2025-03-11 02:27:05,4.318334,0.086739,70.432068,4.998779
prototype,47.653132,-122.306114,2025-03-11 02:27:13,4.315650,0.086992,70.241463,4.998779
prototype,47.653132,-122.306114,2025-03-11 02:27:21,4.316991,0.085708,69.764252,4.998779
prototype,47.653132,-122.306114,2025-03-11 02:27:29,4.319638,0.085365,69.859863,4.998779
prototype,47.653132,-122.306114,2025-03-11 02:27:37,4.322405,0.086482,70.146072,4.998779
prototype,47.653132,-122.306114,2025-03-11 02:27:45,4.319678,0.087869,70.146019,4.998779
prototype,47.653132,-122.306114,2025-03-11 02:27:53,4.318334,0.086139,70.050461,4.998779
prototype,47.653132,-122.306114,2025-03-11 02:28:01,4.319675,0.086139,69.764244,4.998779
dummy,69.420,13.37,2025-03-11 02:28:07
prototype,47.653132,-122.306114,2025-03-11 02:28:09,4.319675,0.085794,70.241409,4.998779
prototype,47.653132,-122.306114,2025-03-11 02:28:17,4.318334,0.086051,70.432114,4.998779
prototype,47.653132,-122.306114,2025-03-11 02:28:25,4.315650,0.086307,69.955124,4.998779
prototype,47.653132,-122.306114,2025-03-11 02:28:33,4.314268,0.085702,70.050575,4.998779
prototype,47.653132,-122.306114,2025-03-11 02:28:41,4.315650,0.085016,70.050575,4.998779
prototype,47.653132,-122.306114,2025-03-11 02:29:05,4.316995,0.084085,69.859802,4.998779
prototype,47.653132,-122.306114,2025-03-11 02:29:13,4.315650,0.084501,70.241287,4.998779
prototype,47.653132,-122.306114,2025-03-11 02:29:29,4.315652,0.085108,70.241409,4.998779
prototype,47.653132,-122.306114,2025-03-11 02:29:45,4.316991,0.084678,70.432007,4.998779
prototype,47.653132,-122.306114,2025-03-11 02:29:53,4.315652,0.084423,70.241463,4.998779
prototype,47.653132,-122.306114,2025-03-11 02:30:01,4.314311,0.084846,70.336792,4.998779
prototype,47.653132,-122.306114,2025-03-11 02:30:09,4.314268,0.084502,70.432007,4.998779
prototype,47.653132,-122.306114,2025-03-11 02:30:17,4.315652,0.084338,70.432114,4.998779
prototype,47.653132,-122.306114,2025-03-11 02:30:41,4.319718,0.085361,70.050636,4.998779
prototype,47.653132,-122.306114,2025-03-11 02:30:49,4.319675,0.085365,69.573425,4.998779
prototype,47.653132,-122.306114,2025-03-11 02:30:57,4.319675,0.085110,69.859634,4.998779
prototype,47.653132,-122.306114,2025-03-11 02:31:05,4.319675,0.084430,70.146072,4.998779
prototype,47.653132,-122.306114,2025-03-11 02:31:13,4.315650,0.085100,70.050575,4.998779
prototype,47.653132,-122.306114,2025-03-11 02:31:21,4.314268,0.085272,70.145958,4.998779
prototype,47.653132,-122.306114,2025-03-11 02:31:29,4.315650,0.084844,70.050575,4.998779
prototype,47.653132,-122.306114,2025-03-11 02:31:37,4.316991,0.084166,69.955307,4.998779
prototype,47.653132,-122.306114,2025-03-11 02:31:45,4.315650,0.084759,69.955307,4.998779
prototype,47.653132,-122.306114,2025-03-11 02:31:53,4.314268,0.084332,70.241409,4.998779
prototype,47.653132,-122.306114,2025-03-11 02:32:01,4.315652,0.083825,70.050575,4.998779
prototype,47.653132,-122.306114,2025-03-11 02:32:17,4.316991,0.084507,70.146072,4.998779
prototype,47.653132,-122.306114,2025-03-11 02:32:33,4.314268,0.084673,70.432175,4.998779
prototype,47.653132,-122.306114,2025-03-11 02:32:41,4.316991,0.084505,70.050575,4.998779
prototype,47.653132,-122.306114,2025-03-11 02:32:49,4.315650,0.085102,70.241409,4.998779
prototype,47.653132,-122.306114,2025-03-11 02:32:57,4.312972,0.084843,69.955307,4.998779
prototype,47.653132,-122.306114,2025-03-11 02:33:05,4.315650,0.084501,70.336731,4.998779
prototype,47.653132,-122.306114,2025-03-11 02:33:13,4.315610,0.084851,70.050690,4.998779
prototype,47.653132,-122.306114,2025-03-11 02:33:21,4.316991,0.085446,69.859863,4.998779
prototype,47.653132,-122.306114,2025-03-11 02:33:29,4.316991,0.084419,70.336792,4.998779
prototype,47.653132,-122.306114,2025-03-11 02:33:37,4.316991,0.084932,70.146019,4.998779
prototype,47.653132,-122.306114,2025-03-11 02:33:53,4.316991,0.084936,70.241409,4.998779
prototype,47.653132,-122.306114,2025-03-11 02:34:01,4.314268,0.084844,70.241234,4.998779
prototype,47.653132,-122.306114,2025-03-11 02:34:09,4.315650,0.084588,70.145958,4.998779
prototype,47.653132,-122.306114,2025-03-11 02:34:17,4.312929,0.084760,69.859749,4.998779
prototype,47.653132,-122.306114,2025-03-11 02:34:25,4.312929,0.084248,69.764481,4.998779
prototype,47.653132,-122.306114,2025-03-11 02:34:33,4.314268,0.084418,70.241127,4.998779
prototype,47.653132,-122.306114,2025-03-11 02:34:41,4.314268,0.084418,69.955307,4.998779
prototype,47.653132,-122.306114,2025-03-11 02:34:49,4.318334,0.085101,69.954628,4.998779
prototype,47.653132,-122.306114,2025-03-11 02:34:57,4.315650,0.086134,69.859695,4.998779
prototype,47.653132,-122.306114,2025-03-11 02:35:05,4.319678,0.084933,70.336731,4.998779
prototype,47.653132,-122.306114,2025-03-11 02:35:21,4.315650,0.085195,69.859863,4.998779
prototype,47.653132,-122.306114,2025-03-11 02:35:37,4.318296,0.084763,70.050636,4.998779
prototype,47.653132,-122.306114,2025-03-11 02:35:45,4.319718,0.085363,70.146019,4.998779
prototype,47.653132,-122.306114,2025-03-11 02:35:53,4.317034,0.085448,70.145958,4.998779
prototype,47.653132,-122.306114,2025-03-11 02:36:09,4.319718,0.084679,70.432007,4.998779
prototype,47.653132,-122.306114,2025-03-11 02:36:17,4.315650,0.084929,70.146019,4.998779
prototype,47.653132,-122.306114,2025-03-11 02:36:25,4.315610,0.084590,70.718109,4.998779
prototype,47.653132,-122.306114,2025-03-11 02:36:33,4.315610,0.084763,70.336624,4.998779
prototype,47.653132,-122.306114,2025-03-11 02:36:41,4.314268,0.085101,70.432114,4.998779
prototype,47.653132,-122.306114,2025-03-11 02:36:49,4.315650,0.085018,70.050636,4.998779
prototype,47.653132,-122.306114,2025-03-11 02:36:57,4.319675,0.084171,69.955246,4.998779
prototype,47.653132,-122.306114,2025-03-11 02:37:05,4.317037,0.085192,70.050575,4.998779
prototype,47.653132,-122.306114,2025-03-11 02:37:21,4.316991,0.085020,70.145905,4.998779
prototype,47.653132,-122.306114,2025-03-11 02:37:29,4.318334,0.084676,69.955078,4.998779
prototype,47.653132,-122.306114,2025-03-11 02:37:45,4.319675,0.085191,70.241463,4.998779
prototype,47.653132,-122.306114,2025-03-11 02:37:53,4.319718,0.085622,69.955124,4.998779
prototype,47.653132,-122.306114,2025-03-11 02:38:01,4.318334,0.085540,70.241348,4.998779
prototype,47.653132,-122.306114,2025-03-11 02:38:09,4.319675,0.085973,69.955078,4.998779
prototype,47.653132,-122.306114,2025-03-11 02:38:17,4.322402,0.086392,70.241409,4.998779
prototype,47.653132,-122.306114,2025-03-11 02:38:25,4.323747,0.086226,70.146072,4.998779
prototype,47.653132,-122.306114,2025-03-11 02:38:33,4.319675,0.086827,70.146019,4.998779
prototype,47.653132,-122.306114,2025-03-11 02:38:49,4.315650,0.086568,69.573471,4.998779
prototype,47.653132,-122.306114,2025-03-11 02:38:57,4.316991,0.085963,70.241463,4.998779
prototype,47.653132,-122.306114,2025-03-11 02:39:05,4.319675,0.085280,69.955307,4.998779
prototype,47.653132,-122.306114,2025-03-11 02:39:13,4.322362,0.084939,70.622841,4.998779
prototype,47.653132,-122.306114,2025-03-11 02:39:21,4.323707,0.086397,70.241409,4.998779
prototype,47.653132,-122.306114,2025-03-11 02:39:29,4.321060,0.085886,69.955246,4.998779
prototype,47.653132,-122.306114,2025-03-11 02:39:45,4.321021,0.086393,69.859863,4.998779
prototype,47.653132,-122.306114,2025-03-11 02:39:53,4.316991,0.087436,70.146072,4.998779
prototype,47.653132,-122.306114,2025-03-11 02:40:01,4.316991,0.087256,70.336685,4.998779
prototype,47.653132,-122.306114,2025-03-11 02:40:17,4.316991,0.086741,70.432114,4.998779
prototype,47.653132,-122.306114,2025-03-11 02:40:25,4.316991,0.085963,70.145897,4.998779
prototype,47.653132,-122.306114,2025-03-11 02:40:33,4.316991,0.084846,70.336456,4.998779
prototype,47.653132,-122.306114,2025-03-11 02:40:41,4.315650,0.086215,70.146072,4.998779
prototype,47.653132,-122.306114,2025-03-11 02:40:49,4.315650,0.084845,69.859863,4.998779
prototype,47.653132,-122.306114,2025-03-11 02:40:57,4.314268,0.084587,70.241348,4.998779
prototype,47.653132,-122.306114,2025-03-11 02:41:05,4.314268,0.084332,70.336731,4.998779
prototype,47.653132,-122.306114,2025-03-11 02:41:13,4.315650,0.084589,70.336792,4.998779
prototype,47.653132,-122.306114,2025-03-11 02:41:21,4.312929,0.084501,70.050636,4.998779
prototype,47.653132,-122.306114,2025-03-11 02:41:29,4.312929,0.084076,69.859863,4.998779
prototype,47.653132,-122.306114,2025-03-11 02:41:37,4.312929,0.084161,70.336731,4.998779
prototype,47.653132,-122.306114,2025-03-11 02:41:45,4.310294,0.083822,70.146072,4.998779
prototype,47.653132,-122.306114,2025-03-11 02:41:53,4.314268,0.083404,69.955246,4.998779
prototype,47.653132,-122.306114,2025-03-11 02:42:01,4.311590,0.083313,69.955307,4.998779
prototype,47.653132,-122.306114,2025-03-11 02:42:09,4.315610,0.083487,70.527443,4.998779
prototype,47.653132,-122.306114,2025-03-11 02:42:17,4.314268,0.084506,70.622612,4.998779
prototype,47.653132,-122.306114,2025-03-11 02:42:25,4.315650,0.084161,70.432114,4.998779
prototype,47.653132,-122.306114,2025-03-11 02:42:33,4.315650,0.084247,70.241409,4.998779
prototype,47.653132,-122.306114,2025-03-11 02:42:41,4.311590,0.083230,69.955307,4.998779
prototype,47.653132,-122.306114,2025-03-11 02:42:49,4.315610,0.083577,69.955307,4.998779
prototype,47.653132,-122.306114,2025-03-11 02:42:57,4.314268,0.084245,70.050461,4.998779
prototype,47.653132,-122.306114,2025-03-11 02:43:05,4.315650,0.084588,70.145958,4.998779
prototype,47.653132,-122.306114,2025-03-11 02:43:21,4.314268,0.083907,70.241409,4.998779
prototype,47.653132,-122.306114,2025-03-11 02:43:37,4.315650,0.083823,70.241348,4.998779
prototype,47.653132,-122.306114,2025-03-11 02:43:45,4.312972,0.083062,69.859863,4.998779
prototype,47.653132,-122.306114,2025-03-11 02:43:53,4.315650,0.083400,70.336792,4.998779
prototype,47.653132,-122.306114,2025-03-11 02:44:01,4.316952,0.083321,70.145958,4.998779
prototype,47.653132,-122.306114,2025-03-11 02:44:09,4.315650,0.084504,70.241409,4.998779
prototype,47.653132,-122.306114,2025-03-11 02:44:17,4.316991,0.084847,70.050690,4.998779
prototype,47.653132,-122.306114,2025-03-11 02:44:25,4.315650,0.084589,70.146072,4.998779
prototype,47.653132,-122.306114,2025-03-11 02:44:33,4.315650,0.084331,69.764481,4.998779
prototype,47.653132,-122.306114,2025-03-11 02:44:41,4.314311,0.084332,70.241409,4.998779
prototype,47.653132,-122.306114,2025-03-11 02:44:49,4.315650,0.083660,70.145790,4.998779
prototype,47.653132,-122.306114,2025-03-11 02:44:57,4.312929,0.084417,70.241463,4.998779
prototype,47.653132,-122.306114,2025-03-11 02:45:05,4.312888,0.084081,70.432175,4.998779
prototype,47.653132,-122.306114,2025-03-11 02:45:13,4.315650,0.082805,69.668686,4.998779
prototype,47.653132,-122.306114,2025-03-11 02:45:21,4.315652,0.082982,70.146019,4.998779
prototype,47.653132,-122.306114,2025-03-11 02:45:29,4.315650,0.083314,70.146019,4.998779
prototype,47.653132,-122.306114,2025-03-11 02:45:37,4.315610,0.083658,69.955246,4.998779
prototype,47.653132,-122.306114,2025-03-11 02:45:45,4.319675,0.082640,70.336792,4.998779
prototype,47.653132,-122.306114,2025-03-11 02:45:53,4.316991,0.083571,70.431961,4.998779
prototype,47.653132,-122.306114,2025-03-11 02:46:01,4.314268,0.083910,70.050690,4.998779
prototype,47.653132,-122.306114,2025-03-11 02:46:09,4.316991,0.083909,69.764305,4.998779
prototype,47.653132,-122.306114,2025-03-11 02:46:17,4.314311,0.084246,70.145851,4.998779
prototype,47.653132,-122.306114,2025-03-11 02:46:41,4.318334,0.085104,71.003273,4.998779
prototype,47.653132,-122.306114,2025-03-11 02:46:57,4.321017,0.085192,69.955246,4.998779
prototype,47.653132,-122.306114,2025-03-11 02:47:05,4.321060,0.085712,70.241409,4.998779
prototype,47.653132,-122.306114,2025-03-11 02:47:13,4.316991,0.086051,70.050583,4.998779
prototype,47.653132,-122.306114,2025-03-11 02:47:21,4.321017,0.085027,70.145958,4.998779
prototype,47.653132,-122.306114,2025-03-11 02:47:29,4.319678,0.086221,70.050636,4.998779
prototype,47.653132,-122.306114,2025-03-11 02:47:37,4.322405,0.086654,70.146072,4.998779
prototype,47.653132,-122.306114,2025-03-11 02:47:45,4.322402,0.086917,69.573471,4.998779
prototype,47.653132,-122.306114,2025-03-11 02:47:53,4.325136,0.086400,69.859863,4.998779
prototype,47.653132,-122.306114,2025-03-11 02:48:01,4.321060,0.086498,69.764420,4.998779
prototype,47.653132,-122.306114,2025-03-11 02:48:18,4.316952,0.086393,70.431725,4.998779
prototype,47.653132,-122.306114,2025-03-11 02:48:34,4.319675,0.085968,69.764305,4.998779
prototype,47.653132,-122.306114,2025-03-11 02:48:42,4.319675,0.085368,70.050636,4.998779
prototype,47.653132,-122.306114,2025-03-11 02:48:50,4.315650,0.086992,70.050690,4.998779
prototype,47.653132,-122.306114,2025-03-11 02:49:06,4.316991,0.086135,70.050575,4.998779
prototype,47.653132,-122.306114,2025-03-11 02:49:14,4.318294,0.085189,69.764359,4.998779
prototype,47.653132,-122.306114,2025-03-11 02:49:22,4.318334,0.085708,70.336624,4.998779
prototype,47.653132,-122.306114,2025-03-11 02:49:38,4.318334,0.086223,69.954910,4.998779
prototype,47.653132,-122.306114,2025-03-11 02:49:46,4.315650,0.086305,70.050690,4.998779
prototype,47.653132,-122.306114,2025-03-11 02:49:54,4.312929,0.085015,70.146019,4.998779
prototype,47.653132,-122.306114,2025-03-11 02:50:02,4.316952,0.084165,69.859863,4.998779
prototype,47.653132,-122.306114,2025-03-11 02:50:10,4.315650,0.085615,69.859802,4.998779
prototype,47.653132,-122.306114,2025-03-11 02:50:19,4.316991,0.086048,70.432175,4.998779
prototype,47.653132,-122.306114,2025-03-11 02:50:27,4.315650,0.085529,70.050690,4.998779
prototype,47.653132,-122.306114,2025-03-11 02:50:43,4.316991,0.084763,70.527390,4.998779
prototype,47.653132,-122.306114,2025-03-11 02:50:51,4.319675,0.084164,70.241287,4.998779
prototype,47.653132,-122.306114,2025-03-11 02:51:07,4.319675,0.085020,69.955307,4.998779
prototype,47.653132,-122.306114,2025-03-11 02:51:15,4.315610,0.084848,70.432114,4.998779
prototype,47.653132,-122.306114,2025-03-11 02:51:23,4.316991,0.084764,69.859802,4.998779
prototype,47.653132,-122.306114,2025-03-11 02:51:31,4.314268,0.085101,69.955246,4.998779
prototype,47.653132,-122.306114,2025-03-11 02:51:39,4.316991,0.084851,69.955185,4.998779
prototype,47.653132,-122.306114,2025-03-11 02:51:55,4.316991,0.084332,69.955078,4.998779
prototype,47.653132,-122.306114,2025-03-11 02:52:11,4.319675,0.084765,70.336792,4.998779
prototype,47.653132,-122.306114,2025-03-11 02:52:19,4.316952,0.084848,70.241287,4.998779
prototype,47.653132,-122.306114,2025-03-11 02:52:27,4.319718,0.084929,70.145897,4.998779
prototype,47.653132,-122.306114,2025-03-11 02:52:35,4.321060,0.085709,70.050690,4.998779
prototype,47.653132,-122.306114,2025-03-11 02:52:43,4.318376,0.086221,70.146072,4.998779
prototype,47.653132,-122.306114,2025-03-11 02:52:51,4.316991,0.084761,70.527443,4.998779
prototype,47.653132,-122.306114,2025-03-11 02:52:59,4.316991,0.085019,70.145958,4.998779
prototype,47.653132,-122.306114,2025-03-11 02:53:07,4.315610,0.085017,70.241287,4.998779
prototype,47.653132,-122.306114,2025-03-11 02:53:15,4.315650,0.085015,70.336792,4.998779
prototype,47.653132,-122.306114,2025-03-11 02:53:23,4.314268,0.084757,70.432114,4.998779
prototype,47.653132,-122.306114,2025-03-11 02:53:31,4.314311,0.084247,70.241409,4.998779
prototype,47.653132,-122.306114,2025-03-11 02:53:39,4.315610,0.083910,69.955307,4.998779
prototype,47.653132,-122.306114,2025-03-11 02:53:47,4.312929,0.083906,70.241463,4.998779
prototype,47.653132,-122.306114,2025-03-11 02:53:55,4.312929,0.083399,70.241119,4.998779
prototype,47.653132,-122.306114,2025-03-11 02:54:03,4.310210,0.083319,69.669029,4.998779
prototype,47.653132,-122.306114,2025-03-11 02:54:11,4.312972,0.082219,69.954636,4.998779
prototype,47.653132,-122.306114,2025-03-11 02:54:27,4.312929,0.082147,69.955307,4.998779
prototype,47.653132,-122.306114,2025-03-11 02:54:35,4.315610,0.082472,70.336792,4.998779
prototype,47.653132,-122.306114,2025-03-11 02:54:43,4.314268,0.084161,70.241409,4.998779
prototype,47.653132,-122.306114,2025-03-11 02:54:51,4.316991,0.083995,69.955246,4.998779
prototype,47.653132,-122.306114,2025-03-11 02:54:59,4.316991,0.084085,70.527451,4.998779
prototype,47.653132,-122.306114,2025-03-11 02:55:07,4.314311,0.083825,70.146072,4.998779
prototype,47.653132,-122.306114,2025-03-11 02:55:15,4.312932,0.083068,70.241409,4.998779
prototype,47.653132,-122.306114,2025-03-11 02:55:23,4.310251,0.082563,70.336792,4.998779
prototype,47.653132,-122.306114,2025-03-11 02:55:31,4.312929,0.081797,70.336731,4.998779
prototype,47.653132,-122.306114,2025-03-11 02:55:39,4.310210,0.082300,70.241348,4.998779
prototype,47.653132,-122.306114,2025-03-11 02:56:03,4.315650,0.082553,70.146019,4.998779
prototype,47.653132,-122.306114,2025-03-11 02:56:11,4.312972,0.082135,70.336731,4.998779
prototype,47.653132,-122.306114,2025-03-11 02:56:19,4.314268,0.082721,70.432114,4.998779
prototype,47.653132,-122.306114,2025-03-11 02:56:27,4.312972,0.082469,70.622726,4.998779
prototype,47.653132,-122.306114,2025-03-11 02:56:35,4.311590,0.082048,70.050636,4.998779
prototype,47.653132,-122.306114,2025-03-11 02:56:43,4.314268,0.083143,70.908653,4.998779
prototype,47.653132,-122.306114,2025-03-11 02:56:59,4.317034,0.084247,70.241409,4.998779
prototype,47.653132,-122.306114,2025-03-11 02:57:07,4.314311,0.083318,69.955246,4.998779
prototype,47.653132,-122.306114,2025-03-11 02:57:15,4.314268,0.083398,70.146019,4.998779
prototype,47.653132,-122.306114,2025-03-11 02:57:23,4.316991,0.083153,70.432114,4.998779
prototype,47.653132,-122.306114,2025-03-11 02:57:31,4.318334,0.083743,70.241287,4.998779
prototype,47.653132,-122.306114,2025-03-11 02:57:39,4.315610,0.084424,70.241287,4.998779
prototype,47.653132,-122.306114,2025-03-11 02:57:47,4.315650,0.084506,70.241463,4.998779
prototype,47.653132,-122.306114,2025-03-11 02:57:55,4.315650,0.084163,70.336792,4.998779
prototype,47.653132,-122.306114,2025-03-11 02:58:19,4.312972,0.083319,70.432114,4.998779
prototype,47.653132,-122.306114,2025-03-11 02:58:27,4.315650,0.083991,70.241409,4.998779
prototype,47.653132,-122.306114,2025-03-11 02:58:35,4.315650,0.083990,70.050636,4.998779
prototype,47.653132,-122.306114,2025-03-11 02:58:43,4.315650,0.084418,70.050690,4.998779
prototype,47.653132,-122.306114,2025-03-11 02:58:51,4.315650,0.084247,70.336792,4.998779
prototype,47.653132,-122.306114,2025-03-11 02:58:59,4.315650,0.084842,70.432114,4.998779
prototype,47.653132,-122.306114,2025-03-11 02:59:07,4.315650,0.083568,70.336739,4.998779
prototype,47.653132,-122.306114,2025-03-11 02:59:15,4.311590,0.083230,70.241409,4.998779
prototype,47.653132,-122.306114,2025-03-11 02:59:23,4.312929,0.082976,69.764481,4.998779
prototype,47.653132,-122.306114,2025-03-11 02:59:31,4.314268,0.083061,70.527443,4.998779
prototype,47.653132,-122.306114,2025-03-11 02:59:39,4.314268,0.082890,70.432114,4.998779
prototype,47.653132,-122.306114,2025-03-11 02:59:47,4.314311,0.083230,70.241409,4.998779
prototype,47.653132,-122.306114,2025-03-11 02:59:55,4.310251,0.083652,70.527390,4.998779
prototype,47.653132,-122.306114,2025-03-11 03:00:11,4.312929,0.082638,70.241295,4.998779
prototype,47.653132,-122.306114,2025-03-11 03:00:27,4.314271,0.082640,70.146072,4.998779
prototype,47.653132,-122.306114,2025-03-11 03:00:35,4.312929,0.082978,70.145958,4.998779
prototype,47.653132,-122.306114,2025-03-11 03:00:43,4.314268,0.082721,70.241409,4.998779
prototype,47.653132,-122.306114,2025-03-11 03:00:59,4.310210,0.082216,70.145912,4.998779
prototype,47.653132,-122.306114,2025-03-11 03:01:07,4.310251,0.082301,70.050690,4.998779
prototype,47.653132,-122.306114,2025-03-11 03:01:23,4.316991,0.082900,70.432114,4.998779
prototype,47.653132,-122.306114,2025-03-11 03:01:31,4.318334,0.082307,70.050690,4.998779
prototype,47.653132,-122.306114,2025-03-11 03:01:39,4.318334,0.083066,70.241409,4.998779
prototype,47.653132,-122.306114,2025-03-11 03:01:47,4.315650,0.084248,70.336739,4.998779
prototype,47.653132,-122.306114,2025-03-11 03:01:55,4.318334,0.083489,70.241295,4.998779
prototype,47.653132,-122.306114,2025-03-11 03:02:03,4.316991,0.082730,69.955246,4.998779
prototype,47.653132,-122.306114,2025-03-11 03:02:11,4.314268,0.083228,69.955246,4.998779
prototype,47.653132,-122.306114,2025-03-11 03:02:19,4.316991,0.082727,69.955246,4.998779
prototype,47.653132,-122.306114,2025-03-11 03:02:27,4.312929,0.083487,69.573532,4.998779
prototype,47.653132,-122.306114,2025-03-11 03:02:35,4.315650,0.083741,70.146019,4.998779
prototype,47.653132,-122.306114,2025-03-11 03:02:51,4.311590,0.082723,71.193153,4.998779
prototype,47.653132,-122.306114,2025-03-11 03:02:59,4.314311,0.083483,69.764481,4.998779
prototype,47.653132,-122.306114,2025-03-11 03:03:15,4.314268,0.083658,70.241463,4.998779
prototype,47.653132,-122.306114,2025-03-11 03:03:39,4.314268,0.083234,70.241348,4.998779
prototype,47.653132,-122.306114,2025-03-11 03:03:47,4.311590,0.082468,70.336731,4.998779
prototype,47.653132,-122.306114,2025-03-11 03:03:55,4.310251,0.082303,70.050636,4.998779
prototype,47.653132,-122.306114,2025-03-11 03:04:03,4.311549,0.082049,70.336845,4.998779
prototype,47.653132,-122.306114,2025-03-11 03:04:19,4.310251,0.082062,70.241409,4.998779
prototype,47.653132,-122.306114,2025-03-11 03:04:27,4.312972,0.081799,69.955185,4.998779
prototype,47.653132,-122.306114,2025-03-11 03:04:35,4.314268,0.082721,70.432114,4.998779
prototype,47.653132,-122.306114,2025-03-11 03:04:43,4.316991,0.083238,69.955185,4.998779
prototype,47.653132,-122.306114,2025-03-11 03:04:51,4.311549,0.083313,70.431900,4.998779
prototype,47.653132,-122.306114,2025-03-11 03:04:59,4.314268,0.083995,70.050690,4.998779
prototype,47.653132,-122.306114,2025-03-11 03:05:07,4.315650,0.083314,70.432007,4.998779
prototype,47.653132,-122.306114,2025-03-11 03:05:15,4.312929,0.082219,70.241409,4.998779
prototype,47.653132,-122.306114,2025-03-11 03:05:23,4.312888,0.082889,70.146019,4.998779
prototype,47.653132,-122.306114,2025-03-11 03:05:39,4.310251,0.082898,70.621277,4.998779
prototype,47.653132,-122.306114,2025-03-11 03:05:47,4.314268,0.082890,70.146019,4.998779
prototype,47.653132,-122.306114,2025-03-11 03:05:55,4.314268,0.083652,70.241463,4.998779
prototype,47.653132,-122.306114,2025-03-11 03:06:03,4.316991,0.083487,70.718163,4.998779
prototype,47.653132,-122.306114,2025-03-11 03:06:11,4.314268,0.083061,70.146072,4.998779
prototype,47.653132,-122.306114,2025-03-11 03:06:19,4.315650,0.083910,70.336624,4.998779
prototype,47.653132,-122.306114,2025-03-11 03:06:35,4.314311,0.083231,70.145851,4.998779
prototype,47.653132,-122.306114,2025-03-11 03:06:43,4.314268,0.083568,70.336792,4.998779
prototype,47.653132,-122.306114,2025-03-11 03:06:51,4.314311,0.083569,70.622780,4.998779
prototype,47.653132,-122.306114,2025-03-11 03:07:07,4.314311,0.083145,70.241287,4.998779
prototype,47.653132,-122.306114,2025-03-11 03:07:15,4.314311,0.083064,70.336739,4.998779
prototype,47.653132,-122.306114,2025-03-11 03:07:23,4.312929,0.082219,70.241409,4.998779
prototype,47.653132,-122.306114,2025-03-11 03:07:55,4.312929,0.081800,70.241463,4.998779
prototype,47.653132,-122.306114,2025-03-11 03:08:03,4.308871,0.081294,70.241409,4.998779
prototype,47.653132,-122.306114,2025-03-11 03:08:11,4.311549,0.082900,70.431961,4.998779
prototype,47.653132,-122.306114,2025-03-11 03:08:19,4.312929,0.082217,70.336792,4.998779
prototype,47.653132,-122.306114,2025-03-11 03:08:27,4.314268,0.082638,70.432007,4.998779
prototype,47.653132,-122.306114,2025-03-11 03:08:43,4.314268,0.081887,70.527504,4.998779
prototype,47.653132,-122.306114,2025-03-11 03:08:51,4.316991,0.083402,70.145958,4.998779
prototype,47.653132,-122.306114,2025-03-11 03:09:15,4.314313,0.083146,69.859695,4.998779
prototype,47.653132,-122.306114,2025-03-11 03:09:23,4.314268,0.083997,70.050690,4.998779
prototype,47.653132,-122.306114,2025-03-11 03:09:31,4.315610,0.084082,70.718163,4.998779
prototype,47.653132,-122.306114,2025-03-11 03:09:39,4.315650,0.083994,70.050575,4.998779
prototype,47.653132,-122.306114,2025-03-11 03:10:03,4.311590,0.082480,69.764359,4.998779
prototype,47.653132,-122.306114,2025-03-11 03:10:11,4.311590,0.082469,70.432007,4.998779
prototype,47.653132,-122.306114,2025-03-11 03:10:19,4.312972,0.083487,69.955307,4.998779
prototype,47.653132,-122.306114,2025-03-11 03:10:27,4.314268,0.082805,70.145958,4.998779
prototype,47.653132,-122.306114,2025-03-11 03:10:35,4.315650,0.083569,70.241409,4.998779
prototype,47.653132,-122.306114,2025-03-11 03:10:43,4.314271,0.082220,70.336792,4.998779
prototype,47.653132,-122.306114,2025-03-11 03:10:51,4.314268,0.083150,69.955246,4.998779
prototype,47.653132,-122.306114,2025-03-11 03:10:59,4.312929,0.083059,70.431839,4.998779
prototype,47.653132,-122.306114,2025-03-11 03:11:07,4.312972,0.082900,70.906616,4.998779
prototype,47.653132,-122.306114,2025-03-11 03:11:15,4.315650,0.083482,69.955307,4.998779
prototype,47.653132,-122.306114,2025-03-11 03:11:23,4.314268,0.082890,70.241409,4.998779
prototype,47.653132,-122.306114,2025-03-11 03:11:39,4.308871,0.081799,70.336731,4.998779
prototype,47.653132,-122.306114,2025-03-11 03:11:47,4.312929,0.082637,70.050575,4.998779
prototype,47.653132,-122.306114,2025-03-11 03:11:55,4.314268,0.083146,70.050636,4.998779
prototype,47.653132,-122.306114,2025-03-11 03:12:19,4.318334,0.083487,70.145958,4.998779
prototype,47.653132,-122.306114,2025-03-11 03:12:35,4.315650,0.083993,70.050690,4.998779
prototype,47.653132,-122.306114,2025-03-11 03:12:59,4.306240,0.081213,70.241180,4.998779
prototype,47.653132,-122.306114,2025-03-11 03:13:07,4.303525,0.081633,70.336731,4.998779
prototype,47.653132,-122.306114,2025-03-11 03:13:15,4.311590,0.081127,70.146019,4.998779
prototype,47.653132,-122.306114,2025-03-11 03:13:23,4.310251,0.081127,70.622612,4.998779
prototype,47.653132,-122.306114,2025-03-11 03:13:31,4.314311,0.081463,70.146019,4.998779
prototype,47.653132,-122.306114,2025-03-11 03:13:39,4.314268,0.081631,70.241409,4.998779
prototype,47.653132,-122.306114,2025-03-11 03:13:47,4.312929,0.081798,70.146072,4.998779
prototype,47.653132,-122.306114,2025-03-11 03:13:55,4.310251,0.081728,70.146019,4.998779
prototype,47.653132,-122.306114,2025-03-11 03:14:03,4.310210,0.081295,70.336792,4.998779
prototype,47.653132,-122.306114,2025-03-11 03:14:11,4.311590,0.081714,70.527390,4.998779
prototype,47.653132,-122.306114,2025-03-11 03:14:19,4.314268,0.081463,69.955307,4.998779
prototype,47.653132,-122.306114,2025-03-11 03:14:27,4.315650,0.082051,70.336731,4.998779
prototype,47.653132,-122.306114,2025-03-11 03:14:43,4.314268,0.082637,70.432175,4.998779
prototype,47.653132,-122.306114,2025-03-11 03:14:51,4.318334,0.082481,70.336731,4.998779
prototype,47.653132,-122.306114,2025-03-11 03:14:59,4.314311,0.083145,70.146019,4.998779
prototype,47.653132,-122.306114,2025-03-11 03:15:07,4.318336,0.082893,70.146019,4.998779
prototype,47.653132,-122.306114,2025-03-11 03:15:16,4.316991,0.083149,70.527512,4.998779
prototype,47.653132,-122.306114,2025-03-11 03:15:24,4.315650,0.083824,70.432014,4.998779
prototype,47.653132,-122.306114,2025-03-11 03:15:32,4.318334,0.083402,70.432175,4.998779
prototype,47.653132,-122.306114,2025-03-11 03:15:40,4.315650,0.085015,70.050575,4.998779
prototype,47.653132,-122.306114,2025-03-11 03:15:48,4.315650,0.083993,69.859917,4.998779
prototype,47.653132,-122.306114,2025-03-11 03:15:56,4.315650,0.083483,70.050690,4.998779
prototype,47.653132,-122.306114,2025-03-11 03:16:04,4.311590,0.082808,70.145851,4.998779
prototype,47.653132,-122.306114,2025-03-11 03:16:12,4.312929,0.083312,70.050690,4.998779
prototype,47.653132,-122.306114,2025-03-11 03:16:20,4.314311,0.083228,70.050461,4.998779
prototype,47.653132,-122.306114,2025-03-11 03:16:28,4.311633,0.082474,70.145958,4.998779
prototype,47.653132,-122.306114,2025-03-11 03:16:36,4.312929,0.082469,70.336624,4.998779
prototype,47.653132,-122.306114,2025-03-11 03:16:44,4.312972,0.082135,70.527451,4.998779
prototype,47.653132,-122.306114,2025-03-11 03:17:00,4.314268,0.083059,70.146072,4.998779
prototype,47.653132,-122.306114,2025-03-11 03:17:08,4.316991,0.082979,70.050690,4.998779
prototype,47.653132,-122.306114,2025-03-11 03:17:16,4.315652,0.082899,70.145897,4.998779
prototype,47.653132,-122.306114,2025-03-11 03:17:24,4.314268,0.082976,70.336792,4.998779
prototype,47.653132,-122.306114,2025-03-11 03:17:40,4.315610,0.082056,70.241409,4.998779
prototype,47.653132,-122.306114,2025-03-11 03:17:48,4.314311,0.083572,70.432114,4.998779
prototype,47.653132,-122.306114,2025-03-11 03:17:56,4.318336,0.083066,69.955246,4.998779
prototype,47.653132,-122.306114,2025-03-11 03:18:04,4.316991,0.082474,70.241287,4.998779
prototype,47.653132,-122.306114,2025-03-11 03:18:20,4.318334,0.082653,70.241409,4.998779
prototype,47.653132,-122.306114,2025-03-11 03:18:28,4.315650,0.084504,70.431900,4.998779
prototype,47.653132,-122.306114,2025-03-11 03:18:36,4.321060,0.082818,70.146019,4.998779
prototype,47.653132,-122.306114,2025-03-11 03:18:44,4.315650,0.083659,70.146019,4.998779
prototype,47.653132,-122.306114,2025-03-11 03:18:52,4.314311,0.083231,69.955017,4.998779
prototype,47.653132,-122.306114,2025-03-11 03:19:00,4.314268,0.083312,70.241287,4.998779
prototype,47.653132,-122.306114,2025-03-11 03:19:16,4.310251,0.082554,70.432007,4.998779
prototype,47.653132,-122.306114,2025-03-11 03:19:24,4.312929,0.082636,70.336731,4.998779
prototype,47.653132,-122.306114,2025-03-11 03:19:32,4.314268,0.082807,69.859917,4.998779
prototype,47.653132,-122.306114,2025-03-11 03:19:40,4.314268,0.083228,69.859863,4.998779
prototype,47.653132,-122.306114,2025-03-11 03:19:48,4.315650,0.083145,70.050583,4.998779
prototype,47.653132,-122.306114,2025-03-11 03:19:56,4.312929,0.082723,70.336670,4.998779
prototype,47.653132,-122.306114,2025-03-11 03:20:04,4.312929,0.081883,70.241409,4.998779
prototype,47.653132,-122.306114,2025-03-11 03:20:12,4.311590,0.081965,70.336792,4.998779
prototype,47.653132,-122.306114,2025-03-11 03:20:20,4.311590,0.082048,69.955246,4.998779
prototype,47.653132,-122.306114,2025-03-11 03:20:28,4.310210,0.081882,70.527504,4.998779
prototype,47.653132,-122.306114,2025-03-11 03:20:36,4.311590,0.081044,70.050636,4.998779
prototype,47.653132,-122.306114,2025-03-11 03:20:44,4.312929,0.082134,70.146019,4.998779
prototype,47.653132,-122.306114,2025-03-11 03:20:52,4.310210,0.081461,70.241287,4.998779
prototype,47.653132,-122.306114,2025-03-11 03:21:00,4.308915,0.081134,70.146019,4.998779
prototype,47.653132,-122.306114,2025-03-11 03:21:08,4.310251,0.080961,70.241234,4.998779
prototype,47.653132,-122.306114,2025-03-11 03:21:16,4.307532,0.080878,70.241463,4.998779
prototype,47.653132,-122.306114,2025-03-11 03:21:24,4.311590,0.081044,70.241409,4.998779
prototype,47.653132,-122.306114,2025-03-11 03:21:32,4.312972,0.081047,70.050690,4.998779
prototype,47.653132,-122.306114,2025-03-11 03:21:40,4.314311,0.081461,70.527283,4.998779
prototype,47.653132,-122.306114,2025-03-11 03:21:48,4.312929,0.081468,70.146019,4.998779
prototype,47.653132,-122.306114,2025-03-11 03:21:56,4.314268,0.081462,70.146072,4.998779
prototype,47.653132,-122.306114,2025-03-11 03:22:04,4.311590,0.081127,70.336792,4.998779
prototype,47.653132,-122.306114,2025-03-11 03:22:12,4.312929,0.081379,70.241180,4.998779
prototype,47.653132,-122.306114,2025-03-11 03:22:20,4.311590,0.081728,69.955185,4.998779
prototype,47.653132,-122.306114,2025-03-11 03:22:28,4.308912,0.080547,70.146019,4.998779
prototype,47.653132,-122.306114,2025-03-11 03:22:36,4.308871,0.080129,70.432175,4.998779
prototype,47.653132,-122.306114,2025-03-11 03:22:44,4.310251,0.080462,70.527451,4.998779
prototype,47.653132,-122.306114,2025-03-11 03:22:52,4.311633,0.080794,70.146072,4.998779
prototype,47.653132,-122.306114,2025-03-11 03:23:00,4.310210,0.080627,70.336731,4.998779
prototype,47.653132,-122.306114,2025-03-11 03:23:08,4.311590,0.080878,70.336731,4.998779
prototype,47.653132,-122.306114,2025-03-11 03:23:16,4.310254,0.080462,70.146019,4.998779
prototype,47.653132,-122.306114,2025-03-11 03:23:24,4.314268,0.080713,70.146019,4.998779
prototype,47.653132,-122.306114,2025-03-11 03:23:32,4.316991,0.081716,70.336624,4.998779
prototype,47.653132,-122.306114,2025-03-11 03:23:40,4.317034,0.082637,70.717224,4.998779
prototype,47.653132,-122.306114,2025-03-11 03:23:48,4.318376,0.082810,70.336792,4.998779
prototype,47.653132,-122.306114,2025-03-11 03:24:04,4.311593,0.081714,70.336685,4.998779
prototype,47.653132,-122.306114,2025-03-11 03:24:12,4.312929,0.082724,70.527443,4.998779
prototype,47.653132,-122.306114,2025-03-11 03:24:20,4.315610,0.082984,70.145958,4.998779
prototype,47.653132,-122.306114,2025-03-11 03:24:36,4.318294,0.081805,70.050690,4.998779
prototype,47.653132,-122.306114,2025-03-11 03:24:44,4.315650,0.083314,70.050690,4.998779
prototype,47.653132,-122.306114,2025-03-11 03:24:52,4.314268,0.082808,70.527504,4.998779
prototype,47.653132,-122.306114,2025-03-11 03:25:08,4.316952,0.082474,70.527443,4.998779
prototype,47.653132,-122.306114,2025-03-11 03:25:16,4.315650,0.083657,70.336685,4.998779
prototype,47.653132,-122.306114,2025-03-11 03:25:32,4.310251,0.082563,70.145912,4.998779
prototype,47.653132,-122.306114,2025-03-11 03:25:40,4.310210,0.081464,70.146072,4.998779
prototype,47.653132,-122.306114,2025-03-11 03:25:48,4.312929,0.082303,70.336792,4.998779
prototype,47.653132,-122.306114,2025-03-11 03:25:56,4.314268,0.082721,69.764359,4.998779
prototype,47.653132,-122.306114,2025-03-11 03:26:12,4.315650,0.082898,70.336731,4.998779
prototype,47.653132,-122.306114,2025-03-11 03:26:20,4.315650,0.081966,70.241409,4.998779
prototype,47.653132,-122.306114,2025-03-11 03:26:28,4.314268,0.081966,70.432175,4.998779
prototype,47.653132,-122.306114,2025-03-11 03:26:36,4.314311,0.082135,70.241348,4.998779
prototype,47.653132,-122.306114,2025-03-11 03:26:52,4.314268,0.082721,70.336792,4.998779
prototype,47.653132,-122.306114,2025-03-11 03:27:08,4.312972,0.082145,70.527512,4.998779
prototype,47.653132,-122.306114,2025-03-11 03:27:16,4.314268,0.082900,70.145897,4.998779
prototype,47.653132,-122.306114,2025-03-11 03:27:24,4.314311,0.081884,70.241348,4.998779
prototype,47.653132,-122.306114,2025-03-11 03:27:32,4.308912,0.081464,70.432121,4.998779
prototype,47.653132,-122.306114,2025-03-11 03:27:40,4.308958,0.081128,70.432053,4.998779
prototype,47.653132,-122.306114,2025-03-11 03:27:48,4.308912,0.080713,70.241409,4.998779
prototype,47.653132,-122.306114,2025-03-11 03:27:56,4.308912,0.080630,70.527504,4.998779
prototype,47.653132,-122.306114,2025-03-11 03:28:04,4.311590,0.081044,70.432053,4.998779
dummy,69.420,13.37,2025-03-11 03:28:07
prototype,47.653132,-122.306114,2025-03-11 03:28:12,4.311633,0.081045,70.146072,4.998779
prototype,47.653132,-122.306114,2025-03-11 03:28:20,4.312929,0.081881,69.859741,4.998779
prototype,47.653132,-122.306114,2025-03-11 03:28:28,4.315650,0.081884,70.336731,4.998779
prototype,47.653132,-122.306114,2025-03-11 03:28:36,4.314268,0.081547,70.336685,4.998779
prototype,47.653132,-122.306114,2025-03-11 03:28:44,4.315650,0.082806,70.527390,4.998779
prototype,47.653132,-122.306114,2025-03-11 03:29:00,4.315650,0.082729,70.813271,4.998779
prototype,47.653132,-122.306114,2025-03-11 03:29:08,4.312929,0.082384,71.004044,4.998779
prototype,47.653132,-122.306114,2025-03-11 03:29:16,4.312888,0.082131,70.050690,4.998779
prototype,47.653132,-122.306114,2025-03-11 03:29:24,4.311633,0.081882,70.622841,4.998779
prototype,47.653132,-122.306114,2025-03-11 03:29:32,4.312929,0.082216,69.859810,4.998779
prototype,47.653132,-122.306114,2025-03-11 03:29:40,4.314268,0.082564,70.527504,4.998779
prototype,47.653132,-122.306114,2025-03-11 03:29:48,4.315650,0.082638,70.527504,4.998779
prototype,47.653132,-122.306114,2025-03-11 03:29:56,4.315650,0.083487,70.336731,4.998779
prototype,47.653132,-122.306114,2025-03-11 03:30:04,4.314311,0.082553,70.622726,4.998779
prototype,47.653132,-122.306114,2025-03-11 03:30:12,4.315610,0.082812,70.050690,4.998779
prototype,47.653132,-122.306114,2025-03-11 03:30:28,4.311590,0.082722,71.194199,4.998779
prototype,47.653132,-122.306114,2025-03-11 03:30:36,4.314268,0.082805,70.146072,4.998779
prototype,47.653132,-122.306114,2025-03-11 03:30:44,4.315650,0.083230,70.432114,4.998779
prototype,47.653132,-122.306114,2025-03-11 03:30:52,4.311590,0.081883,70.336731,4.998779
prototype,47.653132,-122.306114,2025-03-11 03:31:00,4.312929,0.082303,70.241463,4.998779
prototype,47.653132,-122.306114,2025-03-11 03:31:08,4.310251,0.082302,70.432114,4.998779
prototype,47.653132,-122.306114,2025-03-11 03:31:16,4.314268,0.083150,70.146072,4.998779
prototype,47.653132,-122.306114,2025-03-11 03:31:24,4.315650,0.082722,70.146019,4.998779
prototype,47.653132,-122.306114,2025-03-11 03:31:40,4.312972,0.082051,70.432114,4.998779
prototype,47.653132,-122.306114,2025-03-11 03:31:48,4.311633,0.081466,70.336792,4.998779
prototype,47.653132,-122.306114,2025-03-11 03:31:56,4.312888,0.081462,70.527451,4.998779
prototype,47.653132,-122.306114,2025-03-11 03:32:04,4.312929,0.082131,70.622787,4.998779
prototype,47.653132,-122.306114,2025-03-11 03:32:12,4.315650,0.082890,70.241409,4.998779
prototype,47.653132,-122.306114,2025-03-11 03:32:20,4.314268,0.082723,70.432175,4.998779
prototype,47.653132,-122.306114,2025-03-11 03:32:28,4.314268,0.083483,70.527275,4.998779
prototype,47.653132,-122.306114,2025-03-11 03:32:36,4.316991,0.082900,70.527336,4.998779
prototype,47.653132,-122.306114,2025-03-11 03:32:44,4.315650,0.083656,70.432007,4.998779
prototype,47.653132,-122.306114,2025-03-11 03:33:00,4.312929,0.083059,70.336792,4.998779
prototype,47.653132,-122.306114,2025-03-11 03:33:08,4.311590,0.082480,70.527504,4.998779
prototype,47.653132,-122.306114,2025-03-11 03:33:16,4.311590,0.082731,70.336731,4.998779
prototype,47.653132,-122.306114,2025-03-11 03:33:24,4.311590,0.081801,70.527222,4.998779
prototype,47.653132,-122.306114,2025-03-11 03:33:32,4.311590,0.082480,70.812439,4.998779
prototype,47.653132,-122.306114,2025-03-11 03:33:48,4.311590,0.082553,70.336403,4.998779
prototype,47.653132,-122.306114,2025-03-11 03:33:56,4.315650,0.082721,70.432175,4.998779
prototype,47.653132,-122.306114,2025-03-11 03:34:04,4.315650,0.082637,70.527290,4.998779
prototype,47.653132,-122.306114,2025-03-11 03:34:20,4.318334,0.082984,69.668930,4.998779
prototype,47.653132,-122.306114,2025-03-11 03:34:28,4.315650,0.083910,70.145958,4.998779
prototype,47.653132,-122.306114,2025-03-11 03:34:44,4.314268,0.083399,70.432175,4.998779
prototype,47.653132,-122.306114,2025-03-11 03:34:52,4.319675,0.083151,70.146019,4.998779
prototype,47.653132,-122.306114,2025-03-11 03:35:08,4.315650,0.083993,70.146019,4.998779
prototype,47.653132,-122.306114,2025-03-11 03:35:16,4.314311,0.083910,70.336731,4.998779
prototype,47.653132,-122.306114,2025-03-11 03:35:24,4.312972,0.083572,70.432114,4.998779
prototype,47.653132,-122.306114,2025-03-11 03:35:32,4.314268,0.083820,70.336678,4.998779
prototype,47.653132,-122.306114,2025-03-11 03:35:40,4.314268,0.083738,70.717941,4.998779
prototype,47.653132,-122.306114,2025-03-11 03:35:48,4.314311,0.084760,69.955185,4.998779
prototype,47.653132,-122.306114,2025-03-11 03:35:56,4.315650,0.083738,70.432175,4.998779
prototype,47.653132,-122.306114,2025-03-11 03:36:04,4.315650,0.083737,70.336792,4.998779
prototype,47.653132,-122.306114,2025-03-11 03:36:12,4.315650,0.083738,70.241287,4.998779
prototype,47.653132,-122.306114,2025-03-11 03:36:20,4.314311,0.083995,70.527504,4.998779
prototype,47.653132,-122.306114,2025-03-11 03:36:28,4.315650,0.084077,70.241409,4.998779
prototype,47.653132,-122.306114,2025-03-11 03:36:36,4.318334,0.083744,70.336731,4.998779
prototype,47.653132,-122.306114,2025-03-11 03:36:44,4.315650,0.084764,70.336563,4.998779
prototype,47.653132,-122.306114,2025-03-11 03:36:52,4.315652,0.084080,70.241409,4.998779
prototype,47.653132,-122.306114,2025-03-11 03:37:00,4.312929,0.083824,70.336792,4.998779
prototype,47.653132,-122.306114,2025-03-11 03:37:08,4.314268,0.083737,70.431953,4.998779
prototype,47.653132,-122.306114,2025-03-11 03:37:32,4.315650,0.083826,70.145958,4.998779
prototype,47.653132,-122.306114,2025-03-11 03:37:40,4.314268,0.083910,70.527443,4.998779
prototype,47.653132,-122.306114,2025-03-11 03:37:48,4.312929,0.083740,70.146019,4.998779
prototype,47.653132,-122.306114,2025-03-11 03:37:56,4.315650,0.083145,70.336731,4.998779
prototype,47.653132,-122.306114,2025-03-11 03:38:04,4.312929,0.082975,69.955307,4.998779
prototype,47.653132,-122.306114,2025-03-11 03:38:12,4.311549,0.083059,70.527390,4.998779
prototype,47.653132,-122.306114,2025-03-11 03:38:20,4.315650,0.082808,70.527504,4.998779
prototype,47.653132,-122.306114,2025-03-11 03:38:28,4.315650,0.083998,70.050636,4.998779
prototype,47.653132,-122.306114,2025-03-11 03:38:37,4.315650,0.083485,69.955307,4.998779
prototype,47.653132,-122.306114,2025-03-11 03:38:45,4.318334,0.083155,70.527451,4.998779
prototype,47.653132,-122.306114,2025-03-11 03:38:53,4.318334,0.082659,70.527390,4.998779
prototype,47.653132,-122.306114,2025-03-11 03:39:09,4.314268,0.083822,70.813324,4.998779
prototype,47.653132,-122.306114,2025-03-11 03:39:17,4.314311,0.084163,70.432175,4.998779
prototype,47.653132,-122.306114,2025-03-11 03:39:25,4.311590,0.083489,70.336670,4.998779
prototype,47.653132,-122.306114,2025-03-11 03:39:33,4.311590,0.082552,70.241409,4.998779
prototype,47.653132,-122.306114,2025-03-11 03:39:49,4.310254,0.081799,70.336731,4.998779
prototype,47.653132,-122.306114,2025-03-11 03:39:57,4.311590,0.082397,70.145958,4.998779
prototype,47.653132,-122.306114,2025-03-11 03:40:05,4.314268,0.083150,70.527451,4.998779
prototype,47.653132,-122.306114,2025-03-11 03:40:13,4.316952,0.082903,70.050575,4.998779
prototype,47.653132,-122.306114,2025-03-11 03:40:29,4.316991,0.083488,69.859192,4.998779
prototype,47.653132,-122.306114,2025-03-11 03:40:37,4.316991,0.083745,70.336624,4.998779
prototype,47.653132,-122.306114,2025-03-11 03:40:45,4.315650,0.083487,70.336731,4.998779
prototype,47.653132,-122.306114,2025-03-11 03:40:53,4.316991,0.083402,70.336845,4.998779
prototype,47.653132,-122.306114,2025-03-11 03:41:01,4.312929,0.083653,70.241287,4.998779
prototype,47.653132,-122.306114,2025-03-11 03:41:09,4.314271,0.082731,70.622559,4.998779
prototype,47.653132,-122.306114,2025-03-11 03:41:17,4.312929,0.083150,70.431839,4.998779
prototype,47.653132,-122.306114,2025-03-11 03:41:25,4.315650,0.083066,70.432114,4.998779
prototype,47.653132,-122.306114,2025-03-11 03:41:33,4.314311,0.083150,70.241463,4.998779
prototype,47.653132,-122.306114,2025-03-11 03:41:41,4.315650,0.083741,70.432114,4.998779
prototype,47.653132,-122.306114,2025-03-11 03:41:58,4.310210,0.082898,70.622787,4.998779
prototype,47.653132,-122.306114,2025-03-11 03:42:06,4.311590,0.081463,70.718117,4.998779
prototype,47.653132,-122.306114,2025-03-11 03:42:14,4.311590,0.081379,70.336792,4.998779
prototype,47.653132,-122.306114,2025-03-11 03:42:22,4.311590,0.081302,70.241409,4.998779
prototype,47.653132,-122.306114,2025-03-11 03:42:46,4.307579,0.079881,70.241409,4.998779
prototype,47.653132,-122.306114,2025-03-11 03:42:54,4.310251,0.080548,70.241409,4.998779
prototype,47.653132,-122.306114,2025-03-11 03:43:10,4.310251,0.080709,70.527451,4.998779
prototype,47.653132,-122.306114,2025-03-11 03:43:18,4.308915,0.079632,70.622780,4.998779
prototype,47.653132,-122.306114,2025-03-11 03:43:26,4.308912,0.080632,70.432114,4.998779
prototype,47.653132,-122.306114,2025-03-11 03:43:34,4.307576,0.079550,70.146019,4.998779
prototype,47.653132,-122.306114,2025-03-11 03:43:42,4.308915,0.080129,70.622833,4.998779
prototype,47.653132,-122.306114,2025-03-11 03:43:50,4.310251,0.080462,70.336792,4.998779
prototype,47.653132,-122.306114,2025-03-11 03:43:58,4.310251,0.080379,70.241409,4.998779
prototype,47.653132,-122.306114,2025-03-11 03:44:06,4.308912,0.079882,70.432007,4.998779
prototype,47.653132,-122.306114,2025-03-11 03:44:14,4.314268,0.080543,70.718102,4.998779
prototype,47.653132,-122.306114,2025-03-11 03:44:22,4.310251,0.080961,70.145958,4.998779
prototype,47.653132,-122.306114,2025-03-11 03:44:30,4.311549,0.080794,70.718102,4.998779
prototype,47.653132,-122.306114,2025-03-11 03:44:38,4.311590,0.080793,70.146019,4.998779
prototype,47.653132,-122.306114,2025-03-11 03:44:54,4.310251,0.080878,70.622665,4.998779
prototype,47.653132,-122.306114,2025-03-11 03:45:02,4.310210,0.081128,70.432114,4.998779
prototype,47.653132,-122.306114,2025-03-11 03:45:10,4.312972,0.081378,70.336845,4.998779
prototype,47.653132,-122.306114,2025-03-11 03:45:18,4.312929,0.082228,70.432114,4.998779
prototype,47.653132,-122.306114,2025-03-11 03:45:26,4.310251,0.080878,70.050461,4.998779
prototype,47.653132,-122.306114,2025-03-11 03:45:34,4.308912,0.080047,70.241409,4.998779
prototype,47.653132,-122.306114,2025-03-11 03:45:42,4.307576,0.080295,69.955307,4.998779
prototype,47.653132,-122.306114,2025-03-11 03:45:50,4.311590,0.080550,70.336792,4.998779
prototype,47.653132,-122.306114,2025-03-11 03:45:58,4.310251,0.080379,70.432175,4.998779
prototype,47.653132,-122.306114,2025-03-11 03:46:06,4.308871,0.080799,70.622719,4.998779
prototype,47.653132,-122.306114,2025-03-11 03:46:38,4.310251,0.080047,70.718056,4.998779
prototype,47.653132,-122.306114,2025-03-11 03:47:10,4.304861,0.079137,70.622780,4.998779
prototype,47.653132,-122.306114,2025-03-11 03:47:18,4.302189,0.079055,71.288162,4.998779
prototype,47.653132,-122.306114,2025-03-11 03:47:26,4.308871,0.079384,70.432114,4.998779
prototype,47.653132,-122.306114,2025-03-11 03:47:34,4.311590,0.079466,70.336624,4.998779
prototype,47.653132,-122.306114,2025-03-11 03:47:42,4.307579,0.079137,70.050636,4.998779
prototype,47.653132,-122.306114,2025-03-11 03:47:50,4.308912,0.079303,70.432114,4.998779
prototype,47.653132,-122.306114,2025-03-11 03:48:06,4.304861,0.078068,70.622841,4.998779
prototype,47.653132,-122.306114,2025-03-11 03:48:14,4.308871,0.078809,70.050636,4.998779
prototype,47.653132,-122.306114,2025-03-11 03:48:30,4.314268,0.079301,70.527451,4.998779
prototype,47.653132,-122.306114,2025-03-11 03:48:38,4.306240,0.078973,70.241348,4.998779
prototype,47.653132,-122.306114,2025-03-11 03:48:46,4.307536,0.078810,70.718002,4.998779
prototype,47.653132,-122.306114,2025-03-11 03:49:02,4.311590,0.079713,69.859863,4.998779
prototype,47.653132,-122.306114,2025-03-11 03:49:10,4.307532,0.078559,70.432114,4.998779
prototype,47.653132,-122.306114,2025-03-11 03:49:18,4.310251,0.079466,70.622826,4.998779
prototype,47.653132,-122.306114,2025-03-11 03:49:26,4.307536,0.078896,70.145958,4.998779
prototype,47.653132,-122.306114,2025-03-11 03:49:42,4.312929,0.080211,70.146072,4.998779
prototype,47.653132,-122.306114,2025-03-11 03:49:50,4.312929,0.080294,70.622780,4.998779
prototype,47.653132,-122.306114,2025-03-11 03:49:58,4.308915,0.080547,70.241348,4.998779
prototype,47.653132,-122.306114,2025-03-11 03:50:06,4.306197,0.079881,70.813324,4.998779
prototype,47.653132,-122.306114,2025-03-11 03:50:22,4.308912,0.080734,70.527443,4.998779
prototype,47.653132,-122.306114,2025-03-11 03:50:30,4.311590,0.080213,70.241348,4.998779
prototype,47.653132,-122.306114,2025-03-11 03:50:46,4.310251,0.080462,70.718163,4.998779
prototype,47.653132,-122.306114,2025-03-11 03:50:54,4.312888,0.080377,71.098267,4.998779
prototype,47.653132,-122.306114,2025-03-11 03:51:02,4.315650,0.081211,70.432114,4.998779
prototype,47.653132,-122.306114,2025-03-11 03:51:18,4.311590,0.081148,70.622612,4.998779
prototype,47.653132,-122.306114,2025-03-11 03:51:26,4.311633,0.081129,70.336792,4.998779
prototype,47.653132,-122.306114,2025-03-11 03:51:34,4.314311,0.081046,69.859917,4.998779
prototype,47.653132,-122.306114,2025-03-11 03:51:42,4.311590,0.080710,70.527504,4.998779
prototype,47.653132,-122.306114,2025-03-11 03:51:50,4.310214,0.080794,70.241066,4.998779
prototype,47.653132,-122.306114,2025-03-11 03:51:58,4.314268,0.080962,70.146019,4.998779
prototype,47.653132,-122.306114,2025-03-11 03:52:06,4.310210,0.080626,70.527290,4.998779
prototype,47.653132,-122.306114,2025-03-11 03:52:14,4.314311,0.081382,70.241409,4.998779
prototype,47.653132,-122.306114,2025-03-11 03:52:22,4.314311,0.081728,70.527504,4.998779
prototype,47.653132,-122.306114,2025-03-11 03:52:30,4.314311,0.081378,70.622841,4.998779
prototype,47.653132,-122.306114,2025-03-11 03:52:46,4.311590,0.081211,70.622726,4.998779
prototype,47.653132,-122.306114,2025-03-11 03:53:02,4.308915,0.080630,70.432007,4.998779
prototype,47.653132,-122.306114,2025-03-11 03:53:18,4.308915,0.080961,70.527443,4.998779
prototype,47.653132,-122.306114,2025-03-11 03:53:26,4.311590,0.081127,70.241348,4.998779
prototype,47.653132,-122.306114,2025-03-11 03:53:42,4.312972,0.081800,69.955185,4.998779
prototype,47.653132,-122.306114,2025-03-11 03:53:50,4.311590,0.082218,70.432053,4.998779
prototype,47.653132,-122.306114,2025-03-11 03:53:58,4.310251,0.081546,70.527504,4.998779
prototype,47.653132,-122.306114,2025-03-11 03:54:06,4.314268,0.081967,70.241409,4.998779
prototype,47.653132,-122.306114,2025-03-11 03:54:14,4.315610,0.082303,70.336792,4.998779
prototype,47.653132,-122.306114,2025-03-11 03:54:22,4.315650,0.082890,70.432114,4.998779
prototype,47.653132,-122.306114,2025-03-11 03:54:30,4.312929,0.082218,70.241287,4.998779
prototype,47.653132,-122.306114,2025-03-11 03:54:38,4.315650,0.082390,70.527390,4.998779
prototype,47.653132,-122.306114,2025-03-11 03:54:46,4.311549,0.082215,70.432114,4.998779
prototype,47.653132,-122.306114,2025-03-11 03:54:54,4.310254,0.081881,70.146019,4.998779
prototype,47.653132,-122.306114,2025-03-11 03:55:10,4.311590,0.081546,70.718109,4.998779
prototype,47.653132,-122.306114,2025-03-11 03:55:34,4.312972,0.081379,70.432060,4.998779
prototype,47.653132,-122.306114,2025-03-11 03:55:42,4.308915,0.081212,70.908768,4.998779
prototype,47.653132,-122.306114,2025-03-11 03:55:50,4.306197,0.080878,70.717888,4.998779
prototype,47.653132,-122.306114,2025-03-11 03:55:58,4.312972,0.081378,70.718117,4.998779
prototype,47.653132,-122.306114,2025-03-11 03:56:14,4.315650,0.082051,70.241173,4.998779
prototype,47.653132,-122.306114,2025-03-11 03:56:22,4.314268,0.081715,70.336792,4.998779
prototype,47.653132,-122.306114,2025-03-11 03:56:30,4.312929,0.081881,70.622833,4.998779
prototype,47.653132,-122.306114,2025-03-11 03:56:38,4.314268,0.082385,70.336678,4.998779
prototype,47.653132,-122.306114,2025-03-11 03:56:46,4.308912,0.081380,70.622780,4.998779
prototype,47.653132,-122.306114,2025-03-11 03:56:54,4.307532,0.080794,71.003929,4.998779
prototype,47.653132,-122.306114,2025-03-11 03:57:10,4.308875,0.080877,70.241287,4.998779
prototype,47.653132,-122.306114,2025-03-11 03:57:26,4.310251,0.081811,70.336792,4.998779
prototype,47.653132,-122.306114,2025-03-11 03:57:34,4.308915,0.081378,70.145790,4.998779
prototype,47.653132,-122.306114,2025-03-11 03:57:58,4.308871,0.080710,70.432068,4.998779
prototype,47.653132,-122.306114,2025-03-11 03:58:06,4.308871,0.080460,70.432121,4.998779
prototype,47.653132,-122.306114,2025-03-11 03:58:14,4.308912,0.080876,70.622726,4.998779
prototype,47.653132,-122.306114,2025-03-11 03:58:22,4.312932,0.080630,70.336739,4.998779
prototype,47.653132,-122.306114,2025-03-11 03:58:30,4.312929,0.081127,70.241348,4.998779
prototype,47.653132,-122.306114,2025-03-11 03:58:38,4.312929,0.080961,70.146019,4.998779
prototype,47.653132,-122.306114,2025-03-11 03:58:46,4.308912,0.080793,70.527504,4.998779
prototype,47.653132,-122.306114,2025-03-11 03:58:54,4.312929,0.081296,70.813271,4.998779
prototype,47.653132,-122.306114,2025-03-11 03:59:10,4.308871,0.080962,70.336678,4.998779
prototype,47.653132,-122.306114,2025-03-11 03:59:18,4.311590,0.080961,70.050575,4.998779
prototype,47.653132,-122.306114,2025-03-11 03:59:34,4.311590,0.080960,70.241348,4.998779
prototype,47.653132,-122.306114,2025-03-11 03:59:42,4.310251,0.080877,70.241463,4.998779
prototype,47.653132,-122.306114,2025-03-11 03:59:58,4.310297,0.080963,70.527451,4.998779
prototype,47.653132,-122.306114,2025-03-11 04:00:06,4.310214,0.080626,70.146072,4.998779
prototype,47.653132,-122.306114,2025-03-11 04:00:14,4.308875,0.080710,70.431900,4.998779
prototype,47.653132,-122.306114,2025-03-11 04:00:22,4.307532,0.080462,70.432175,4.998779
prototype,47.653132,-122.306114,2025-03-11 04:00:30,4.308871,0.079798,70.527504,4.998779
prototype,47.653132,-122.306114,2025-03-11 04:00:38,4.310251,0.080047,70.336731,4.998779
prototype,47.653132,-122.306114,2025-03-11 04:00:46,4.311590,0.080213,70.718163,4.998779
prototype,47.653132,-122.306114,2025-03-11 04:00:54,4.311590,0.080129,71.478317,4.998779
prototype,47.653132,-122.306114,2025-03-11 04:01:02,4.311590,0.080213,71.003929,4.998779
prototype,47.653132,-122.306114,2025-03-11 04:01:10,4.307536,0.079882,70.717995,4.998779
prototype,47.653132,-122.306114,2025-03-11 04:01:18,4.308871,0.079382,70.145790,4.998779
prototype,47.653132,-122.306114,2025-03-11 04:01:26,4.310210,0.079880,70.146072,4.998779
prototype,47.653132,-122.306114,2025-03-11 04:01:34,4.307536,0.079301,70.146072,4.998779
prototype,47.653132,-122.306114,2025-03-11 04:01:42,4.307579,0.079385,70.718163,4.998779
prototype,47.653132,-122.306114,2025-03-11 04:01:50,4.308871,0.080130,70.241287,4.998779
prototype,47.653132,-122.306114,2025-03-11 04:01:58,4.310251,0.080468,70.432114,4.998779
prototype,47.653132,-122.306114,2025-03-11 04:02:14,4.310251,0.080709,70.622826,4.998779
prototype,47.653132,-122.306114,2025-03-11 04:02:22,4.307579,0.080047,70.527283,4.998779
prototype,47.653132,-122.306114,2025-03-11 04:02:30,4.310210,0.080544,70.336792,4.998779
prototype,47.653132,-122.306114,2025-03-11 04:02:38,4.314268,0.081377,70.336792,4.998779
prototype,47.653132,-122.306114,2025-03-11 04:02:46,4.314268,0.081378,70.527451,4.998779
prototype,47.653132,-122.306114,2025-03-11 04:02:54,4.315610,0.081881,70.622780,4.998779
prototype,47.653132,-122.306114,2025-03-11 04:03:02,4.314311,0.082306,70.718002,4.998779
prototype,47.653132,-122.306114,2025-03-11 04:03:18,4.315650,0.082222,70.336792,4.998779
prototype,47.653132,-122.306114,2025-03-11 04:03:26,4.315650,0.082051,70.432175,4.998779
prototype,47.653132,-122.306114,2025-03-11 04:03:42,4.314311,0.082302,70.718163,4.998779
prototype,47.653132,-122.306114,2025-03-11 04:03:50,4.311590,0.081548,70.622833,4.998779
prototype,47.653132,-122.306114,2025-03-11 04:03:58,4.312929,0.081548,70.241409,4.998779
prototype,47.653132,-122.306114,2025-03-11 04:04:06,4.312929,0.081797,70.050690,4.998779
prototype,47.653132,-122.306114,2025-03-11 04:04:15,4.311590,0.081298,70.241348,4.998779
prototype,47.653132,-122.306114,2025-03-11 04:04:23,4.308871,0.081811,70.336731,4.998779
prototype,47.653132,-122.306114,2025-03-11 04:04:31,4.312929,0.081462,70.718102,4.998779
prototype,47.653132,-122.306114,2025-03-11 04:04:39,4.311593,0.081296,70.718102,4.998779
prototype,47.653132,-122.306114,2025-03-11 04:04:47,4.308871,0.080137,70.336624,4.998779
prototype,47.653132,-122.306114,2025-03-11 04:04:55,4.312972,0.081631,69.955246,4.998779
prototype,47.653132,-122.306114,2025-03-11 04:05:11,4.314311,0.081212,70.241287,4.998779
prototype,47.653132,-122.306114,2025-03-11 04:05:19,4.304861,0.079964,70.527451,4.998779
prototype,47.653132,-122.306114,2025-03-11 04:05:27,4.310251,0.081127,70.336563,4.998779
prototype,47.653132,-122.306114,2025-03-11 04:05:35,4.310210,0.080961,70.527275,4.998779
prototype,47.653132,-122.306114,2025-03-11 04:05:43,4.310210,0.080710,70.241409,4.998779
prototype,47.653132,-122.306114,2025-03-11 04:05:51,4.315610,0.080713,70.336731,4.998779
prototype,47.653132,-122.306114,2025-03-11 04:05:59,4.314268,0.081630,70.336792,4.998779
prototype,47.653132,-122.306114,2025-03-11 04:06:07,4.312929,0.082048,70.432114,4.998779
prototype,47.653132,-122.306114,2025-03-11 04:06:15,4.314268,0.081546,70.146019,4.998779
prototype,47.653132,-122.306114,2025-03-11 04:06:23,4.314268,0.082061,70.432053,4.998779
prototype,47.653132,-122.306114,2025-03-11 04:06:31,4.311590,0.081629,70.241463,4.998779
prototype,47.653132,-122.306114,2025-03-11 04:06:47,4.311633,0.081803,70.336792,4.998779
prototype,47.653132,-122.306114,2025-03-11 04:06:55,4.312972,0.081128,70.908653,4.998779
prototype,47.653132,-122.306114,2025-03-11 04:07:11,4.311549,0.081546,70.718102,4.998779
prototype,47.653132,-122.306114,2025-03-11 04:07:19,4.310210,0.080544,70.241409,4.998779
prototype,47.653132,-122.306114,2025-03-11 04:07:27,4.311590,0.080794,69.955246,4.998779
prototype,47.653132,-122.306114,2025-03-11 04:07:35,4.307536,0.079964,70.622719,4.998779
prototype,47.653132,-122.306114,2025-03-11 04:07:51,4.306240,0.079633,70.432014,4.998779
prototype,47.653132,-122.306114,2025-03-11 04:07:59,4.308871,0.079880,70.336845,4.998779
prototype,47.653132,-122.306114,2025-03-11 04:08:23,4.308871,0.079714,70.241409,4.998779
prototype,47.653132,-122.306114,2025-03-11 04:08:39,4.304861,0.079218,70.813438,4.998779
prototype,47.653132,-122.306114,2025-03-11 04:08:55,4.303525,0.079055,70.718109,4.998779
prototype,47.653132,-122.306114,2025-03-11 04:09:03,4.304861,0.078404,70.336792,4.998779
prototype,47.653132,-122.306114,2025-03-11 04:09:11,4.303525,0.078643,70.813438,4.998779
prototype,47.653132,-122.306114,2025-03-11 04:09:27,4.304861,0.078398,70.527390,4.998779
prototype,47.653132,-122.306114,2025-03-11 04:09:35,4.308871,0.078806,70.718163,4.998779
prototype,47.653132,-122.306114,2025-03-11 04:09:51,4.311590,0.080542,70.241409,4.998779
prototype,47.653132,-122.306114,2025-03-11 04:09:59,4.312929,0.080710,70.336731,4.998779
prototype,47.653132,-122.306114,2025-03-11 04:10:07,4.311590,0.080710,70.908653,4.998779
prototype,47.653132,-122.306114,2025-03-11 04:10:15,4.311590,0.080460,70.527222,4.998779
prototype,47.653132,-122.306114,2025-03-11 04:10:23,4.307532,0.080463,70.336792,4.998779
prototype,47.653132,-122.306114,2025-03-11 04:10:31,4.314268,0.080876,70.241287,4.998779
prototype,47.653132,-122.306114,2025-03-11 04:10:39,4.314271,0.080494,70.432175,4.998779
prototype,47.653132,-122.306114,2025-03-11 04:10:55,4.312929,0.081461,70.050575,4.998779
prototype,47.653132,-122.306114,2025-03-11 04:11:03,4.314271,0.080878,70.241409,4.998779
prototype,47.653132,-122.306114,2025-03-11 04:11:11,4.306200,0.080544,70.622833,4.998779
prototype,47.653132,-122.306114,2025-03-11 04:11:19,4.308912,0.080800,70.527229,4.998779
prototype,47.653132,-122.306114,2025-03-11 04:11:27,4.307579,0.080378,70.813271,4.998779
prototype,47.653132,-122.306114,2025-03-11 04:11:35,4.308912,0.080048,70.622780,4.998779
prototype,47.653132,-122.306114,2025-03-11 04:11:43,4.310210,0.080295,70.622826,4.998779
prototype,47.653132,-122.306114,2025-03-11 04:11:51,4.311633,0.080050,70.908653,4.998779
prototype,47.653132,-122.306114,2025-03-11 04:12:15,4.307576,0.080467,71.097389,4.998779
prototype,47.653132,-122.306114,2025-03-11 04:12:31,4.307536,0.079880,70.241463,4.998779
prototype,47.653132,-122.306114,2025-03-11 04:12:47,4.308915,0.080550,70.527390,4.998779
prototype,47.653132,-122.306114,2025-03-11 04:12:55,4.308915,0.080627,71.099098,4.998779
prototype,47.653132,-122.306114,2025-03-11 04:13:03,4.308871,0.079714,70.241409,4.998779
prototype,47.653132,-122.306114,2025-03-11 04:13:11,4.304861,0.079714,70.527504,4.998779
prototype,47.653132,-122.306114,2025-03-11 04:13:19,4.307532,0.080298,70.622505,4.998779
prototype,47.653132,-122.306114,2025-03-11 04:13:27,4.307536,0.080051,71.003929,4.998779
prototype,47.653132,-122.306114,2025-03-11 04:13:35,4.306240,0.078646,69.955185,4.998779
prototype,47.653132,-122.306114,2025-03-11 04:13:43,4.307576,0.079549,70.527504,4.998779
prototype,47.653132,-122.306114,2025-03-11 04:13:51,4.308871,0.079466,70.336845,4.998779
prototype,47.653132,-122.306114,2025-03-11 04:13:59,4.308912,0.079881,70.718002,4.998779
prototype,47.653132,-122.306114,2025-03-11 04:14:07,4.308915,0.079471,70.432068,4.998779
prototype,47.653132,-122.306114,2025-03-11 04:14:15,4.307576,0.079714,70.432175,4.998779
prototype,47.653132,-122.306114,2025-03-11 04:14:23,4.310297,0.080046,70.622841,4.998779
prototype,47.653132,-122.306114,2025-03-11 04:14:31,4.312972,0.080793,70.527443,4.998779
prototype,47.653132,-122.306114,2025-03-11 04:14:39,4.312929,0.080712,70.432060,4.998779
prototype,47.653132,-122.306114,2025-03-11 04:14:47,4.311590,0.080129,70.336670,4.998779
prototype,47.653132,-122.306114,2025-03-11 04:14:55,4.312929,0.080376,71.003822,4.998779
prototype,47.653132,-122.306114,2025-03-11 04:15:03,4.315650,0.081714,70.432114,4.998779
prototype,47.653132,-122.306114,2025-03-11 04:15:19,4.311590,0.080630,70.241409,4.998779
prototype,47.653132,-122.306114,2025-03-11 04:15:35,4.315650,0.081129,70.527283,4.998779
prototype,47.653132,-122.306114,2025-03-11 04:15:43,4.312929,0.080626,70.241409,4.998779
prototype,47.653132,-122.306114,2025-03-11 04:15:51,4.311590,0.080461,70.432060,4.998779
prototype,47.653132,-122.306114,2025-03-11 04:16:07,4.307576,0.080628,70.527336,4.998779
prototype,47.653132,-122.306114,2025-03-11 04:16:15,4.314268,0.080961,70.241463,4.998779
prototype,47.653132,-122.306114,2025-03-11 04:16:39,4.314311,0.081127,70.813332,4.998779
prototype,47.653132,-122.306114,2025-03-11 04:17:11,4.306200,0.080128,70.622780,4.998779
prototype,47.653132,-122.306114,2025-03-11 04:17:27,4.307576,0.079882,70.527390,4.998779
prototype,47.653132,-122.306114,2025-03-11 04:17:43,4.310251,0.079882,70.527451,4.998779
prototype,47.653132,-122.306114,2025-03-11 04:17:51,4.308912,0.079882,70.432060,4.998779
prototype,47.653132,-122.306114,2025-03-11 04:18:07,4.310210,0.079880,70.908493,4.998779
prototype,47.653132,-122.306114,2025-03-11 04:18:15,4.310251,0.080962,70.336792,4.998779
prototype,47.653132,-122.306114,2025-03-11 04:18:23,4.312972,0.081044,70.622841,4.998779
prototype,47.653132,-122.306114,2025-03-11 04:18:31,4.312929,0.081378,70.813438,4.998779
prototype,47.653132,-122.306114,2025-03-11 04:18:39,4.311590,0.081129,70.527390,4.998779
prototype,47.653132,-122.306114,2025-03-11 04:18:47,4.312929,0.081462,70.336731,4.998779
prototype,47.653132,-122.306114,2025-03-11 04:18:55,4.314268,0.081211,70.431839,4.998779
prototype,47.653132,-122.306114,2025-03-11 04:19:03,4.310251,0.081468,70.718002,4.998779
prototype,47.653132,-122.306114,2025-03-11 04:19:11,4.310210,0.081380,70.908707,4.998779
prototype,47.653132,-122.306114,2025-03-11 04:19:19,4.312929,0.081712,70.527283,4.998779
prototype,47.653132,-122.306114,2025-03-11 04:19:27,4.314311,0.082218,70.336792,4.998779
prototype,47.653132,-122.306114,2025-03-11 04:19:35,4.315650,0.082552,70.622826,4.998779
prototype,47.653132,-122.306114,2025-03-11 04:19:43,4.312972,0.081968,70.336731,4.998779
prototype,47.653132,-122.306114,2025-03-11 04:19:51,4.312932,0.081467,70.432175,4.998779
prototype,47.653132,-122.306114,2025-03-11 04:19:59,4.311590,0.081378,70.336670,4.998779
prototype,47.653132,-122.306114,2025-03-11 04:20:07,4.312972,0.082396,70.146019,4.998779
prototype,47.653132,-122.306114,2025-03-11 04:20:15,4.312929,0.082468,70.622787,4.998779
prototype,47.653132,-122.306114,2025-03-11 04:20:31,4.308915,0.081715,70.146072,4.998779
prototype,47.653132,-122.306114,2025-03-11 04:20:39,4.312929,0.081380,70.432068,4.998779
prototype,47.653132,-122.306114,2025-03-11 04:21:03,4.306197,0.079883,70.527451,4.998779
prototype,47.653132,-122.306114,2025-03-11 04:21:11,4.308915,0.079636,70.527115,4.998779
prototype,47.653132,-122.306114,2025-03-11 04:21:19,4.307532,0.079714,70.050636,4.998779
prototype,47.653132,-122.306114,2025-03-11 04:21:27,4.307579,0.079302,70.432114,4.998779
prototype,47.653132,-122.306114,2025-03-11 04:21:43,4.306240,0.079798,70.718109,4.998779
prototype,47.653132,-122.306114,2025-03-11 04:21:51,4.308871,0.080132,70.336670,4.998779
prototype,47.653132,-122.306114,2025-03-11 04:21:59,4.306240,0.079797,70.622787,4.998779
prototype,47.653132,-122.306114,2025-03-11 04:22:07,4.306240,0.079057,70.622826,4.998779
prototype,47.653132,-122.306114,2025-03-11 04:22:23,4.306197,0.078725,70.717941,4.998779
prototype,47.653132,-122.306114,2025-03-11 04:22:31,4.306197,0.078153,70.432114,4.998779
prototype,47.653132,-122.306114,2025-03-11 04:22:39,4.303485,0.079300,70.622826,4.998779
prototype,47.653132,-122.306114,2025-03-11 04:22:47,4.308912,0.079799,70.622726,4.998779
prototype,47.653132,-122.306114,2025-03-11 04:22:55,4.310294,0.079716,70.336731,4.998779
prototype,47.653132,-122.306114,2025-03-11 04:23:03,4.311590,0.079137,70.431618,4.998779
prototype,47.653132,-122.306114,2025-03-11 04:23:11,4.311590,0.080045,70.527390,4.998779
prototype,47.653132,-122.306114,2025-03-11 04:23:19,4.312929,0.079963,70.718102,4.998779
prototype,47.653132,-122.306114,2025-03-11 04:23:27,4.308915,0.079388,70.432053,4.998779
prototype,47.653132,-122.306114,2025-03-11 04:23:35,4.310254,0.078969,70.527443,4.998779
prototype,47.653132,-122.306114,2025-03-11 04:23:43,4.307576,0.078974,70.718102,4.998779
prototype,47.653132,-122.306114,2025-03-11 04:23:59,4.307576,0.079468,70.336792,4.998779
prototype,47.653132,-122.306114,2025-03-11 04:24:15,4.304904,0.079140,70.432121,4.998779
prototype,47.653132,-122.306114,2025-03-11 04:24:23,4.306200,0.079060,70.527290,4.998779
prototype,47.653132,-122.306114,2025-03-11 04:24:31,4.304861,0.078644,70.527451,4.998779
prototype,47.653132,-122.306114,2025-03-11 04:24:39,4.302189,0.078150,71.478592,4.998779
prototype,47.653132,-122.306114,2025-03-11 04:24:47,4.304861,0.077823,70.336624,4.998779
prototype,47.653132,-122.306114,2025-03-11 04:25:11,4.306197,0.078070,69.859520,4.998779
prototype,47.653132,-122.306114,2025-03-11 04:25:35,4.307536,0.078477,70.527451,4.998779
prototype,47.653132,-122.306114,2025-03-11 04:25:43,4.306197,0.078317,70.527443,4.998779
prototype,47.653132,-122.306114,2025-03-11 04:25:51,4.306197,0.078645,70.622833,4.998779
prototype,47.653132,-122.306114,2025-03-11 04:25:59,4.304861,0.079136,70.336624,4.998779
prototype,47.653132,-122.306114,2025-03-11 04:26:07,4.310251,0.078398,70.527512,4.998779
prototype,47.653132,-122.306114,2025-03-11 04:26:15,4.310210,0.078972,70.718056,4.998779
prototype,47.653132,-122.306114,2025-03-11 04:26:23,4.308875,0.078974,70.527504,4.998779
prototype,47.653132,-122.306114,2025-03-11 04:26:31,4.306197,0.079306,70.718002,4.998779
prototype,47.653132,-122.306114,2025-03-11 04:26:39,4.308912,0.078399,70.432114,4.998779
prototype,47.653132,-122.306114,2025-03-11 04:26:47,4.304861,0.077823,70.717773,4.998779
prototype,47.653132,-122.306114,2025-03-11 04:26:55,4.306197,0.077986,70.813332,4.998779
prototype,47.653132,-122.306114,2025-03-11 04:27:11,4.303525,0.077986,70.527328,4.998779
prototype,47.653132,-122.306114,2025-03-11 04:27:19,4.307532,0.078643,70.813438,4.998779
prototype,47.653132,-122.306114,2025-03-11 04:27:27,4.306240,0.078400,70.718056,4.998779
prototype,47.653132,-122.306114,2025-03-11 04:27:35,4.306197,0.078315,70.622826,4.998779
prototype,47.653132,-122.306114,2025-03-11 04:27:51,4.306240,0.078485,70.622665,4.998779
dummy,69.420,13.37,2025-03-11 04:28:08
prototype,47.653132,-122.306114,2025-03-11 04:28:15,4.307532,0.078642,70.908768,4.998779
prototype,47.653132,-122.306114,2025-03-11 04:28:31,4.311590,0.079549,70.813385,4.998779
prototype,47.653132,-122.306114,2025-03-11 04:28:39,4.311590,0.079550,70.527451,4.998779
prototype,47.653132,-122.306114,2025-03-11 04:28:47,4.307576,0.079055,70.241295,4.998779
prototype,47.653132,-122.306114,2025-03-11 04:28:55,4.310251,0.078726,70.718109,4.998779
prototype,47.653132,-122.306114,2025-03-11 04:29:11,4.304861,0.077986,70.336792,4.998779
prototype,47.653132,-122.306114,2025-03-11 04:29:28,4.306197,0.078150,70.622833,4.998779
prototype,47.653132,-122.306114,2025-03-11 04:29:36,4.303525,0.077986,70.336792,4.998779
prototype,47.653132,-122.306114,2025-03-11 04:29:44,4.307576,0.078150,70.432114,4.998779
prototype,47.653132,-122.306114,2025-03-11 04:29:53,4.306197,0.078068,70.431953,4.998779
prototype,47.653132,-122.306114,2025-03-11 04:30:01,4.304904,0.078069,70.527451,4.998779
prototype,47.653132,-122.306114,2025-03-11 04:30:09,4.304861,0.077658,70.241348,4.998779
prototype,47.653132,-122.306114,2025-03-11 04:30:25,4.302149,0.077740,70.813492,4.998779
prototype,47.653132,-122.306114,2025-03-11 04:30:41,4.303488,0.078066,70.527443,4.998779
prototype,47.653132,-122.306114,2025-03-11 04:30:57,4.304861,0.078723,70.622780,4.998779
prototype,47.653132,-122.306114,2025-03-11 04:31:05,4.308871,0.078479,71.002884,4.998779
prototype,47.653132,-122.306114,2025-03-11 04:31:13,4.307536,0.079139,70.622780,4.998779
prototype,47.653132,-122.306114,2025-03-11 04:31:21,4.306197,0.078480,70.527390,4.998779
prototype,47.653132,-122.306114,2025-03-11 04:31:29,4.310254,0.079550,70.622719,4.998779
prototype,47.653132,-122.306114,2025-03-11 04:31:45,4.307536,0.078973,70.718109,4.998779
prototype,47.653132,-122.306114,2025-03-11 04:31:53,4.308912,0.079548,71.003822,4.998779
prototype,47.653132,-122.306114,2025-03-11 04:32:01,4.308871,0.079551,70.432060,4.998779
prototype,47.653132,-122.306114,2025-03-11 04:32:09,4.308915,0.079221,70.622505,4.998779
prototype,47.653132,-122.306114,2025-03-11 04:32:17,4.307576,0.078644,70.241409,4.998779
prototype,47.653132,-122.306114,2025-03-11 04:32:25,4.304861,0.078479,70.718163,4.998779
prototype,47.653132,-122.306114,2025-03-11 04:32:33,4.303525,0.078068,70.432175,4.998779
prototype,47.653132,-122.306114,2025-03-11 04:32:57,4.304861,0.078314,70.336731,4.998779
prototype,47.653132,-122.306114,2025-03-11 04:33:05,4.307532,0.078068,70.241409,4.998779
prototype,47.653132,-122.306114,2025-03-11 04:33:13,4.304904,0.077825,70.432053,4.998779
prototype,47.653132,-122.306114,2025-03-11 04:33:21,4.304861,0.077741,70.622833,4.998779
prototype,47.653132,-122.306114,2025-03-11 04:33:29,4.302189,0.077661,70.336792,4.998779
prototype,47.653132,-122.306114,2025-03-11 04:33:37,4.303525,0.077664,70.432175,4.998779
prototype,47.653132,-122.306114,2025-03-11 04:33:45,4.304861,0.077822,70.622726,4.998779
prototype,47.653132,-122.306114,2025-03-11 04:33:53,4.304861,0.077658,70.527443,4.998779
prototype,47.653132,-122.306114,2025-03-11 04:34:01,4.304864,0.077173,70.336685,4.998779
prototype,47.653132,-122.306114,2025-03-11 04:34:09,4.306197,0.077905,70.432114,4.998779
prototype,47.653132,-122.306114,2025-03-11 04:34:17,4.307496,0.077658,71.099205,4.998779
prototype,47.653132,-122.306114,2025-03-11 04:34:25,4.303525,0.077660,70.241409,4.998779
prototype,47.653132,-122.306114,2025-03-11 04:34:33,4.306197,0.077414,70.527390,4.998779
prototype,47.653132,-122.306114,2025-03-11 04:34:41,4.308915,0.077253,70.718163,4.998779
prototype,47.653132,-122.306114,2025-03-11 04:34:49,4.306200,0.077496,70.336792,4.998779
prototype,47.653132,-122.306114,2025-03-11 04:34:57,4.307576,0.077905,70.718109,4.998779
prototype,47.653132,-122.306114,2025-03-11 04:35:05,4.306197,0.077903,70.527390,4.998779
prototype,47.653132,-122.306114,2025-03-11 04:35:13,4.303568,0.077823,70.622826,4.998779
prototype,47.653132,-122.306114,2025-03-11 04:35:29,4.302189,0.076927,71.003929,4.998779
prototype,47.653132,-122.306114,2025-03-11 04:35:37,4.306197,0.077334,70.718163,4.998779
prototype,47.653132,-122.306114,2025-03-11 04:35:45,4.303525,0.077340,70.527336,4.998779
prototype,47.653132,-122.306114,2025-03-11 04:35:53,4.303525,0.077090,70.527229,4.998779
prototype,47.653132,-122.306114,2025-03-11 04:36:01,4.303525,0.076602,70.622841,4.998779
prototype,47.653132,-122.306114,2025-03-11 04:36:09,4.304904,0.076845,70.432114,4.998779
prototype,47.653132,-122.306114,2025-03-11 04:36:17,4.303525,0.076849,70.432068,4.998779
prototype,47.653132,-122.306114,2025-03-11 04:36:25,4.304861,0.076846,70.717995,4.998779
prototype,47.653132,-122.306114,2025-03-11 04:36:33,4.307576,0.077334,70.432175,4.998779
prototype,47.653132,-122.306114,2025-03-11 04:36:49,4.304861,0.077418,70.622780,4.998779
prototype,47.653132,-122.306114,2025-03-11 04:36:57,4.303525,0.076847,70.813377,4.998779
prototype,47.653132,-122.306114,2025-03-11 04:37:05,4.303525,0.077499,70.432114,4.998779
prototype,47.653132,-122.306114,2025-03-11 04:37:13,4.307532,0.077495,70.527504,4.998779
prototype,47.653132,-122.306114,2025-03-11 04:37:21,4.302189,0.076845,70.432114,4.998779
prototype,47.653132,-122.306114,2025-03-11 04:37:29,4.306240,0.077173,71.003983,4.998779
prototype,47.653132,-122.306114,2025-03-11 04:37:37,4.306197,0.077827,70.241409,4.998779
prototype,47.653132,-122.306114,2025-03-11 04:38:01,4.307532,0.078151,70.813438,4.998779
prototype,47.653132,-122.306114,2025-03-11 04:38:17,4.303525,0.077415,70.718102,4.998779
prototype,47.653132,-122.306114,2025-03-11 04:38:25,4.310251,0.077822,70.336731,4.998779
prototype,47.653132,-122.306114,2025-03-11 04:38:33,4.307532,0.078482,70.622719,4.998779
prototype,47.653132,-122.306114,2025-03-11 04:38:41,4.306240,0.077823,70.908707,4.998779
prototype,47.653132,-122.306114,2025-03-11 04:38:49,4.306197,0.077986,71.479248,4.998779
prototype,47.653132,-122.306114,2025-03-11 04:39:05,4.304861,0.077741,70.527512,4.998779
prototype,47.653132,-122.306114,2025-03-11 04:39:21,4.308915,0.078150,70.527451,4.998779
prototype,47.653132,-122.306114,2025-03-11 04:39:29,4.307536,0.078232,70.908768,4.998779
prototype,47.653132,-122.306114,2025-03-11 04:39:37,4.307576,0.078235,71.194473,4.998779
prototype,47.653132,-122.306114,2025-03-11 04:39:53,4.302149,0.077088,71.099258,4.998779
prototype,47.653132,-122.306114,2025-03-11 04:40:01,4.306197,0.077822,70.813271,4.998779
prototype,47.653132,-122.306114,2025-03-11 04:40:09,4.304861,0.077577,70.336731,4.998779
prototype,47.653132,-122.306114,2025-03-11 04:40:17,4.307536,0.077986,70.527328,4.998779
prototype,47.653132,-122.306114,2025-03-11 04:40:25,4.310251,0.078562,71.003815,4.998779
prototype,47.653132,-122.306114,2025-03-11 04:40:33,4.312929,0.078643,70.622833,4.998779
prototype,47.653132,-122.306114,2025-03-11 04:40:41,4.312929,0.078810,70.336731,4.998779
prototype,47.653132,-122.306114,2025-03-11 04:40:49,4.306240,0.078977,70.241463,4.998779
prototype,47.653132,-122.306114,2025-03-11 04:40:57,4.307576,0.078314,70.622726,4.998779
prototype,47.653132,-122.306114,2025-03-11 04:41:13,4.306240,0.078150,71.003929,4.998779
prototype,47.653132,-122.306114,2025-03-11 04:41:21,4.306197,0.078150,70.432121,4.998779
prototype,47.653132,-122.306114,2025-03-11 04:41:29,4.311590,0.077578,70.527390,4.998779
prototype,47.653132,-122.306114,2025-03-11 04:41:37,4.307536,0.077660,70.718163,4.998779
prototype,47.653132,-122.306114,2025-03-11 04:41:45,4.303525,0.077741,70.718163,4.998779
prototype,47.653132,-122.306114,2025-03-11 04:42:01,4.303485,0.076601,70.146019,4.998779
prototype,47.653132,-122.306114,2025-03-11 04:42:09,4.302149,0.076600,70.622780,4.998779
prototype,47.653132,-122.306114,2025-03-11 04:42:25,4.307532,0.077904,71.003822,4.998779
prototype,47.653132,-122.306114,2025-03-11 04:42:33,4.307576,0.077987,70.432114,4.998779
prototype,47.653132,-122.306114,2025-03-11 04:42:41,4.304861,0.077822,70.527390,4.998779
prototype,47.653132,-122.306114,2025-03-11 04:42:49,4.307532,0.077986,70.908653,4.998779
prototype,47.653132,-122.306114,2025-03-11 04:42:57,4.304861,0.077578,70.813438,4.998779
prototype,47.653132,-122.306114,2025-03-11 04:43:13,4.304861,0.077091,70.432114,4.998779
prototype,47.653132,-122.306114,2025-03-11 04:43:21,4.304821,0.077087,70.432114,4.998779
prototype,47.653132,-122.306114,2025-03-11 04:43:29,4.304861,0.077332,70.527504,4.998779
prototype,47.653132,-122.306114,2025-03-11 04:43:37,4.303525,0.077169,70.622780,4.998779
prototype,47.653132,-122.306114,2025-03-11 04:43:45,4.304904,0.076606,71.099152,4.998779
prototype,47.653132,-122.306114,2025-03-11 04:43:53,4.302189,0.076601,70.718163,4.998779
prototype,47.653132,-122.306114,2025-03-11 04:44:09,4.303525,0.076116,70.336731,4.998779
prototype,47.653132,-122.306114,2025-03-11 04:44:17,4.303485,0.075952,70.622719,4.998779
prototype,47.653132,-122.306114,2025-03-11 04:44:25,4.302189,0.075310,70.908607,4.998779
prototype,47.653132,-122.306114,2025-03-11 04:44:33,4.302189,0.075230,70.908600,4.998779
prototype,47.653132,-122.306114,2025-03-11 04:44:41,4.302189,0.076034,71.003929,4.998779
prototype,47.653132,-122.306114,2025-03-11 04:44:49,4.303525,0.076115,70.908653,4.998779
prototype,47.653132,-122.306114,2025-03-11 04:44:57,4.304861,0.076522,70.813271,4.998779
prototype,47.653132,-122.306114,2025-03-11 04:45:05,4.306200,0.076601,71.003929,4.998779
prototype,47.653132,-122.306114,2025-03-11 04:45:13,4.303525,0.076277,70.527504,4.998779
prototype,47.653132,-122.306114,2025-03-11 04:45:21,4.308912,0.076359,70.908707,4.998779
prototype,47.653132,-122.306114,2025-03-11 04:45:37,4.302149,0.076519,70.622604,4.998779
prototype,47.653132,-122.306114,2025-03-11 04:45:45,4.302189,0.076925,70.908546,4.998779
prototype,47.653132,-122.306114,2025-03-11 04:45:53,4.302149,0.076278,69.954514,4.998779
prototype,47.653132,-122.306114,2025-03-11 04:46:09,4.308912,0.077414,70.718056,4.998779
prototype,47.653132,-122.306114,2025-03-11 04:46:17,4.306240,0.077987,70.432114,4.998779
prototype,47.653132,-122.306114,2025-03-11 04:46:25,4.307536,0.077496,70.527451,4.998779
prototype,47.653132,-122.306114,2025-03-11 04:46:33,4.308915,0.078234,70.717941,4.998779
prototype,47.653132,-122.306114,2025-03-11 04:46:41,4.311590,0.078728,70.432060,4.998779
prototype,47.653132,-122.306114,2025-03-11 04:46:49,4.311549,0.078975,70.146019,4.998779
prototype,47.653132,-122.306114,2025-03-11 04:46:57,4.314311,0.078642,70.622833,4.998779
prototype,47.653132,-122.306114,2025-03-11 04:47:05,4.311593,0.078646,70.527504,4.998779
prototype,47.653132,-122.306114,2025-03-11 04:47:21,4.308871,0.078729,70.527451,4.998779
prototype,47.653132,-122.306114,2025-03-11 04:47:37,4.303525,0.077823,70.622826,4.998779
prototype,47.653132,-122.306114,2025-03-11 04:47:45,4.303525,0.077905,70.622719,4.998779
prototype,47.653132,-122.306114,2025-03-11 04:48:09,4.302149,0.076766,70.527451,4.998779
prototype,47.653132,-122.306114,2025-03-11 04:48:17,4.302189,0.076926,71.003937,4.998779
prototype,47.653132,-122.306114,2025-03-11 04:48:25,4.306197,0.077089,70.908768,4.998779
prototype,47.653132,-122.306114,2025-03-11 04:48:33,4.304861,0.077659,70.813316,4.998779
prototype,47.653132,-122.306114,2025-03-11 04:48:57,4.310251,0.078068,70.813332,4.998779
prototype,47.653132,-122.306114,2025-03-11 04:49:05,4.310251,0.078480,70.622612,4.998779
prototype,47.653132,-122.306114,2025-03-11 04:49:13,4.307532,0.078150,70.717941,4.998779
prototype,47.653132,-122.306114,2025-03-11 04:49:21,4.306197,0.077577,70.145790,4.998779
prototype,47.653132,-122.306114,2025-03-11 04:49:29,4.307532,0.077578,70.527443,4.998779
prototype,47.653132,-122.306114,2025-03-11 04:49:37,4.307532,0.077660,70.813271,4.998779
prototype,47.653132,-122.306114,2025-03-11 04:49:45,4.300856,0.076685,71.954308,4.998779
prototype,47.653132,-122.306114,2025-03-11 04:49:53,4.302189,0.077170,71.099197,4.998779
prototype,47.653132,-122.306114,2025-03-11 04:50:09,4.303485,0.076845,70.718002,4.998779
prototype,47.653132,-122.306114,2025-03-11 04:50:17,4.303525,0.077088,70.622780,4.998779
prototype,47.653132,-122.306114,2025-03-11 04:50:25,4.303525,0.077334,71.003929,4.998779
prototype,47.653132,-122.306114,2025-03-11 04:50:33,4.306240,0.077415,71.003929,4.998779
prototype,47.653132,-122.306114,2025-03-11 04:50:41,4.310210,0.077823,70.718056,4.998779
prototype,47.653132,-122.306114,2025-03-11 04:50:49,4.308912,0.078313,70.432053,4.998779
prototype,47.653132,-122.306114,2025-03-11 04:50:57,4.307532,0.078231,70.908546,4.998779
prototype,47.653132,-122.306114,2025-03-11 04:51:21,4.307532,0.078314,70.432114,4.998779
prototype,47.653132,-122.306114,2025-03-11 04:51:29,4.308871,0.078974,70.622841,4.998779
prototype,47.653132,-122.306114,2025-03-11 04:51:37,4.307532,0.078561,70.718109,4.998779
prototype,47.653132,-122.306114,2025-03-11 04:51:45,4.306240,0.077986,70.718002,4.998779
prototype,47.653132,-122.306114,2025-03-11 04:51:53,4.306240,0.078644,70.241409,4.998779
prototype,47.653132,-122.306114,2025-03-11 04:52:09,4.306197,0.078232,70.527390,4.998779
prototype,47.653132,-122.306114,2025-03-11 04:52:17,4.307532,0.077986,70.432114,4.998779
prototype,47.653132,-122.306114,2025-03-11 04:52:25,4.304861,0.078403,70.718102,4.998779
prototype,47.653132,-122.306114,2025-03-11 04:52:41,4.306240,0.077578,70.813438,4.998779
prototype,47.653132,-122.306114,2025-03-11 04:52:49,4.308871,0.077986,71.099197,4.998779
prototype,47.653132,-122.306114,2025-03-11 04:52:57,4.306200,0.078066,70.622780,4.998779
prototype,47.653132,-122.306114,2025-03-11 04:53:05,4.308915,0.078068,70.718163,4.998779
prototype,47.653132,-122.306114,2025-03-11 04:53:13,4.307579,0.078068,71.003929,4.998779
prototype,47.653132,-122.306114,2025-03-11 04:53:21,4.303525,0.077661,70.813438,4.998779
prototype,47.653132,-122.306114,2025-03-11 04:53:45,4.304861,0.077658,70.908768,4.998779
prototype,47.653132,-122.306114,2025-03-11 04:53:53,4.303525,0.077660,70.908653,4.998779
prototype,47.653132,-122.306114,2025-03-11 04:54:09,4.303525,0.076441,70.432053,4.998779
prototype,47.653132,-122.306114,2025-03-11 04:54:17,4.307579,0.077741,70.813431,4.998779
prototype,47.653132,-122.306114,2025-03-11 04:54:25,4.307536,0.078313,70.432114,4.998779
prototype,47.653132,-122.306114,2025-03-11 04:54:33,4.307536,0.077834,70.622726,4.998779
prototype,47.653132,-122.306114,2025-03-11 04:54:42,4.310254,0.079631,70.622559,4.998779
prototype,47.653132,-122.306114,2025-03-11 04:54:58,4.311590,0.079384,70.813217,4.998779
prototype,47.653132,-122.306114,2025-03-11 04:55:14,4.308912,0.079137,70.622826,4.998779
prototype,47.653132,-122.306114,2025-03-11 04:55:22,4.311590,0.079384,69.955078,4.998779
prototype,47.653132,-122.306114,2025-03-11 04:55:38,4.312972,0.080793,70.813385,4.998779
prototype,47.653132,-122.306114,2025-03-11 04:55:46,4.311590,0.080460,70.908440,4.998779
prototype,47.653132,-122.306114,2025-03-11 04:56:02,4.314268,0.080876,70.432007,4.998779
prototype,47.653132,-122.306114,2025-03-11 04:56:10,4.308915,0.079550,70.527504,4.998779
prototype,47.653132,-122.306114,2025-03-11 04:56:18,4.308871,0.079633,71.382828,4.998779
prototype,47.653132,-122.306114,2025-03-11 04:56:50,4.306197,0.077905,70.241409,4.998779
prototype,47.653132,-122.306114,2025-03-11 04:56:58,4.308875,0.077669,70.431900,4.998779
prototype,47.653132,-122.306114,2025-03-11 04:57:06,4.307532,0.078398,70.622833,4.998779
prototype,47.653132,-122.306114,2025-03-11 04:57:30,4.307536,0.078150,70.241409,4.998779
prototype,47.653132,-122.306114,2025-03-11 04:57:38,4.303525,0.077823,70.527504,4.998779
prototype,47.653132,-122.306114,2025-03-11 04:57:54,4.303485,0.078151,70.336739,4.998779
prototype,47.653132,-122.306114,2025-03-11 04:58:10,4.303525,0.077253,70.622826,4.998779
prototype,47.653132,-122.306114,2025-03-11 04:58:18,4.308918,0.078068,70.718117,4.998779
prototype,47.653132,-122.306114,2025-03-11 04:58:26,4.306197,0.077986,70.241409,4.998779
prototype,47.653132,-122.306114,2025-03-11 04:58:34,4.307532,0.077414,70.813438,4.998779
prototype,47.653132,-122.306114,2025-03-11 04:58:42,4.304861,0.077829,71.003929,4.998779
prototype,47.653132,-122.306114,2025-03-11 04:58:58,4.306197,0.078232,70.813438,4.998779
prototype,47.653132,-122.306114,2025-03-11 04:59:06,4.307532,0.077496,70.812439,4.998779
prototype,47.653132,-122.306114,2025-03-11 04:59:14,4.303525,0.077253,70.813438,4.998779
prototype,47.653132,-122.306114,2025-03-11 04:59:22,4.302189,0.077089,70.622665,4.998779
prototype,47.653132,-122.306114,2025-03-11 04:59:30,4.303528,0.077008,70.813438,4.998779
prototype,47.653132,-122.306114,2025-03-11 04:59:38,4.307532,0.077659,70.431900,4.998779
prototype,47.653132,-122.306114,2025-03-11 05:00:02,4.307576,0.078155,70.527504,4.998779
prototype,47.653132,-122.306114,2025-03-11 05:00:18,4.310251,0.078317,70.432053,4.998779
prototype,47.653132,-122.306114,2025-03-11 05:00:26,4.303525,0.077578,70.432007,4.998779
prototype,47.653132,-122.306114,2025-03-11 05:00:34,4.302189,0.077986,70.718056,4.998779
prototype,47.653132,-122.306114,2025-03-11 05:00:50,4.303525,0.077660,70.718102,4.998779
prototype,47.653132,-122.306114,2025-03-11 05:00:58,4.303525,0.077748,70.336739,4.998779
prototype,47.653132,-122.306114,2025-03-11 05:01:06,4.306197,0.078068,70.622841,4.998779
prototype,47.653132,-122.306114,2025-03-11 05:01:22,4.304861,0.077415,70.336792,4.998779
prototype,47.653132,-122.306114,2025-03-11 05:01:30,4.306197,0.077252,70.241409,4.998779
prototype,47.653132,-122.306114,2025-03-11 05:01:38,4.302149,0.077169,70.336845,4.998779
prototype,47.653132,-122.306114,2025-03-11 05:01:54,4.302189,0.076034,70.622780,4.998779
prototype,47.653132,-122.306114,2025-03-11 05:02:02,4.302189,0.076765,70.813217,4.998779
prototype,47.653132,-122.306114,2025-03-11 05:02:10,4.308912,0.076527,70.241287,4.998779
prototype,47.653132,-122.306114,2025-03-11 05:02:18,4.303525,0.076766,71.004044,4.998779
prototype,47.653132,-122.306114,2025-03-11 05:02:26,4.302149,0.076520,71.099098,4.998779
prototype,47.653132,-122.306114,2025-03-11 05:02:34,4.303525,0.076846,71.669357,4.998779
prototype,47.653132,-122.306114,2025-03-11 05:02:50,4.308871,0.077414,70.527443,4.998779
prototype,47.653132,-122.306114,2025-03-11 05:02:58,4.307532,0.077414,70.622826,4.998779
prototype,47.653132,-122.306114,2025-03-11 05:03:06,4.306240,0.077172,70.146019,4.998779
prototype,47.653132,-122.306114,2025-03-11 05:03:14,4.304861,0.076605,70.622719,4.998779
prototype,47.653132,-122.306114,2025-03-11 05:03:22,4.304861,0.077008,70.527443,4.998779
prototype,47.653132,-122.306114,2025-03-11 05:03:30,4.307532,0.077252,70.336731,4.998779
prototype,47.653132,-122.306114,2025-03-11 05:03:38,4.302149,0.077087,70.717941,4.998779
prototype,47.653132,-122.306114,2025-03-11 05:03:46,4.306240,0.077417,70.527451,4.998779
prototype,47.653132,-122.306114,2025-03-11 05:03:54,4.306240,0.077497,70.718056,4.998779
prototype,47.653132,-122.306114,2025-03-11 05:04:02,4.303525,0.077415,70.622551,4.998779
prototype,47.653132,-122.306114,2025-03-11 05:04:10,4.307532,0.077741,70.622833,4.998779
prototype,47.653132,-122.306114,2025-03-11 05:04:26,4.303525,0.076925,70.527504,4.998779
prototype,47.653132,-122.306114,2025-03-11 05:04:34,4.306240,0.077252,71.003983,4.998779
prototype,47.653132,-122.306114,2025-03-11 05:04:42,4.304861,0.077415,70.622559,4.998779
prototype,47.653132,-122.306114,2025-03-11 05:04:50,4.303525,0.077664,70.622826,4.998779
prototype,47.653132,-122.306114,2025-03-11 05:05:06,4.302189,0.076522,70.813377,4.998779
prototype,47.653132,-122.306114,2025-03-11 05:05:22,4.303525,0.076600,70.718056,4.998779
prototype,47.653132,-122.306114,2025-03-11 05:05:38,4.306197,0.077088,70.432175,4.998779
prototype,47.653132,-122.306114,2025-03-11 05:05:46,4.306197,0.077497,70.527451,4.998779
prototype,47.653132,-122.306114,2025-03-11 05:05:54,4.306240,0.077741,70.717888,4.998779
prototype,47.653132,-122.306114,2025-03-11 05:06:02,4.303525,0.077581,70.527443,4.998779
prototype,47.653132,-122.306114,2025-03-11 05:06:10,4.306240,0.077007,70.622612,4.998779
prototype,47.653132,-122.306114,2025-03-11 05:06:26,4.307536,0.077660,71.099312,4.998779
prototype,47.653132,-122.306114,2025-03-11 05:06:34,4.303525,0.077088,70.908432,4.998779
prototype,47.653132,-122.306114,2025-03-11 05:06:42,4.304861,0.076197,70.336731,4.998779
prototype,47.653132,-122.306114,2025-03-11 05:06:50,4.303568,0.076115,70.527504,4.998779
prototype,47.653132,-122.306114,2025-03-11 05:06:58,4.303525,0.076278,71.003929,4.998779
prototype,47.653132,-122.306114,2025-03-11 05:07:06,4.303525,0.077089,71.099205,4.998779
prototype,47.653132,-122.306114,2025-03-11 05:07:22,4.308871,0.076604,70.813377,4.998779
prototype,47.653132,-122.306114,2025-03-11 05:07:30,4.306197,0.076682,70.622841,4.998779
prototype,47.653132,-122.306114,2025-03-11 05:07:38,4.307532,0.077496,70.527229,4.998779
prototype,47.653132,-122.306114,2025-03-11 05:07:46,4.304861,0.077254,71.099144,4.998779
prototype,47.653132,-122.306114,2025-03-11 05:08:02,4.307536,0.077251,70.432014,4.998779
prototype,47.653132,-122.306114,2025-03-11 05:08:10,4.308912,0.077986,70.622826,4.998779
prototype,47.653132,-122.306114,2025-03-11 05:08:26,4.310251,0.078973,70.622604,4.998779
prototype,47.653132,-122.306114,2025-03-11 05:08:34,4.312929,0.079469,70.622780,4.998779
prototype,47.653132,-122.306114,2025-03-11 05:08:42,4.311590,0.079549,70.622719,4.998779
prototype,47.653132,-122.306114,2025-03-11 05:08:50,4.314311,0.079469,70.527451,4.998779
prototype,47.653132,-122.306114,2025-03-11 05:08:58,4.307576,0.079063,70.908325,4.998779
prototype,47.653132,-122.306114,2025-03-11 05:09:06,4.308912,0.078648,71.099205,4.998779
prototype,47.653132,-122.306114,2025-03-11 05:09:14,4.304861,0.077904,70.622726,4.998779
prototype,47.653132,-122.306114,2025-03-11 05:09:22,4.310251,0.078561,70.813377,4.998779
prototype,47.653132,-122.306114,2025-03-11 05:09:30,4.308871,0.078395,70.432175,4.998779
prototype,47.653132,-122.306114,2025-03-11 05:09:38,4.307532,0.078232,70.908714,4.998779
prototype,47.653132,-122.306114,2025-03-11 05:09:54,4.308912,0.078233,70.432114,4.998779
prototype,47.653132,-122.306114,2025-03-11 05:10:02,4.308875,0.078807,70.241287,4.998779
prototype,47.653132,-122.306114,2025-03-11 05:10:10,4.312929,0.079632,70.432114,4.998779
prototype,47.653132,-122.306114,2025-03-11 05:10:18,4.311590,0.079300,70.718102,4.998779
prototype,47.653132,-122.306114,2025-03-11 05:10:26,4.311590,0.079218,70.622826,4.998779
prototype,47.653132,-122.306114,2025-03-11 05:10:34,4.308915,0.079226,70.527451,4.998779
prototype,47.653132,-122.306114,2025-03-11 05:10:42,4.308871,0.078643,71.099045,4.998779
prototype,47.653132,-122.306114,2025-03-11 05:11:46,4.308871,0.077986,70.622841,4.998779
prototype,47.653132,-122.306114,2025-03-11 05:11:54,4.303525,0.077825,70.908768,4.998779
prototype,47.653132,-122.306114,2025-03-11 05:12:10,4.308871,0.077498,70.527222,4.998779
prototype,47.653132,-122.306114,2025-03-11 05:12:50,4.311590,0.079223,70.718056,4.998779
prototype,47.653132,-122.306114,2025-03-11 05:12:58,4.306240,0.078174,70.432068,4.998779
prototype,47.653132,-122.306114,2025-03-11 05:13:06,4.306197,0.078232,70.813217,4.998779
prototype,47.653132,-122.306114,2025-03-11 05:13:14,4.303525,0.077497,70.717941,4.998779
prototype,47.653132,-122.306114,2025-03-11 05:13:22,4.300813,0.077088,71.003929,4.998779
prototype,47.653132,-122.306114,2025-03-11 05:13:30,4.303525,0.077577,71.099258,4.998779
prototype,47.653132,-122.306114,2025-03-11 05:13:38,4.308871,0.078232,70.527443,4.998779
prototype,47.653132,-122.306114,2025-03-11 05:13:54,4.312972,0.079057,71.194534,4.998779
prototype,47.653132,-122.306114,2025-03-11 05:14:10,4.307532,0.078562,70.908768,4.998779
prototype,47.653132,-122.306114,2025-03-11 05:14:18,4.311590,0.078313,70.908607,4.998779
prototype,47.653132,-122.306114,2025-03-11 05:14:26,4.304861,0.077905,70.527443,4.998779
prototype,47.653132,-122.306114,2025-03-11 05:14:34,4.304861,0.077582,70.336678,4.998779
prototype,47.653132,-122.306114,2025-03-11 05:14:42,4.306197,0.077741,70.336678,4.998779
prototype,47.653132,-122.306114,2025-03-11 05:15:06,4.311549,0.079303,70.622780,4.998779
prototype,47.653132,-122.306114,2025-03-11 05:15:14,4.310251,0.078153,70.336731,4.998779
prototype,47.653132,-122.306114,2025-03-11 05:15:30,4.308912,0.078395,71.479813,4.998779
prototype,47.653132,-122.306114,2025-03-11 05:15:47,4.310251,0.079056,70.717941,4.998779
prototype,47.653132,-122.306114,2025-03-11 05:16:03,4.310251,0.078726,70.527390,4.998779
prototype,47.653132,-122.306114,2025-03-11 05:16:19,4.311633,0.078647,70.622780,4.998779
prototype,47.653132,-122.306114,2025-03-11 05:16:35,4.311590,0.079631,70.908607,4.998779
prototype,47.653132,-122.306114,2025-03-11 05:16:59,4.312929,0.079797,70.718056,4.998779
prototype,47.653132,-122.306114,2025-03-11 05:17:15,4.312929,0.079385,70.527443,4.998779
prototype,47.653132,-122.306114,2025-03-11 05:17:23,4.312929,0.079549,70.336731,4.998779
prototype,47.653132,-122.306114,2025-03-11 05:17:31,4.307532,0.078235,70.432007,4.998779
prototype,47.653132,-122.306114,2025-03-11 05:17:39,4.306197,0.078726,70.527451,4.998779
prototype,47.653132,-122.306114,2025-03-11 05:18:11,4.310251,0.078977,70.718117,4.998779
prototype,47.653132,-122.306114,2025-03-11 05:18:19,4.312929,0.079632,70.908714,4.998779
prototype,47.653132,-122.306114,2025-03-11 05:18:27,4.315650,0.079466,70.813217,4.998779
prototype,47.653132,-122.306114,2025-03-11 05:18:35,4.312929,0.079881,71.099258,4.998779
prototype,47.653132,-122.306114,2025-03-11 05:18:43,4.311590,0.078889,71.003929,4.998779
prototype,47.653132,-122.306114,2025-03-11 05:18:51,4.311590,0.079136,70.908653,4.998779
prototype,47.653132,-122.306114,2025-03-11 05:18:59,4.307532,0.078316,70.813271,4.998779
prototype,47.653132,-122.306114,2025-03-11 05:19:07,4.308912,0.078153,70.431847,4.998779
prototype,47.653132,-122.306114,2025-03-11 05:19:23,4.304821,0.077986,71.194473,4.998779
prototype,47.653132,-122.306114,2025-03-11 05:19:39,4.306197,0.078232,70.527451,4.998779
prototype,47.653132,-122.306114,2025-03-11 05:19:47,4.307576,0.077742,71.099098,4.998779
prototype,47.653132,-122.306114,2025-03-11 05:19:55,4.308915,0.077986,70.718056,4.998779
prototype,47.653132,-122.306114,2025-03-11 05:20:19,4.304861,0.077414,70.908607,4.998779
prototype,47.653132,-122.306114,2025-03-11 05:20:27,4.306197,0.077171,71.384918,4.998779
prototype,47.653132,-122.306114,2025-03-11 05:20:43,4.311590,0.080651,70.622726,4.998779
prototype,47.653132,-122.306114,2025-03-11 05:20:51,4.315650,0.079714,70.718109,4.998779
prototype,47.653132,-122.306114,2025-03-11 05:20:59,4.312932,0.078564,70.718102,4.998779
prototype,47.653132,-122.306114,2025-03-11 05:21:07,4.310251,0.078972,71.003929,4.998779
prototype,47.653132,-122.306114,2025-03-11 05:21:23,4.306197,0.078397,71.003929,4.998779
prototype,47.653132,-122.306114,2025-03-11 05:21:31,4.311593,0.079052,70.908607,4.998779
prototype,47.653132,-122.306114,2025-03-11 05:21:47,4.304904,0.077741,71.099319,4.998779
prototype,47.653132,-122.306114,2025-03-11 05:21:55,4.304861,0.077740,71.099098,4.998779
prototype,47.653132,-122.306114,2025-03-11 05:22:03,4.308915,0.078316,70.622780,4.998779
prototype,47.653132,-122.306114,2025-03-11 05:22:11,4.311590,0.077986,70.622726,4.998779
prototype,47.653132,-122.306114,2025-03-11 05:22:19,4.307536,0.078150,70.622826,4.998779
prototype,47.653132,-122.306114,2025-03-11 05:22:43,4.306197,0.077090,70.718102,4.998779
prototype,47.653132,-122.306114,2025-03-11 05:22:52,4.307576,0.077578,71.099205,4.998779
prototype,47.653132,-122.306114,2025-03-11 05:23:08,4.311590,0.077659,70.622841,4.998779
prototype,47.653132,-122.306114,2025-03-11 05:23:16,4.307536,0.078396,70.908768,4.998779
prototype,47.653132,-122.306114,2025-03-11 05:23:24,4.310251,0.078643,70.718163,4.998779
prototype,47.653132,-122.306114,2025-03-11 05:23:32,4.310251,0.078725,70.527504,4.998779
prototype,47.653132,-122.306114,2025-03-11 05:23:40,4.312932,0.077991,70.908707,4.998779
prototype,47.653132,-122.306114,2025-03-11 05:23:48,4.308915,0.078152,70.432007,4.998779
prototype,47.653132,-122.306114,2025-03-11 05:23:56,4.307532,0.077740,71.669418,4.998779
prototype,47.653132,-122.306114,2025-03-11 05:24:12,4.310210,0.078724,70.432114,4.998779
prototype,47.653132,-122.306114,2025-03-11 05:24:20,4.310254,0.078560,70.622780,4.998779
prototype,47.653132,-122.306114,2025-03-11 05:24:28,4.310251,0.078232,70.622559,4.998779
prototype,47.653132,-122.306114,2025-03-11 05:24:36,4.308875,0.077987,70.908653,4.998779
prototype,47.653132,-122.306114,2025-03-11 05:24:44,4.304861,0.077578,71.099258,4.998779
prototype,47.653132,-122.306114,2025-03-11 05:24:52,4.306240,0.077091,70.622604,4.998779
prototype,47.653132,-122.306114,2025-03-11 05:25:00,4.304861,0.077332,71.289749,4.998779
prototype,47.653132,-122.306114,2025-03-11 05:25:16,4.307579,0.077987,70.813332,4.998779
prototype,47.653132,-122.306114,2025-03-11 05:25:24,4.304904,0.077252,70.527390,4.998779
prototype,47.653132,-122.306114,2025-03-11 05:25:32,4.304861,0.076441,70.718163,4.998779
prototype,47.653132,-122.306114,2025-03-11 05:25:40,4.303525,0.076765,70.813217,4.998779
prototype,47.653132,-122.306114,2025-03-11 05:25:56,4.306200,0.076684,71.098930,4.998779
prototype,47.653132,-122.306114,2025-03-11 05:26:12,4.302189,0.076442,70.622665,4.998779
prototype,47.653132,-122.306114,2025-03-11 05:26:28,4.306197,0.076358,70.813438,4.998779
prototype,47.653132,-122.306114,2025-03-11 05:26:36,4.304861,0.076360,70.813492,4.998779
prototype,47.653132,-122.306114,2025-03-11 05:26:44,4.304861,0.076278,71.385025,4.998779
prototype,47.653132,-122.306114,2025-03-11 05:27:00,4.302189,0.076035,71.004044,4.998779
prototype,47.653132,-122.306114,2025-03-11 05:27:08,4.306200,0.076845,70.908653,4.998779
prototype,47.653132,-122.306114,2025-03-11 05:27:24,4.307536,0.077497,70.718048,4.998779
prototype,47.653132,-122.306114,2025-03-11 05:27:32,4.307576,0.077169,71.384972,4.998779
prototype,47.653132,-122.306114,2025-03-11 05:27:40,4.308871,0.077495,71.003769,4.998779
prototype,47.653132,-122.306114,2025-03-11 05:27:48,4.310251,0.077741,71.099205,4.998779
prototype,47.653132,-122.306114,2025-03-11 05:27:56,4.314268,0.077659,70.146072,4.998779
prototype,47.653132,-122.306114,2025-03-11 05:28:04,4.314268,0.079135,70.813438,4.998779
dummy,69.420,13.37,2025-03-11 05:28:09
prototype,47.653132,-122.306114,2025-03-11 05:28:12,4.307536,0.078231,70.813438,4.998779
prototype,47.653132,-122.306114,2025-03-11 05:28:36,4.310251,0.079302,70.718163,4.998779
prototype,47.653132,-122.306114,2025-03-11 05:28:52,4.311590,0.079055,70.813332,4.998779
prototype,47.653132,-122.306114,2025-03-11 05:29:00,4.308871,0.079135,70.718163,4.998779
prototype,47.653132,-122.306114,2025-03-11 05:29:08,4.312932,0.078560,70.813217,4.998779
prototype,47.653132,-122.306114,2025-03-11 05:29:16,4.312929,0.079301,70.908653,4.998779
prototype,47.653132,-122.306114,2025-03-11 05:29:24,4.311590,0.079301,71.194481,4.998779
prototype,47.653132,-122.306114,2025-03-11 05:29:32,4.307576,0.078236,70.241173,4.998779
prototype,47.653132,-122.306114,2025-03-11 05:29:40,4.310251,0.078892,70.622833,4.998779
prototype,47.653132,-122.306114,2025-03-11 05:29:48,4.311549,0.078971,70.622719,4.998779
prototype,47.653132,-122.306114,2025-03-11 05:30:04,4.304864,0.077825,71.099045,4.998779
prototype,47.653132,-122.306114,2025-03-11 05:30:12,4.306200,0.078318,71.099152,4.998779
prototype,47.653132,-122.306114,2025-03-11 05:30:28,4.308915,0.078316,70.718117,4.998779
prototype,47.653132,-122.306114,2025-03-11 05:30:36,4.312929,0.077823,70.432114,4.998779
prototype,47.653132,-122.306114,2025-03-11 05:30:44,4.307532,0.078315,71.099144,4.998779
prototype,47.653132,-122.306114,2025-03-11 05:31:00,4.306240,0.077660,70.908714,4.998779
prototype,47.653132,-122.306114,2025-03-11 05:31:08,4.304861,0.077414,70.813438,4.998779
prototype,47.653132,-122.306114,2025-03-11 05:31:24,4.302189,0.075641,70.336121,4.998779
prototype,47.653132,-122.306114,2025-03-11 05:31:40,4.304861,0.076439,70.432114,4.998779
prototype,47.653132,-122.306114,2025-03-11 05:31:56,4.304861,0.076277,70.813332,4.998779
prototype,47.653132,-122.306114,2025-03-11 05:32:04,4.306197,0.076358,70.908600,4.998779
prototype,47.653132,-122.306114,2025-03-11 05:32:12,4.307576,0.077417,70.527504,4.998779
prototype,47.653132,-122.306114,2025-03-11 05:32:20,4.308915,0.077989,70.908607,4.998779
prototype,47.653132,-122.306114,2025-03-11 05:32:28,4.308912,0.077495,70.813492,4.998779
prototype,47.653132,-122.306114,2025-03-11 05:32:36,4.310210,0.077496,70.813332,4.998779
prototype,47.653132,-122.306114,2025-03-11 05:32:44,4.308912,0.077741,71.099258,4.998779
prototype,47.653132,-122.306114,2025-03-11 05:33:00,4.304861,0.077332,71.003761,4.998779
prototype,47.653132,-122.306114,2025-03-11 05:33:08,4.311590,0.078069,70.336731,4.998779
prototype,47.653132,-122.306114,2025-03-11 05:33:16,4.308912,0.078068,70.908607,4.998779
prototype,47.653132,-122.306114,2025-03-11 05:33:24,4.310254,0.078314,71.194420,4.998779
prototype,47.653132,-122.306114,2025-03-11 05:33:32,4.312972,0.079304,71.194420,4.998779
prototype,47.653132,-122.306114,2025-03-11 05:33:40,4.306197,0.077822,70.241463,4.998779
prototype,47.653132,-122.306114,2025-03-11 05:33:48,4.304861,0.077414,70.908600,4.998779
prototype,47.653132,-122.306114,2025-03-11 05:33:56,4.307579,0.077578,70.527283,4.998779
prototype,47.653132,-122.306114,2025-03-11 05:34:04,4.307536,0.077578,70.718163,4.998779
prototype,47.653132,-122.306114,2025-03-11 05:34:12,4.307576,0.077905,70.813438,4.998779
prototype,47.653132,-122.306114,2025-03-11 05:34:20,4.310251,0.077823,70.908707,4.998779
prototype,47.653132,-122.306114,2025-03-11 05:34:28,4.312972,0.077825,70.908768,4.998779
prototype,47.653132,-122.306114,2025-03-11 05:34:36,4.304904,0.077497,70.622505,4.998779
prototype,47.653132,-122.306114,2025-03-11 05:34:44,4.307576,0.077660,71.003929,4.998779
prototype,47.653132,-122.306114,2025-03-11 05:34:52,4.307532,0.078644,71.003929,4.998779
prototype,47.653132,-122.306114,2025-03-11 05:35:00,4.311549,0.077659,70.813438,4.998779
prototype,47.653132,-122.306114,2025-03-11 05:35:16,4.302189,0.077090,70.813217,4.998779
prototype,47.653132,-122.306114,2025-03-11 05:35:24,4.302149,0.077168,70.813492,4.998779
prototype,47.653132,-122.306114,2025-03-11 05:35:32,4.308871,0.077577,70.908768,4.998779
prototype,47.653132,-122.306114,2025-03-11 05:35:40,4.307576,0.077577,70.813492,4.998779
prototype,47.653132,-122.306114,2025-03-11 05:35:56,4.302189,0.076610,70.813377,4.998779
prototype,47.653132,-122.306114,2025-03-11 05:36:12,4.304861,0.076924,71.098984,4.998779
prototype,47.653132,-122.306114,2025-03-11 05:36:28,4.302149,0.076035,70.718102,4.998779
prototype,47.653132,-122.306114,2025-03-11 05:36:36,4.311590,0.077578,70.718102,4.998779
prototype,47.653132,-122.306114,2025-03-11 05:36:52,4.303525,0.077090,70.813438,4.998779
prototype,47.653132,-122.306114,2025-03-11 05:37:00,4.304821,0.076115,70.908653,4.998779
prototype,47.653132,-122.306114,2025-03-11 05:37:08,4.303525,0.076277,71.003929,4.998779
prototype,47.653132,-122.306114,2025-03-11 05:37:24,4.304861,0.076114,70.908707,4.998779
prototype,47.653132,-122.306114,2025-03-11 05:37:32,4.303485,0.075793,70.622665,4.998779
prototype,47.653132,-122.306114,2025-03-11 05:37:40,4.303525,0.076196,71.003822,4.998779
prototype,47.653132,-122.306114,2025-03-11 05:37:48,4.303525,0.076034,70.527504,4.998779
prototype,47.653132,-122.306114,2025-03-11 05:37:56,4.304861,0.076359,70.432060,4.998779
prototype,47.653132,-122.306114,2025-03-11 05:38:04,4.306197,0.076765,70.622780,4.998779
prototype,47.653132,-122.306114,2025-03-11 05:38:20,4.312932,0.077335,71.003822,4.998779
prototype,47.653132,-122.306114,2025-03-11 05:38:28,4.311549,0.078477,71.003769,4.998779
prototype,47.653132,-122.306114,2025-03-11 05:38:36,4.310254,0.078559,70.908768,4.998779
prototype,47.653132,-122.306114,2025-03-11 05:38:44,4.310251,0.078070,70.813438,4.998779
prototype,47.653132,-122.306114,2025-03-11 05:38:52,4.310251,0.078643,70.813438,4.998779
prototype,47.653132,-122.306114,2025-03-11 05:39:00,4.307579,0.077825,70.432053,4.998779
prototype,47.653132,-122.306114,2025-03-11 05:39:08,4.308871,0.077660,70.813332,4.998779
prototype,47.653132,-122.306114,2025-03-11 05:39:16,4.308875,0.077658,70.813332,4.998779
prototype,47.653132,-122.306114,2025-03-11 05:39:24,4.302189,0.077172,70.813438,4.998779
prototype,47.653132,-122.306114,2025-03-11 05:39:32,4.304861,0.077008,70.527451,4.998779
prototype,47.653132,-122.306114,2025-03-11 05:39:40,4.306200,0.076522,70.718163,4.998779
prototype,47.653132,-122.306114,2025-03-11 05:39:56,4.306240,0.076766,70.717941,4.998779
prototype,47.653132,-122.306114,2025-03-11 05:40:04,4.303525,0.077337,70.622780,4.998779
prototype,47.653132,-122.306114,2025-03-11 05:40:12,4.302189,0.077417,70.527443,4.998779
prototype,47.653132,-122.306114,2025-03-11 05:40:28,4.311590,0.077658,70.812881,4.998779
prototype,47.653132,-122.306114,2025-03-11 05:40:36,4.310251,0.078482,70.908546,4.998779
prototype,47.653132,-122.306114,2025-03-11 05:40:44,4.304861,0.077658,70.718163,4.998779
prototype,47.653132,-122.306114,2025-03-11 05:40:52,4.306200,0.077414,71.003983,4.998779
prototype,47.653132,-122.306114,2025-03-11 05:41:08,4.303525,0.077334,71.099258,4.998779
prototype,47.653132,-122.306114,2025-03-11 05:41:24,4.308915,0.077091,71.099258,4.998779
prototype,47.653132,-122.306114,2025-03-11 05:41:40,4.307536,0.076847,70.718002,4.998779
prototype,47.653132,-122.306114,2025-03-11 05:41:48,4.306197,0.077333,70.622665,4.998779
prototype,47.653132,-122.306114,2025-03-11 05:41:56,4.306197,0.076687,71.194321,4.998779
prototype,47.653132,-122.306114,2025-03-11 05:42:28,4.307532,0.077741,70.908607,4.998779
prototype,47.653132,-122.306114,2025-03-11 05:42:36,4.308912,0.078154,70.813271,4.998779
prototype,47.653132,-122.306114,2025-03-11 05:42:44,4.307532,0.077741,71.003929,4.998779
prototype,47.653132,-122.306114,2025-03-11 05:43:00,4.308958,0.076691,71.003876,4.998779
prototype,47.653132,-122.306114,2025-03-11 05:43:08,4.303525,0.076765,70.622719,4.998779
prototype,47.653132,-122.306114,2025-03-11 05:43:32,4.307532,0.076925,71.099152,4.998779
prototype,47.653132,-122.306114,2025-03-11 05:43:40,4.306197,0.076120,70.908714,4.998779
prototype,47.653132,-122.306114,2025-03-11 05:43:48,4.304861,0.076847,70.813438,4.998779
prototype,47.653132,-122.306114,2025-03-11 05:43:56,4.307532,0.077008,70.527443,4.998779
prototype,47.653132,-122.306114,2025-03-11 05:44:12,4.308915,0.077741,70.622780,4.998779
prototype,47.653132,-122.306114,2025-03-11 05:44:20,4.307532,0.077905,70.908653,4.998779
prototype,47.653132,-122.306114,2025-03-11 05:44:28,4.308912,0.077660,70.718048,4.998779
prototype,47.653132,-122.306114,2025-03-11 05:44:36,4.308912,0.077904,70.432114,4.998779
prototype,47.653132,-122.306114,2025-03-11 05:45:08,4.314311,0.078892,70.527344,4.998779
prototype,47.653132,-122.306114,2025-03-11 05:45:16,4.312929,0.079883,70.527504,4.998779
prototype,47.653132,-122.306114,2025-03-11 05:45:40,4.312888,0.079135,71.003929,4.998779
prototype,47.653132,-122.306114,2025-03-11 05:45:48,4.314268,0.079384,71.098930,4.998779
prototype,47.653132,-122.306114,2025-03-11 05:45:56,4.311590,0.078650,70.718002,4.998779
prototype,47.653132,-122.306114,2025-03-11 05:46:04,4.308912,0.078725,71.098816,4.998779
prototype,47.653132,-122.306114,2025-03-11 05:46:12,4.307576,0.078235,71.099144,4.998779
prototype,47.653132,-122.306114,2025-03-11 05:46:20,4.307579,0.077660,70.717995,4.998779
prototype,47.653132,-122.306114,2025-03-11 05:46:28,4.306197,0.077986,70.813431,4.998779
prototype,47.653132,-122.306114,2025-03-11 05:47:00,4.308915,0.077986,70.908607,4.998779
prototype,47.653132,-122.306114,2025-03-11 05:47:16,4.312929,0.078971,71.099152,4.998779
prototype,47.653132,-122.306114,2025-03-11 05:47:24,4.314268,0.079055,70.717941,4.998779
prototype,47.653132,-122.306114,2025-03-11 05:47:32,4.311590,0.078315,70.813438,4.998779
prototype,47.653132,-122.306114,2025-03-11 05:47:48,4.307532,0.078318,70.908096,4.998779
prototype,47.653132,-122.306114,2025-03-11 05:47:56,4.307576,0.077986,70.622780,4.998779
prototype,47.653132,-122.306114,2025-03-11 05:48:04,4.308915,0.077907,71.003929,4.998779
prototype,47.653132,-122.306114,2025-03-11 05:48:12,4.306197,0.077496,70.622726,4.998779
prototype,47.653132,-122.306114,2025-03-11 05:48:29,4.306197,0.077741,70.813332,4.998779
prototype,47.653132,-122.306114,2025-03-11 05:48:37,4.314268,0.077988,70.718117,4.998779
prototype,47.653132,-122.306114,2025-03-11 05:48:45,4.311590,0.078233,70.718117,4.998779
prototype,47.653132,-122.306114,2025-03-11 05:48:53,4.312972,0.077905,70.432114,4.998779
prototype,47.653132,-122.306114,2025-03-11 05:49:01,4.307532,0.078318,70.813217,4.998779
prototype,47.653132,-122.306114,2025-03-11 05:49:17,4.310251,0.077989,70.718163,4.998779
prototype,47.653132,-122.306114,2025-03-11 05:49:25,4.306197,0.077905,70.622498,4.998779
prototype,47.653132,-122.306114,2025-03-11 05:49:49,4.304861,0.077254,70.908607,4.998779
prototype,47.653132,-122.306114,2025-03-11 05:49:57,4.304904,0.077252,71.003983,4.998779
prototype,47.653132,-122.306114,2025-03-11 05:50:05,4.308912,0.077577,70.717995,4.998779
prototype,47.653132,-122.306114,2025-03-11 05:50:13,4.311549,0.077821,71.099205,4.998779
prototype,47.653132,-122.306114,2025-03-11 05:50:21,4.311633,0.077659,70.622612,4.998779
prototype,47.653132,-122.306114,2025-03-11 05:50:37,4.303525,0.077661,70.527451,4.998779
prototype,47.653132,-122.306114,2025-03-11 05:50:45,4.308871,0.077658,70.622719,4.998779
prototype,47.653132,-122.306114,2025-03-11 05:50:53,4.310251,0.077498,71.099258,4.998779
prototype,47.653132,-122.306114,2025-03-11 05:51:01,4.307576,0.077498,70.527504,4.998779
prototype,47.653132,-122.306114,2025-03-11 05:51:09,4.304861,0.077171,71.099197,4.998779
prototype,47.653132,-122.306114,2025-03-11 05:51:17,4.308871,0.077658,70.622780,4.998779
prototype,47.653132,-122.306114,2025-03-11 05:51:41,4.308871,0.078073,70.908768,4.998779
prototype,47.653132,-122.306114,2025-03-11 05:51:49,4.310251,0.077822,71.289642,4.998779
prototype,47.653132,-122.306114,2025-03-11 05:52:05,4.312972,0.078317,70.527451,4.998779
prototype,47.653132,-122.306114,2025-03-11 05:52:13,4.311590,0.078315,70.622833,4.998779
prototype,47.653132,-122.306114,2025-03-11 05:52:21,4.312929,0.078398,70.718163,4.998779
prototype,47.653132,-122.306114,2025-03-11 05:52:37,4.311590,0.078480,70.813377,4.998779
prototype,47.653132,-122.306114,2025-03-11 05:53:01,4.311590,0.078152,70.908653,4.998779
prototype,47.653132,-122.306114,2025-03-11 05:53:17,4.310251,0.077659,70.718102,4.998779
prototype,47.653132,-122.306114,2025-03-11 05:53:25,4.308871,0.077415,70.431725,4.998779
prototype,47.653132,-122.306114,2025-03-11 05:53:49,4.310251,0.078562,70.622726,4.998779
prototype,47.653132,-122.306114,2025-03-11 05:54:13,4.307532,0.077741,70.908707,4.998779
prototype,47.653132,-122.306114,2025-03-11 05:54:29,4.308915,0.078313,70.527504,4.998779
prototype,47.653132,-122.306114,2025-03-11 05:54:45,4.315650,0.078807,70.718163,4.998779
prototype,47.653132,-122.306114,2025-03-11 05:54:53,4.310294,0.078324,70.718040,4.998779
prototype,47.653132,-122.306114,2025-03-11 05:55:09,4.308912,0.078150,70.813278,4.998779
prototype,47.653132,-122.306114,2025-03-11 05:55:17,4.312929,0.077908,70.813438,4.998779
prototype,47.653132,-122.306114,2025-03-11 05:55:41,4.312929,0.078725,70.622665,4.998779
prototype,47.653132,-122.306114,2025-03-11 05:56:05,4.312929,0.079632,70.717941,4.998779
prototype,47.653132,-122.306114,2025-03-11 05:56:21,4.311590,0.078890,70.908768,4.998779
prototype,47.653132,-122.306114,2025-03-11 05:56:29,4.307576,0.078233,70.622826,4.998779
prototype,47.653132,-122.306114,2025-03-11 05:56:53,4.310254,0.078069,71.194427,4.998779
prototype,47.653132,-122.306114,2025-03-11 05:57:01,4.310251,0.077578,71.289810,4.998779
prototype,47.653132,-122.306114,2025-03-11 05:57:09,4.306240,0.076928,71.099152,4.998779
prototype,47.653132,-122.306114,2025-03-11 05:57:17,4.307532,0.077988,70.813332,4.998779
prototype,47.653132,-122.306114,2025-03-11 05:57:25,4.304861,0.077415,70.908653,4.998779
prototype,47.653132,-122.306114,2025-03-11 05:57:57,4.311590,0.078233,70.718102,4.998779
prototype,47.653132,-122.306114,2025-03-11 05:58:05,4.315650,0.078733,71.194534,4.998779
prototype,47.653132,-122.306114,2025-03-11 05:58:21,4.314311,0.078817,71.194260,4.998779
prototype,47.653132,-122.306114,2025-03-11 05:58:29,4.314268,0.079799,70.813217,4.998779
prototype,47.653132,-122.306114,2025-03-11 05:58:37,4.311590,0.078399,71.384972,4.998779
prototype,47.653132,-122.306114,2025-03-11 05:58:45,4.306197,0.078313,71.099258,4.998779
prototype,47.653132,-122.306114,2025-03-11 05:59:01,4.314268,0.078807,70.908768,4.998779
prototype,47.653132,-122.306114,2025-03-11 05:59:18,4.308871,0.078395,71.003929,4.998779
prototype,47.653132,-122.306114,2025-03-11 05:59:34,4.312972,0.078398,70.908768,4.998779
prototype,47.653132,-122.306114,2025-03-11 05:59:42,4.308875,0.078150,71.099258,4.998779
prototype,47.653132,-122.306114,2025-03-11 05:59:58,4.312929,0.077741,70.908607,4.998779
prototype,47.653132,-122.306114,2025-03-11 06:00:14,4.311633,0.078399,70.908714,4.998779
prototype,47.653132,-122.306114,2025-03-11 06:00:22,4.312929,0.078480,70.527328,4.998779
prototype,47.653132,-122.306114,2025-03-11 06:00:30,4.312929,0.077905,71.004044,4.998779
prototype,47.653132,-122.306114,2025-03-11 06:00:38,4.314268,0.078890,70.813332,4.998779
prototype,47.653132,-122.306114,2025-03-11 06:01:02,4.308912,0.077904,71.289757,4.998779
prototype,47.653132,-122.306114,2025-03-11 06:01:10,4.312929,0.078723,71.003830,4.998779
prototype,47.653132,-122.306114,2025-03-11 06:01:18,4.316991,0.078811,71.099091,4.998779
prototype,47.653132,-122.306114,2025-03-11 06:01:26,4.314311,0.079053,71.385025,4.998779
prototype,47.653132,-122.306114,2025-03-11 06:01:50,4.315610,0.079221,70.908440,4.998779
prototype,47.653132,-122.306114,2025-03-11 06:01:58,4.310251,0.078481,70.622726,4.998779
prototype,47.653132,-122.306114,2025-03-11 06:02:06,4.315652,0.078892,71.289696,4.998779
prototype,47.653132,-122.306114,2025-03-11 06:02:14,4.310251,0.078153,71.194473,4.998779
prototype,47.653132,-122.306114,2025-03-11 06:02:30,4.310210,0.078150,71.480247,4.998779
prototype,47.653132,-122.306114,2025-03-11 06:02:38,4.312929,0.078399,71.289810,4.998779
prototype,47.653132,-122.306114,2025-03-11 06:02:46,4.311590,0.078395,70.908768,4.998779
prototype,47.653132,-122.306114,2025-03-11 06:03:10,4.307579,0.078484,71.289810,4.998779
prototype,47.653132,-122.306114,2025-03-11 06:03:18,4.310254,0.077904,70.813316,4.998779
prototype,47.653132,-122.306114,2025-03-11 06:03:34,4.314268,0.079218,70.432175,4.998779
prototype,47.653132,-122.306114,2025-03-11 06:03:42,4.311590,0.078478,71.194481,4.998779
prototype,47.653132,-122.306114,2025-03-11 06:03:50,4.311590,0.079056,71.289749,4.998779
prototype,47.653132,-122.306114,2025-03-11 06:03:58,4.306240,0.077660,70.718163,4.998779
prototype,47.653132,-122.306114,2025-03-11 06:04:06,4.307576,0.077415,70.813332,4.998779
prototype,47.653132,-122.306114,2025-03-11 06:04:14,4.306240,0.076848,71.003929,4.998779
prototype,47.653132,-122.306114,2025-03-11 06:04:22,4.304861,0.076847,70.718163,4.998779
prototype,47.653132,-122.306114,2025-03-11 06:04:30,4.306197,0.075792,70.622330,4.998779
prototype,47.653132,-122.306114,2025-03-11 06:04:38,4.306197,0.077088,71.194420,4.998779
prototype,47.653132,-122.306114,2025-03-11 06:04:54,4.310210,0.078067,71.099319,4.998779
prototype,47.653132,-122.306114,2025-03-11 06:05:02,4.307532,0.077742,71.099152,4.998779
prototype,47.653132,-122.306114,2025-03-11 06:05:18,4.311590,0.077578,71.099258,4.998779
prototype,47.653132,-122.306114,2025-03-11 06:05:26,4.310251,0.077659,71.099152,4.998779
prototype,47.653132,-122.306114,2025-03-11 06:05:42,4.296603,0.077412,70.908600,4.998779
prototype,47.653132,-122.306114,2025-03-11 06:05:50,4.311593,0.077823,71.385025,4.998779
prototype,47.653132,-122.306114,2025-03-11 06:05:58,4.304861,0.076034,71.004044,4.998779
prototype,47.653132,-122.306114,2025-03-11 06:06:06,4.307536,0.077169,70.908768,4.998779
prototype,47.653132,-122.306114,2025-03-11 06:06:14,4.306200,0.076519,70.813438,4.998779
prototype,47.653132,-122.306114,2025-03-11 06:06:22,4.304861,0.076197,70.622604,4.998779
prototype,47.653132,-122.306114,2025-03-11 06:06:30,4.304861,0.076197,70.908546,4.998779
prototype,47.653132,-122.306114,2025-03-11 06:06:38,4.303525,0.075875,70.718163,4.998779
prototype,47.653132,-122.306114,2025-03-11 06:06:54,4.304861,0.075791,71.003929,4.998779
prototype,47.653132,-122.306114,2025-03-11 06:07:02,4.308915,0.076683,71.289642,4.998779
prototype,47.653132,-122.306114,2025-03-11 06:07:10,4.307576,0.076362,70.718102,4.998779
prototype,47.653132,-122.306114,2025-03-11 06:07:26,4.308871,0.076844,70.622826,4.998779
prototype,47.653132,-122.306114,2025-03-11 06:07:42,4.307576,0.077093,71.194420,4.998779
prototype,47.653132,-122.306114,2025-03-11 06:07:50,4.306197,0.076765,70.813377,4.998779
prototype,47.653132,-122.306114,2025-03-11 06:08:30,4.308871,0.077414,71.289696,4.998779
prototype,47.653132,-122.306114,2025-03-11 06:08:46,4.311590,0.077413,71.194420,4.998779
prototype,47.653132,-122.306114,2025-03-11 06:08:54,4.311590,0.078314,71.194481,4.998779
prototype,47.653132,-122.306114,2025-03-11 06:09:10,4.308912,0.077741,71.384972,4.998779
prototype,47.653132,-122.306114,2025-03-11 06:09:18,4.310251,0.077741,71.099258,4.998779
prototype,47.653132,-122.306114,2025-03-11 06:09:34,4.306240,0.077089,71.099205,4.998779
prototype,47.653132,-122.306114,2025-03-11 06:09:42,4.306197,0.076520,71.194420,4.998779
prototype,47.653132,-122.306114,2025-03-11 06:09:50,4.307539,0.076765,70.908653,4.998779
prototype,47.653132,-122.306114,2025-03-11 06:10:06,4.311590,0.077251,70.908768,4.998779
prototype,47.653132,-122.306114,2025-03-11 06:10:22,4.306197,0.077008,71.099152,4.998779
prototype,47.653132,-122.306114,2025-03-11 06:10:30,4.311590,0.077413,71.099205,4.998779
prototype,47.653132,-122.306114,2025-03-11 06:10:38,4.310210,0.077169,71.004044,4.998779
prototype,47.653132,-122.306114,2025-03-11 06:10:46,4.308912,0.077335,71.003929,4.998779
prototype,47.653132,-122.306114,2025-03-11 06:10:54,4.307576,0.077332,71.099205,4.998779
prototype,47.653132,-122.306114,2025-03-11 06:11:10,4.314311,0.077015,71.289810,4.998779
prototype,47.653132,-122.306114,2025-03-11 06:11:26,4.310251,0.077008,71.003929,4.998779
prototype,47.653132,-122.306114,2025-03-11 06:11:34,4.304861,0.076926,71.480301,4.998779
prototype,47.653132,-122.306114,2025-03-11 06:11:42,4.311549,0.077332,71.003929,4.998779
prototype,47.653132,-122.306114,2025-03-11 06:11:50,4.307576,0.077502,71.289642,4.998779
prototype,47.653132,-122.306114,2025-03-11 06:11:58,4.311590,0.077332,70.908600,4.998779
prototype,47.653132,-122.306114,2025-03-11 06:12:06,4.312929,0.077496,71.003929,4.998779
prototype,47.653132,-122.306114,2025-03-11 06:12:22,4.308912,0.078071,71.384697,4.998779
prototype,47.653132,-122.306114,2025-03-11 06:12:30,4.307576,0.077090,70.718109,4.998779
prototype,47.653132,-122.306114,2025-03-11 06:12:38,4.304864,0.076115,70.718056,4.998779
prototype,47.653132,-122.306114,2025-03-11 06:12:46,4.308912,0.077414,70.813217,4.998779
prototype,47.653132,-122.306114,2025-03-11 06:13:10,4.311590,0.077413,71.194313,4.998779
prototype,47.653132,-122.306114,2025-03-11 06:13:18,4.311590,0.076764,70.908653,4.998779
prototype,47.653132,-122.306114,2025-03-11 06:13:34,4.312929,0.077496,71.384972,4.998779
prototype,47.653132,-122.306114,2025-03-11 06:13:42,4.310251,0.077660,71.099205,4.998779
prototype,47.653132,-122.306114,2025-03-11 06:13:50,4.308915,0.077986,71.480240,4.998779
prototype,47.653132,-122.306114,2025-03-11 06:13:58,4.314268,0.077905,70.336792,4.998779
prototype,47.653132,-122.306114,2025-03-11 06:14:14,4.312929,0.078724,71.575470,4.998779
prototype,47.653132,-122.306114,2025-03-11 06:14:22,4.314311,0.079633,71.289749,4.998779
prototype,47.653132,-122.306114,2025-03-11 06:14:38,4.314268,0.078319,71.194473,4.998779
prototype,47.653132,-122.306114,2025-03-11 06:14:54,4.315650,0.079466,71.099098,4.998779
prototype,47.653132,-122.306114,2025-03-11 06:15:02,4.312972,0.079634,71.003929,4.998779
prototype,47.653132,-122.306114,2025-03-11 06:15:10,4.314268,0.079384,70.718102,4.998779
prototype,47.653132,-122.306114,2025-03-11 06:15:18,4.314268,0.079301,71.003929,4.998779
prototype,47.653132,-122.306114,2025-03-11 06:15:26,4.312972,0.079235,71.099319,4.998779
prototype,47.653132,-122.306114,2025-03-11 06:15:34,4.312929,0.079056,70.718163,4.998779
prototype,47.653132,-122.306114,2025-03-11 06:15:42,4.311590,0.078892,70.718109,4.998779
prototype,47.653132,-122.306114,2025-03-11 06:16:06,4.308912,0.078068,71.480247,4.998779
prototype,47.653132,-122.306114,2025-03-11 06:16:14,4.307536,0.077741,70.717888,4.998779
prototype,47.653132,-122.306114,2025-03-11 06:16:31,4.307576,0.076616,71.194420,4.998779
prototype,47.653132,-122.306114,2025-03-11 06:16:39,4.307576,0.077745,70.718163,4.998779
prototype,47.653132,-122.306114,2025-03-11 06:16:47,4.307579,0.077091,70.908707,4.998779
prototype,47.653132,-122.306114,2025-03-11 06:16:55,4.304821,0.077169,71.194534,4.998779
prototype,47.653132,-122.306114,2025-03-11 06:17:03,4.307536,0.077497,70.813431,4.998779
prototype,47.653132,-122.306114,2025-03-11 06:17:11,4.310251,0.077578,70.908653,4.998779
prototype,47.653132,-122.306114,2025-03-11 06:17:19,4.311590,0.077659,71.099258,4.998779
prototype,47.653132,-122.306114,2025-03-11 06:17:27,4.311549,0.077658,71.384918,4.998779
prototype,47.653132,-122.306114,2025-03-11 06:17:43,4.307576,0.077415,71.575470,4.998779
prototype,47.653132,-122.306114,2025-03-11 06:17:59,4.311590,0.078150,71.099152,4.998779
prototype,47.653132,-122.306114,2025-03-11 06:18:31,4.311590,0.078150,70.908707,4.998779
prototype,47.653132,-122.306114,2025-03-11 06:18:47,4.311590,0.078151,71.003708,4.998779
prototype,47.653132,-122.306114,2025-03-11 06:18:55,4.308915,0.078316,71.289696,4.998779
prototype,47.653132,-122.306114,2025-03-11 06:19:11,4.308912,0.078400,70.813332,4.998779
prototype,47.653132,-122.306114,2025-03-11 06:19:27,4.307532,0.078068,71.289696,4.998779
prototype,47.653132,-122.306114,2025-03-11 06:19:35,4.311549,0.078232,71.194534,4.998779
prototype,47.653132,-122.306114,2025-03-11 06:19:43,4.308912,0.078233,71.099258,4.998779
prototype,47.653132,-122.306114,2025-03-11 06:19:51,4.312929,0.078644,71.194473,4.998779
prototype,47.653132,-122.306114,2025-03-11 06:19:59,4.308912,0.078314,71.194481,4.998779
prototype,47.653132,-122.306114,2025-03-11 06:20:07,4.310251,0.078398,71.099258,4.998779
prototype,47.653132,-122.306114,2025-03-11 06:20:15,4.311590,0.077661,70.718117,4.998779
prototype,47.653132,-122.306114,2025-03-11 06:20:23,4.312972,0.077988,70.718048,4.998779
prototype,47.653132,-122.306114,2025-03-11 06:20:31,4.311590,0.077822,71.289749,4.998779
prototype,47.653132,-122.306114,2025-03-11 06:20:39,4.308875,0.077824,70.717880,4.998779
prototype,47.653132,-122.306114,2025-03-11 06:20:47,4.306197,0.077495,70.908768,4.998779
prototype,47.653132,-122.306114,2025-03-11 06:21:03,4.303525,0.076520,71.575302,4.998779
prototype,47.653132,-122.306114,2025-03-11 06:21:11,4.303525,0.077008,70.813049,4.998779
prototype,47.653132,-122.306114,2025-03-11 06:21:19,4.308871,0.077332,71.003929,4.998779
prototype,47.653132,-122.306114,2025-03-11 06:21:27,4.310210,0.077497,71.194481,4.998779
prototype,47.653132,-122.306114,2025-03-11 06:21:35,4.311590,0.077170,71.098984,4.998779
prototype,47.653132,-122.306114,2025-03-11 06:21:43,4.304824,0.077087,71.670738,4.998779
prototype,47.653132,-122.306114,2025-03-11 06:21:59,4.303525,0.077090,71.004044,4.998779
prototype,47.653132,-122.306114,2025-03-11 06:22:07,4.306197,0.076439,70.908768,4.998779
prototype,47.653132,-122.306114,2025-03-11 06:22:23,4.304824,0.076276,70.718163,4.998779
prototype,47.653132,-122.306114,2025-03-11 06:22:39,4.307536,0.076602,70.718163,4.998779
prototype,47.653132,-122.306114,2025-03-11 06:22:55,4.310210,0.077583,71.003983,4.998779
prototype,47.653132,-122.306114,2025-03-11 06:23:03,4.308912,0.076683,71.194473,4.998779
prototype,47.653132,-122.306114,2025-03-11 06:23:11,4.306197,0.076277,70.908546,4.998779
prototype,47.653132,-122.306114,2025-03-11 06:23:27,4.311590,0.076847,70.527328,4.998779
prototype,47.653132,-122.306114,2025-03-11 06:23:35,4.307576,0.076207,71.385025,4.998779
prototype,47.653132,-122.306114,2025-03-11 06:23:51,4.306240,0.076522,71.289810,4.998779
prototype,47.653132,-122.306114,2025-03-11 06:23:59,4.304861,0.076197,70.432175,4.998779
prototype,47.653132,-122.306114,2025-03-11 06:24:07,4.304861,0.076277,71.384750,4.998779
prototype,47.653132,-122.306114,2025-03-11 06:24:23,4.308912,0.076766,71.385025,4.998779
prototype,47.653132,-122.306114,2025-03-11 06:24:31,4.303525,0.075955,71.385025,4.998779
prototype,47.653132,-122.306114,2025-03-11 06:24:39,4.306197,0.076519,70.813332,4.998779
prototype,47.653132,-122.306114,2025-03-11 06:25:03,4.308871,0.077332,71.289650,4.998779
prototype,47.653132,-122.306114,2025-03-11 06:25:11,4.311590,0.078150,70.908707,4.998779
prototype,47.653132,-122.306114,2025-03-11 06:25:43,4.314268,0.077986,70.908546,4.998779
prototype,47.653132,-122.306114,2025-03-11 06:25:59,4.307576,0.077660,70.622826,4.998779
prototype,47.653132,-122.306114,2025-03-11 06:26:07,4.311590,0.078559,71.194534,4.998779
prototype,47.653132,-122.306114,2025-03-11 06:26:15,4.314268,0.077825,70.717834,4.998779
prototype,47.653132,-122.306114,2025-03-11 06:26:23,4.308871,0.077823,71.003822,4.998779
prototype,47.653132,-122.306114,2025-03-11 06:26:39,4.308915,0.077660,70.908653,4.998779
prototype,47.653132,-122.306114,2025-03-11 06:26:47,4.310251,0.077743,70.718056,4.998779
prototype,47.653132,-122.306114,2025-03-11 06:27:03,4.310251,0.078314,71.194473,4.998779
prototype,47.653132,-122.306114,2025-03-11 06:27:19,4.314268,0.077824,70.813377,4.998779
prototype,47.653132,-122.306114,2025-03-11 06:27:27,4.314311,0.078317,71.289696,4.998779
prototype,47.653132,-122.306114,2025-03-11 06:27:35,4.312972,0.078890,70.622780,4.998779
prototype,47.653132,-122.306114,2025-03-11 06:27:43,4.310254,0.077986,71.194588,4.998779
prototype,47.653132,-122.306114,2025-03-11 06:27:51,4.307532,0.077740,71.289810,4.998779
prototype,47.653132,-122.306114,2025-03-11 06:27:59,4.307532,0.077740,70.908714,4.998779
prototype,47.653132,-122.306114,2025-03-11 06:28:07,4.308915,0.077498,70.718056,4.998779
dummy,69.420,13.37,2025-03-11 06:28:10
prototype,47.653132,-122.306114,2025-03-11 06:28:15,4.308912,0.077335,71.099258,4.998779
prototype,47.653132,-122.306114,2025-03-11 06:28:39,4.307536,0.076602,71.289757,4.998779
prototype,47.653132,-122.306114,2025-03-11 06:28:47,4.306197,0.077010,71.194420,4.998779
prototype,47.653132,-122.306114,2025-03-11 06:28:55,4.310251,0.077333,71.003822,4.998779
prototype,47.653132,-122.306114,2025-03-11 06:29:03,4.307576,0.077255,71.289757,4.998779
prototype,47.653132,-122.306114,2025-03-11 06:29:11,4.308918,0.077333,71.003822,4.998779
prototype,47.653132,-122.306114,2025-03-11 06:29:19,4.310251,0.077741,71.194321,4.998779
prototype,47.653132,-122.306114,2025-03-11 06:29:27,4.307576,0.077172,71.385025,4.998779
prototype,47.653132,-122.306114,2025-03-11 06:29:35,4.308871,0.077414,71.194420,4.998779
prototype,47.653132,-122.306114,2025-03-11 06:29:51,4.306240,0.077415,70.717995,4.998779
prototype,47.653132,-122.306114,2025-03-11 06:29:59,4.307536,0.077251,71.385025,4.998779
prototype,47.653132,-122.306114,2025-03-11 06:30:07,4.310251,0.078319,71.384918,4.998779
prototype,47.653132,-122.306114,2025-03-11 06:30:15,4.311549,0.078477,71.575417,4.998779
prototype,47.653132,-122.306114,2025-03-11 06:30:31,4.311633,0.078809,71.004044,4.998779
prototype,47.653132,-122.306114,2025-03-11 06:30:47,4.308915,0.077335,70.813271,4.998779
prototype,47.653132,-122.306114,2025-03-11 06:30:55,4.306240,0.077419,70.813492,4.998779
prototype,47.653132,-122.306114,2025-03-11 06:31:03,4.307532,0.077008,71.099144,4.998779
prototype,47.653132,-122.306114,2025-03-11 06:31:11,4.306197,0.077660,70.813332,4.998779
prototype,47.653132,-122.306114,2025-03-11 06:31:19,4.308915,0.077496,70.908707,4.998779
prototype,47.653132,-122.306114,2025-03-11 06:31:27,4.307532,0.077007,71.194420,4.998779
prototype,47.653132,-122.306114,2025-03-11 06:31:51,4.308871,0.077333,71.099037,4.998779
prototype,47.653132,-122.306114,2025-03-11 06:32:07,4.306240,0.076847,71.004044,4.998779
prototype,47.653132,-122.306114,2025-03-11 06:32:15,4.302189,0.076765,71.480247,4.998779
prototype,47.653132,-122.306114,2025-03-11 06:32:23,4.307576,0.076522,70.908600,4.998779
prototype,47.653132,-122.306114,2025-03-11 06:32:39,4.306197,0.076520,71.099037,4.998779
prototype,47.653132,-122.306114,2025-03-11 06:32:55,4.307532,0.076601,71.099144,4.998779
prototype,47.653132,-122.306114,2025-03-11 06:33:03,4.308915,0.076847,71.289757,4.998779
prototype,47.653132,-122.306114,2025-03-11 06:33:11,4.310294,0.076766,70.908653,4.998779
prototype,47.653132,-122.306114,2025-03-11 06:33:43,4.303525,0.076118,71.003929,4.998779
prototype,47.653132,-122.306114,2025-03-11 06:33:51,4.306240,0.076444,71.099258,4.998779
prototype,47.653132,-122.306114,2025-03-11 06:34:07,4.304861,0.075954,70.813438,4.998779
prototype,47.653132,-122.306114,2025-03-11 06:34:15,4.306200,0.076115,70.813438,4.998779
prototype,47.653132,-122.306114,2025-03-11 06:34:31,4.303525,0.076358,71.099098,4.998779
prototype,47.653132,-122.306114,2025-03-11 06:34:39,4.307532,0.076763,70.908653,4.998779
prototype,47.653132,-122.306114,2025-03-11 06:34:47,4.311590,0.076765,70.718048,4.998779
prototype,47.653132,-122.306114,2025-03-11 06:34:55,4.307536,0.076845,70.813431,4.998779
prototype,47.653132,-122.306114,2025-03-11 06:35:03,4.308912,0.076844,71.384972,4.998779
prototype,47.653132,-122.306114,2025-03-11 06:35:19,4.311590,0.076933,70.718163,4.998779
prototype,47.653132,-122.306114,2025-03-11 06:35:27,4.308912,0.076847,71.099319,4.998779
prototype,47.653132,-122.306114,2025-03-11 06:35:43,4.310251,0.077090,70.718109,4.998779
prototype,47.653132,-122.306114,2025-03-11 06:35:51,4.307576,0.077008,71.099258,4.998779
prototype,47.653132,-122.306114,2025-03-11 06:36:07,4.310251,0.077005,70.908653,4.998779
prototype,47.653132,-122.306114,2025-03-11 06:36:15,4.311593,0.077089,71.384537,4.998779
prototype,47.653132,-122.306114,2025-03-11 06:36:23,4.307576,0.076925,71.004044,4.998779
prototype,47.653132,-122.306114,2025-03-11 06:36:31,4.308871,0.076848,71.480247,4.998779
prototype,47.653132,-122.306114,2025-03-11 06:36:39,4.304861,0.076115,71.099037,4.998779
prototype,47.653132,-122.306114,2025-03-11 06:36:47,4.308871,0.076438,70.908653,4.998779
prototype,47.653132,-122.306114,2025-03-11 06:36:55,4.308915,0.076602,71.289642,4.998779
prototype,47.653132,-122.306114,2025-03-11 06:37:11,4.308915,0.075958,71.194534,4.998779
prototype,47.653132,-122.306114,2025-03-11 06:37:27,4.306197,0.075794,71.289749,4.998779
prototype,47.653132,-122.306114,2025-03-11 06:37:35,4.307579,0.076520,71.194481,4.998779
prototype,47.653132,-122.306114,2025-03-11 06:37:43,4.308871,0.076844,71.004044,4.998779
prototype,47.653132,-122.306114,2025-03-11 06:37:51,4.311590,0.076928,71.099152,4.998779
prototype,47.653132,-122.306114,2025-03-11 06:37:59,4.306197,0.076277,71.004044,4.998779
prototype,47.653132,-122.306114,2025-03-11 06:38:07,4.304861,0.076034,71.289696,4.998779
prototype,47.653132,-122.306114,2025-03-11 06:38:15,4.307532,0.076601,71.099144,4.998779
prototype,47.653132,-122.306114,2025-03-11 06:38:23,4.304861,0.076197,70.813271,4.998779
prototype,47.653132,-122.306114,2025-03-11 06:38:31,4.308915,0.076119,71.003983,4.998779
prototype,47.653132,-122.306114,2025-03-11 06:39:03,4.306200,0.075630,71.099319,4.998779
prototype,47.653132,-122.306114,2025-03-11 06:39:11,4.304861,0.075873,71.099144,4.998779
prototype,47.653132,-122.306114,2025-03-11 06:39:19,4.308871,0.075873,71.480240,4.998779
prototype,47.653132,-122.306114,2025-03-11 06:39:27,4.307576,0.075549,71.003929,4.998779
prototype,47.653132,-122.306114,2025-03-11 06:39:43,4.304861,0.076035,70.908653,4.998779
prototype,47.653132,-122.306114,2025-03-11 06:39:59,4.307576,0.076683,71.289749,4.998779
prototype,47.653132,-122.306114,2025-03-11 06:40:15,4.307536,0.077007,71.385025,4.998779
prototype,47.653132,-122.306114,2025-03-11 06:40:23,4.308912,0.076684,70.813332,4.998779
prototype,47.653132,-122.306114,2025-03-11 06:40:31,4.308912,0.076928,71.099258,4.998779
prototype,47.653132,-122.306114,2025-03-11 06:40:39,4.312929,0.077414,71.670738,4.998779
prototype,47.653132,-122.306114,2025-03-11 06:40:47,4.308875,0.077502,70.908607,4.998779
prototype,47.653132,-122.306114,2025-03-11 06:41:11,4.308871,0.077250,71.860573,4.998779
prototype,47.653132,-122.306114,2025-03-11 06:41:19,4.308871,0.076602,71.385025,4.998779
prototype,47.653132,-122.306114,2025-03-11 06:41:27,4.306240,0.075719,71.003929,4.998779
prototype,47.653132,-122.306114,2025-03-11 06:41:35,4.304821,0.076195,71.289749,4.998779
prototype,47.653132,-122.306114,2025-03-11 06:41:43,4.307536,0.076438,71.003929,4.998779
prototype,47.653132,-122.306114,2025-03-11 06:41:51,4.308958,0.076441,71.003929,4.998779
prototype,47.653132,-122.306114,2025-03-11 06:41:59,4.304861,0.076197,71.099205,4.998779
prototype,47.653132,-122.306114,2025-03-11 06:42:23,4.307536,0.076602,70.813217,4.998779
prototype,47.653132,-122.306114,2025-03-11 06:42:31,4.311590,0.076441,71.099098,4.998779
prototype,47.653132,-122.306114,2025-03-11 06:42:47,4.308915,0.076684,71.194481,4.998779
prototype,47.653132,-122.306114,2025-03-11 06:42:55,4.311590,0.076765,71.575516,4.998779
prototype,47.653132,-122.306114,2025-03-11 06:43:13,4.307579,0.077170,71.575470,4.998779
prototype,47.653132,-122.306114,2025-03-11 06:43:21,4.306197,0.076199,70.908714,4.998779
prototype,47.653132,-122.306114,2025-03-11 06:43:29,4.307532,0.075795,71.099205,4.998779
prototype,47.653132,-122.306114,2025-03-11 06:43:37,4.304861,0.076439,71.003929,4.998779
prototype,47.653132,-122.306114,2025-03-11 06:43:45,4.303525,0.075874,71.194321,4.998779
prototype,47.653132,-122.306114,2025-03-11 06:44:01,4.306197,0.076602,71.194473,4.998779
prototype,47.653132,-122.306114,2025-03-11 06:44:09,4.307576,0.076277,71.194534,4.998779
prototype,47.653132,-122.306114,2025-03-11 06:44:17,4.310251,0.076439,71.194534,4.998779
prototype,47.653132,-122.306114,2025-03-11 06:44:25,4.311590,0.077007,70.908707,4.998779
prototype,47.653132,-122.306114,2025-03-11 06:44:41,4.304861,0.075796,70.717941,4.998779
prototype,47.653132,-122.306114,2025-03-11 06:44:49,4.310251,0.077173,70.908768,4.998779
prototype,47.653132,-122.306114,2025-03-11 06:45:05,4.307532,0.076848,71.575470,4.998779
prototype,47.653132,-122.306114,2025-03-11 06:45:13,4.304861,0.076520,71.289749,4.998779
prototype,47.653132,-122.306114,2025-03-11 06:45:21,4.306197,0.076520,71.289749,4.998779
prototype,47.653132,-122.306114,2025-03-11 06:45:29,4.304861,0.076359,71.575409,4.998779
prototype,47.653132,-122.306114,2025-03-11 06:45:37,4.306240,0.076279,71.099152,4.998779
prototype,47.653132,-122.306114,2025-03-11 06:45:45,4.304861,0.075873,71.289589,4.998779
prototype,47.653132,-122.306114,2025-03-11 06:46:01,4.304861,0.074991,70.718163,4.998779
prototype,47.653132,-122.306114,2025-03-11 06:46:09,4.310254,0.077010,71.194481,4.998779
prototype,47.653132,-122.306114,2025-03-11 06:46:25,4.308871,0.076358,71.480141,4.998779
prototype,47.653132,-122.306114,2025-03-11 06:46:33,4.306240,0.076520,71.384972,4.998779
prototype,47.653132,-122.306114,2025-03-11 06:46:49,4.306197,0.076601,70.813217,4.998779
prototype,47.653132,-122.306114,2025-03-11 06:46:57,4.307576,0.076359,71.099258,4.998779
prototype,47.653132,-122.306114,2025-03-11 06:47:05,4.303525,0.076195,71.385025,4.998779
prototype,47.653132,-122.306114,2025-03-11 06:47:29,4.310251,0.077008,71.099205,4.998779
prototype,47.653132,-122.306114,2025-03-11 06:47:37,4.308912,0.077007,71.385025,4.998779
prototype,47.653132,-122.306114,2025-03-11 06:48:01,4.310294,0.076847,71.003929,4.998779
prototype,47.653132,-122.306114,2025-03-11 06:48:09,4.310251,0.076930,71.003983,4.998779
prototype,47.653132,-122.306114,2025-03-11 06:48:17,4.307532,0.076682,71.003983,4.998779
prototype,47.653132,-122.306114,2025-03-11 06:48:33,4.312972,0.077660,71.385025,4.998779
prototype,47.653132,-122.306114,2025-03-11 06:48:49,4.311590,0.077659,71.003822,4.998779
prototype,47.653132,-122.306114,2025-03-11 06:48:57,4.310210,0.077496,71.194534,4.998779
prototype,47.653132,-122.306114,2025-03-11 06:49:13,4.308875,0.077414,71.955132,4.998779
prototype,47.653132,-122.306114,2025-03-11 06:49:29,4.304861,0.076602,71.003937,4.998779
prototype,47.653132,-122.306114,2025-03-11 06:49:37,4.307536,0.077007,71.099144,4.998779
prototype,47.653132,-122.306114,2025-03-11 06:49:45,4.307532,0.076683,72.620010,4.998779
prototype,47.653132,-122.306114,2025-03-11 06:49:53,4.311590,0.076926,71.003983,4.998779
prototype,47.653132,-122.306114,2025-03-11 06:50:01,4.308912,0.076766,71.384972,4.998779
prototype,47.653132,-122.306114,2025-03-11 06:50:09,4.308912,0.076447,71.385025,4.998779
prototype,47.653132,-122.306114,2025-03-11 06:50:25,4.306197,0.077090,70.813103,4.998779
prototype,47.653132,-122.306114,2025-03-11 06:50:33,4.310251,0.077414,71.385025,4.998779
prototype,47.653132,-122.306114,2025-03-11 06:50:41,4.308912,0.077823,71.289696,4.998779
prototype,47.653132,-122.306114,2025-03-11 06:50:49,4.306200,0.076925,71.099144,4.998779
prototype,47.653132,-122.306114,2025-03-11 06:50:57,4.307532,0.077172,71.289757,4.998779
prototype,47.653132,-122.306114,2025-03-11 06:51:05,4.308871,0.076926,70.908707,4.998779
prototype,47.653132,-122.306114,2025-03-11 06:51:21,4.310251,0.077497,70.813492,4.998779
prototype,47.653132,-122.306114,2025-03-11 06:51:29,4.310254,0.077986,71.194595,4.998779
prototype,47.653132,-122.306114,2025-03-11 06:51:37,4.307536,0.077661,71.575470,4.998779
prototype,47.653132,-122.306114,2025-03-11 06:51:45,4.310251,0.077496,71.289146,4.998779
prototype,47.653132,-122.306114,2025-03-11 06:51:53,4.306240,0.076928,70.908768,4.998779
prototype,47.653132,-122.306114,2025-03-11 06:52:01,4.308912,0.077252,71.385025,4.998779
prototype,47.653132,-122.306114,2025-03-11 06:52:09,4.304861,0.077169,71.194427,4.998779
prototype,47.653132,-122.306114,2025-03-11 06:52:17,4.308912,0.076362,71.004044,4.998779
prototype,47.653132,-122.306114,2025-03-11 06:52:25,4.308912,0.076033,71.099319,4.998779
prototype,47.653132,-122.306114,2025-03-11 06:52:41,4.304861,0.075312,71.480247,4.998779
prototype,47.653132,-122.306114,2025-03-11 06:52:49,4.303525,0.074751,72.335190,4.998779
prototype,47.653132,-122.306114,2025-03-11 06:53:13,4.302189,0.074508,71.003983,4.998779
prototype,47.653132,-122.306114,2025-03-11 06:53:21,4.302189,0.074589,71.194420,4.998779
prototype,47.653132,-122.306114,2025-03-11 06:53:37,4.303525,0.075070,71.384972,4.998779
prototype,47.653132,-122.306114,2025-03-11 06:53:45,4.306240,0.075390,71.194534,4.998779
prototype,47.653132,-122.306114,2025-03-11 06:53:53,4.307579,0.075150,71.385025,4.998779
prototype,47.653132,-122.306114,2025-03-11 06:54:17,4.303525,0.075388,71.003983,4.998779
prototype,47.653132,-122.306114,2025-03-11 06:54:25,4.307622,0.075955,71.003929,4.998779
prototype,47.653132,-122.306114,2025-03-11 06:54:41,4.307579,0.075309,71.099258,4.998779
prototype,47.653132,-122.306114,2025-03-11 06:55:05,4.308871,0.075630,71.099258,4.998779
prototype,47.653132,-122.306114,2025-03-11 06:55:13,4.307576,0.075793,71.289635,4.998779
prototype,47.653132,-122.306114,2025-03-11 06:55:37,4.308915,0.075954,71.099258,4.998779
prototype,47.653132,-122.306114,2025-03-11 06:55:53,4.306197,0.075960,71.099152,4.998779
prototype,47.653132,-122.306114,2025-03-11 06:56:01,4.303525,0.075231,71.385025,4.998779
prototype,47.653132,-122.306114,2025-03-11 06:56:17,4.306197,0.076358,71.384972,4.998779
prototype,47.653132,-122.306114,2025-03-11 06:56:25,4.308912,0.076196,71.289749,4.998779
prototype,47.653132,-122.306114,2025-03-11 06:56:33,4.304861,0.075954,71.099098,4.998779
prototype,47.653132,-122.306114,2025-03-11 06:56:41,4.310251,0.076358,71.860245,4.998779
prototype,47.653132,-122.306114,2025-03-11 06:56:57,4.304861,0.075712,71.480247,4.998779
prototype,47.653132,-122.306114,2025-03-11 06:57:05,4.308912,0.075954,71.575470,4.998779
prototype,47.653132,-122.306114,2025-03-11 06:57:21,4.306200,0.075792,71.385025,4.998779
prototype,47.653132,-122.306114,2025-03-11 06:57:29,4.307576,0.076197,71.384972,4.998779
prototype,47.653132,-122.306114,2025-03-11 06:57:45,4.310210,0.075796,71.194473,4.998779
prototype,47.653132,-122.306114,2025-03-11 06:58:09,4.307536,0.076601,71.289474,4.998779
prototype,47.653132,-122.306114,2025-03-11 06:58:17,4.312888,0.077415,71.384697,4.998779
prototype,47.653132,-122.306114,2025-03-11 06:58:25,4.312929,0.077577,71.194534,4.998779
prototype,47.653132,-122.306114,2025-03-11 06:58:33,4.311590,0.077497,71.289642,4.998779
prototype,47.653132,-122.306114,2025-03-11 06:58:41,4.310251,0.078153,71.289749,4.998779
prototype,47.653132,-122.306114,2025-03-11 06:58:57,4.315650,0.079467,71.575462,4.998779
prototype,47.653132,-122.306114,2025-03-11 06:59:05,4.312929,0.077756,71.670639,4.998779
prototype,47.653132,-122.306114,2025-03-11 06:59:13,4.311590,0.077823,71.194481,4.998779
prototype,47.653132,-122.306114,2025-03-11 06:59:21,4.311590,0.077986,70.908768,4.998779
prototype,47.653132,-122.306114,2025-03-11 06:59:29,4.308912,0.078073,71.385025,4.998779
prototype,47.653132,-122.306114,2025-03-11 06:59:53,4.304861,0.077172,71.670639,4.998779
prototype,47.653132,-122.306114,2025-03-11 07:00:09,4.307536,0.076360,71.099258,4.998779
prototype,47.653132,-122.306114,2025-03-11 07:00:17,4.306200,0.076682,70.908600,4.998779
prototype,47.653132,-122.306114,2025-03-11 07:00:25,4.304861,0.076520,71.194427,4.998779
prototype,47.653132,-122.306114,2025-03-11 07:00:33,4.310251,0.076765,71.194427,4.998779
prototype,47.653132,-122.306114,2025-03-11 07:00:49,4.306197,0.076683,71.003983,4.998779
prototype,47.653132,-122.306114,2025-03-11 07:01:05,4.304861,0.076600,71.385025,4.998779
prototype,47.653132,-122.306114,2025-03-11 07:01:13,4.311590,0.077251,71.099258,4.998779
prototype,47.653132,-122.306114,2025-03-11 07:01:21,4.311590,0.077333,71.479973,4.998779
prototype,47.653132,-122.306114,2025-03-11 07:01:29,4.308871,0.077170,71.003929,4.998779
prototype,47.653132,-122.306114,2025-03-11 07:01:37,4.307532,0.077007,71.099258,4.998779
prototype,47.653132,-122.306114,2025-03-11 07:01:53,4.306197,0.076845,71.480240,4.998779
prototype,47.653132,-122.306114,2025-03-11 07:02:01,4.310251,0.077089,71.384972,4.998779
prototype,47.653132,-122.306114,2025-03-11 07:02:09,4.310251,0.077252,71.385025,4.998779
prototype,47.653132,-122.306114,2025-03-11 07:02:17,4.307532,0.076359,71.575409,4.998779
prototype,47.653132,-122.306114,2025-03-11 07:02:33,4.304861,0.075873,71.289810,4.998779
prototype,47.653132,-122.306114,2025-03-11 07:02:41,4.306197,0.076277,71.289749,4.998779
prototype,47.653132,-122.306114,2025-03-11 07:02:57,4.303525,0.075389,71.384689,4.998779
prototype,47.653132,-122.306114,2025-03-11 07:03:13,4.307576,0.076601,71.289749,4.998779
prototype,47.653132,-122.306114,2025-03-11 07:03:21,4.304904,0.075874,71.575462,4.998779
prototype,47.653132,-122.306114,2025-03-11 07:03:29,4.307536,0.076441,71.384750,4.998779
prototype,47.653132,-122.306114,2025-03-11 07:03:37,4.307532,0.076438,71.289749,4.998779
prototype,47.653132,-122.306114,2025-03-11 07:03:45,4.307576,0.076120,71.099037,4.998779
prototype,47.653132,-122.306114,2025-03-11 07:04:01,4.302189,0.075630,71.194534,4.998779
prototype,47.653132,-122.306114,2025-03-11 07:04:17,4.310210,0.076929,71.004044,4.998779
prototype,47.653132,-122.306114,2025-03-11 07:04:25,4.310251,0.077170,71.384972,4.998779
prototype,47.653132,-122.306114,2025-03-11 07:04:33,4.310254,0.076767,71.099152,4.998779
prototype,47.653132,-122.306114,2025-03-11 07:04:41,4.312929,0.076277,71.289749,4.998779
prototype,47.653132,-122.306114,2025-03-11 07:04:49,4.312929,0.077168,70.908768,4.998779
prototype,47.653132,-122.306114,2025-03-11 07:05:05,4.310251,0.076769,72.051064,4.998779
prototype,47.653132,-122.306114,2025-03-11 07:05:21,4.308912,0.076765,71.575302,4.998779
prototype,47.653132,-122.306114,2025-03-11 07:05:29,4.310210,0.076115,71.194534,4.998779
prototype,47.653132,-122.306114,2025-03-11 07:05:37,4.307532,0.075878,71.194199,4.998779
prototype,47.653132,-122.306114,2025-03-11 07:05:45,4.306240,0.076521,71.194473,4.998779
prototype,47.653132,-122.306114,2025-03-11 07:06:09,4.314268,0.076763,71.575516,4.998779
prototype,47.653132,-122.306114,2025-03-11 07:06:25,4.311590,0.077741,71.194534,4.998779
prototype,47.653132,-122.306114,2025-03-11 07:06:41,4.308915,0.076927,71.099144,4.998779
prototype,47.653132,-122.306114,2025-03-11 07:06:49,4.308871,0.077252,71.384911,4.998779
prototype,47.653132,-122.306114,2025-03-11 07:06:57,4.307579,0.076120,71.480247,4.998779
prototype,47.653132,-122.306114,2025-03-11 07:07:05,4.307576,0.076119,71.003929,4.998779
prototype,47.653132,-122.306114,2025-03-11 07:07:13,4.307536,0.076115,71.765297,4.998779
prototype,47.653132,-122.306114,2025-03-11 07:07:37,4.303525,0.074988,71.194260,4.998779
prototype,47.653132,-122.306114,2025-03-11 07:07:53,4.304861,0.075631,71.385025,4.998779
prototype,47.653132,-122.306114,2025-03-11 07:08:01,4.304861,0.075633,71.480247,4.998779
prototype,47.653132,-122.306114,2025-03-11 07:08:09,4.306200,0.075874,71.480247,4.998779
prototype,47.653132,-122.306114,2025-03-11 07:08:17,4.303525,0.075403,71.289749,4.998779
prototype,47.653132,-122.306114,2025-03-11 07:08:25,4.303485,0.074587,71.765076,4.998779
prototype,47.653132,-122.306114,2025-03-11 07:08:33,4.308912,0.075550,71.480194,4.998779
prototype,47.653132,-122.306114,2025-03-11 07:08:41,4.302149,0.075067,71.575516,4.998779
prototype,47.653132,-122.306114,2025-03-11 07:08:49,4.302189,0.074670,71.099258,4.998779
prototype,47.653132,-122.306114,2025-03-11 07:09:05,4.303525,0.074829,71.670639,4.998779
prototype,47.653132,-122.306114,2025-03-11 07:09:13,4.306197,0.074667,71.099258,4.998779
prototype,47.653132,-122.306114,2025-03-11 07:09:21,4.310251,0.076281,71.575409,4.998779
prototype,47.653132,-122.306114,2025-03-11 07:09:37,4.304861,0.075471,71.194473,4.998779
prototype,47.653132,-122.306114,2025-03-11 07:09:45,4.303525,0.075631,72.145302,4.998779
prototype,47.653132,-122.306114,2025-03-11 07:09:53,4.307536,0.074991,71.289749,4.998779
prototype,47.653132,-122.306114,2025-03-11 07:10:09,4.306240,0.075553,70.908768,4.998779
prototype,47.653132,-122.306114,2025-03-11 07:10:17,4.308912,0.074668,71.385025,4.998779
prototype,47.653132,-122.306114,2025-03-11 07:10:25,4.304861,0.074834,71.099144,4.998779
prototype,47.653132,-122.306114,2025-03-11 07:10:33,4.308912,0.074988,71.575516,4.998779
prototype,47.653132,-122.306114,2025-03-11 07:10:50,4.311590,0.076034,70.908607,4.998779
prototype,47.653132,-122.306114,2025-03-11 07:11:06,4.308871,0.075875,71.099258,4.998779
prototype,47.653132,-122.306114,2025-03-11 07:11:14,4.307576,0.076035,71.289757,4.998779
prototype,47.653132,-122.306114,2025-03-11 07:11:22,4.310251,0.075791,71.194595,4.998779
prototype,47.653132,-122.306114,2025-03-11 07:11:38,4.307532,0.076197,71.099258,4.998779
prototype,47.653132,-122.306114,2025-03-11 07:11:46,4.307536,0.075797,71.385025,4.998779
prototype,47.653132,-122.306114,2025-03-11 07:11:54,4.303525,0.074589,70.718109,4.998779
prototype,47.653132,-122.306114,2025-03-11 07:12:02,4.307576,0.075633,71.194534,4.998779
prototype,47.653132,-122.306114,2025-03-11 07:12:10,4.306240,0.075630,71.385025,4.998779
prototype,47.653132,-122.306114,2025-03-11 07:12:18,4.308871,0.076196,71.480194,4.998779
prototype,47.653132,-122.306114,2025-03-11 07:12:26,4.308912,0.076115,71.384972,4.998779
prototype,47.653132,-122.306114,2025-03-11 07:12:58,4.314268,0.078068,71.480194,4.998779
prototype,47.653132,-122.306114,2025-03-11 07:13:06,4.314311,0.077988,71.194534,4.998779
prototype,47.653132,-122.306114,2025-03-11 07:13:14,4.310251,0.077904,71.575409,4.998779
prototype,47.653132,-122.306114,2025-03-11 07:13:30,4.314311,0.077742,71.384972,4.998779
prototype,47.653132,-122.306114,2025-03-11 07:13:38,4.308915,0.077497,71.480141,4.998779
prototype,47.653132,-122.306114,2025-03-11 07:13:54,4.312972,0.077578,71.480247,4.998779
prototype,47.653132,-122.306114,2025-03-11 07:14:02,4.308871,0.076925,71.099258,4.998779
prototype,47.653132,-122.306114,2025-03-11 07:14:10,4.308912,0.077829,71.194481,4.998779
prototype,47.653132,-122.306114,2025-03-11 07:14:26,4.308915,0.076601,70.908653,4.998779
prototype,47.653132,-122.306114,2025-03-11 07:14:34,4.314268,0.078477,71.003929,4.998779
prototype,47.653132,-122.306114,2025-03-11 07:14:42,4.316991,0.077501,71.194481,4.998779
prototype,47.653132,-122.306114,2025-03-11 07:14:50,4.310251,0.078067,71.194473,4.998779
prototype,47.653132,-122.306114,2025-03-11 07:14:58,4.310251,0.077335,71.289749,4.998779
prototype,47.653132,-122.306114,2025-03-11 07:15:06,4.306197,0.076764,71.099205,4.998779
prototype,47.653132,-122.306114,2025-03-11 07:15:14,4.307532,0.076927,71.385025,4.998779
prototype,47.653132,-122.306114,2025-03-11 07:15:30,4.315652,0.077335,71.480240,4.998779
prototype,47.653132,-122.306114,2025-03-11 07:16:10,4.312929,0.077333,71.480240,4.998779
prototype,47.653132,-122.306114,2025-03-11 07:16:34,4.310294,0.077658,71.098984,4.998779
prototype,47.653132,-122.306114,2025-03-11 07:16:42,4.311590,0.078314,71.575470,4.998779
prototype,47.653132,-122.306114,2025-03-11 07:16:58,4.311590,0.077905,71.003983,4.998779
prototype,47.653132,-122.306114,2025-03-11 07:17:06,4.310210,0.076925,71.480240,4.998779
prototype,47.653132,-122.306114,2025-03-11 07:17:22,4.314311,0.079219,71.194321,4.998779
prototype,47.653132,-122.306114,2025-03-11 07:17:30,4.315650,0.078727,71.194534,4.998779
prototype,47.653132,-122.306114,2025-03-11 07:17:38,4.311590,0.078232,71.670639,4.998779
prototype,47.653132,-122.306114,2025-03-11 07:18:18,4.310297,0.077010,70.813217,4.998779
prototype,47.653132,-122.306114,2025-03-11 07:18:26,4.306197,0.076520,71.575409,4.998779
prototype,47.653132,-122.306114,2025-03-11 07:18:34,4.306240,0.075957,71.384972,4.998779
prototype,47.653132,-122.306114,2025-03-11 07:18:42,4.308871,0.076687,71.384972,4.998779
prototype,47.653132,-122.306114,2025-03-11 07:18:50,4.308915,0.076440,71.670738,4.998779
prototype,47.653132,-122.306114,2025-03-11 07:18:58,4.308912,0.077010,71.289696,4.998779
prototype,47.653132,-122.306114,2025-03-11 07:19:06,4.307536,0.076277,71.289749,4.998779
prototype,47.653132,-122.306114,2025-03-11 07:19:14,4.306197,0.076521,71.289642,4.998779
prototype,47.653132,-122.306114,2025-03-11 07:19:22,4.306200,0.075953,71.480301,4.998779
prototype,47.653132,-122.306114,2025-03-11 07:19:30,4.310251,0.076603,71.004044,4.998779
prototype,47.653132,-122.306114,2025-03-11 07:19:46,4.308912,0.076682,71.384972,4.998779
prototype,47.653132,-122.306114,2025-03-11 07:20:02,4.310251,0.076683,71.289749,4.998779
prototype,47.653132,-122.306114,2025-03-11 07:20:10,4.303525,0.076204,71.003929,4.998779
prototype,47.653132,-122.306114,2025-03-11 07:20:18,4.304861,0.076115,70.908768,4.998779
prototype,47.653132,-122.306114,2025-03-11 07:20:26,4.304904,0.074747,70.622780,4.998779
prototype,47.653132,-122.306114,2025-03-11 07:20:34,4.308871,0.075239,71.765907,4.998779
prototype,47.653132,-122.306114,2025-03-11 07:20:42,4.310254,0.076927,71.670738,4.998779
prototype,47.653132,-122.306114,2025-03-11 07:20:50,4.308871,0.076439,71.670738,4.998779
prototype,47.653132,-122.306114,2025-03-11 07:20:58,4.303525,0.076035,71.289749,4.998779
prototype,47.653132,-122.306114,2025-03-11 07:21:06,4.303525,0.075472,71.575516,4.998779
prototype,47.653132,-122.306114,2025-03-11 07:21:22,4.310251,0.076359,71.385025,4.998779
prototype,47.653132,-122.306114,2025-03-11 07:21:30,4.310251,0.076525,71.385025,4.998779
prototype,47.653132,-122.306114,2025-03-11 07:21:38,4.307532,0.076358,71.289749,4.998779
prototype,47.653132,-122.306114,2025-03-11 07:21:46,4.311590,0.077009,71.670578,4.998779
prototype,47.653132,-122.306114,2025-03-11 07:22:02,4.314271,0.077662,71.480247,4.998779
prototype,47.653132,-122.306114,2025-03-11 07:22:10,4.312929,0.077659,72.146011,4.998779
prototype,47.653132,-122.306114,2025-03-11 07:22:18,4.316991,0.077336,71.194534,4.998779
prototype,47.653132,-122.306114,2025-03-11 07:22:26,4.311590,0.077577,71.670578,4.998779
prototype,47.653132,-122.306114,2025-03-11 07:22:34,4.310297,0.076931,71.575470,4.998779
prototype,47.653132,-122.306114,2025-03-11 07:22:42,4.311590,0.077251,71.575302,4.998779
prototype,47.653132,-122.306114,2025-03-11 07:22:50,4.307576,0.076521,71.860245,4.998779
prototype,47.653132,-122.306114,2025-03-11 07:22:58,4.308871,0.076278,71.099258,4.998779
prototype,47.653132,-122.306114,2025-03-11 07:23:06,4.307576,0.076523,71.194427,4.998779
prototype,47.653132,-122.306114,2025-03-11 07:23:22,4.308875,0.076849,71.480194,4.998779
prototype,47.653132,-122.306114,2025-03-11 07:23:38,4.307532,0.076359,71.289757,4.998779
prototype,47.653132,-122.306114,2025-03-11 07:23:46,4.308871,0.076440,71.385025,4.998779
prototype,47.653132,-122.306114,2025-03-11 07:23:54,4.306240,0.077095,71.575409,4.998779
prototype,47.653132,-122.306114,2025-03-11 07:24:02,4.304861,0.075711,71.384972,4.998779
prototype,47.653132,-122.306114,2025-03-11 07:24:18,4.308912,0.076845,70.908325,4.998779
prototype,47.653132,-122.306114,2025-03-11 07:24:34,4.312929,0.077331,71.003983,4.998779
prototype,47.653132,-122.306114,2025-03-11 07:24:50,4.312932,0.077253,71.003708,4.998779
prototype,47.653132,-122.306114,2025-03-11 07:24:58,4.315650,0.077741,71.003830,4.998779
prototype,47.653132,-122.306114,2025-03-11 07:25:06,4.314311,0.077741,71.385025,4.998779
prototype,47.653132,-122.306114,2025-03-11 07:25:14,4.312929,0.077497,71.289696,4.998779
prototype,47.653132,-122.306114,2025-03-11 07:25:22,4.307576,0.076602,71.954689,4.998779
prototype,47.653132,-122.306114,2025-03-11 07:25:30,4.306197,0.076684,71.384972,4.998779
prototype,47.653132,-122.306114,2025-03-11 07:25:47,4.306200,0.076358,71.289757,4.998779
prototype,47.653132,-122.306114,2025-03-11 07:25:55,4.307576,0.076277,71.480141,4.998779
prototype,47.653132,-122.306114,2025-03-11 07:26:03,4.307579,0.076034,71.480247,4.998779
prototype,47.653132,-122.306114,2025-03-11 07:26:11,4.304904,0.075553,71.385025,4.998779
prototype,47.653132,-122.306114,2025-03-11 07:26:19,4.306197,0.075632,71.194473,4.998779
prototype,47.653132,-122.306114,2025-03-11 07:26:27,4.310251,0.075312,71.194534,4.998779
prototype,47.653132,-122.306114,2025-03-11 07:26:35,4.304904,0.074909,71.384972,4.998779
prototype,47.653132,-122.306114,2025-03-11 07:26:51,4.306197,0.074519,71.480247,4.998779
prototype,47.653132,-122.306114,2025-03-11 07:26:59,4.306197,0.074829,71.003983,4.998779
prototype,47.653132,-122.306114,2025-03-11 07:27:07,4.307576,0.075953,71.384926,4.998779
prototype,47.653132,-122.306114,2025-03-11 07:27:15,4.304861,0.075954,71.480240,4.998779
prototype,47.653132,-122.306114,2025-03-11 07:27:23,4.303568,0.075310,71.289642,4.998779
prototype,47.653132,-122.306114,2025-03-11 07:27:39,4.304861,0.074348,71.002426,4.998779
prototype,47.653132,-122.306114,2025-03-11 07:27:47,4.303525,0.075148,71.289749,4.998779
prototype,47.653132,-122.306114,2025-03-11 07:27:55,4.308871,0.075395,71.575516,4.998779
prototype,47.653132,-122.306114,2025-03-11 07:28:03,4.310210,0.075953,71.003983,4.998779
prototype,47.653132,-122.306114,2025-03-11 07:28:19,4.308915,0.076358,71.575470,4.998779
prototype,47.653132,-122.306114,2025-03-11 07:28:35,4.308958,0.076440,71.289749,4.998779
prototype,47.653132,-122.306114,2025-03-11 07:28:43,4.310251,0.076277,71.480247,4.998779
prototype,47.653132,-122.306114,2025-03-11 07:28:51,4.312972,0.076603,71.194313,4.998779
prototype,47.653132,-122.306114,2025-03-11 07:28:59,4.308912,0.076359,71.289642,4.998779
prototype,47.653132,-122.306114,2025-03-11 07:29:07,4.307576,0.076440,71.289589,4.998779
prototype,47.653132,-122.306114,2025-03-11 07:29:23,4.310251,0.076763,70.908768,4.998779
prototype,47.653132,-122.306114,2025-03-11 07:29:31,4.310254,0.076441,71.003929,4.998779
prototype,47.653132,-122.306114,2025-03-11 07:29:39,4.307576,0.076280,71.385025,4.998779
prototype,47.653132,-122.306114,2025-03-11 07:30:03,4.306197,0.075229,71.385025,4.998779
prototype,47.653132,-122.306114,2025-03-11 07:30:11,4.303568,0.075316,71.289757,4.998779
prototype,47.653132,-122.306114,2025-03-11 07:30:19,4.303525,0.075148,71.099205,4.998779
prototype,47.653132,-122.306114,2025-03-11 07:30:27,4.304861,0.074828,71.480141,4.998779
prototype,47.653132,-122.306114,2025-03-11 07:30:43,4.303525,0.074748,71.385025,4.998779
prototype,47.653132,-122.306114,2025-03-11 07:30:51,4.304861,0.074589,71.480240,4.998779
prototype,47.653132,-122.306114,2025-03-11 07:30:59,4.303525,0.074587,71.575417,4.998779
prototype,47.653132,-122.306114,2025-03-11 07:31:31,4.307576,0.075471,71.765907,4.998779
prototype,47.653132,-122.306114,2025-03-11 07:31:39,4.304861,0.074748,71.289757,4.998779
prototype,47.653132,-122.306114,2025-03-11 07:31:47,4.306240,0.075069,71.670471,4.998779
prototype,47.653132,-122.306114,2025-03-11 07:31:55,4.306197,0.074754,71.384918,4.998779
prototype,47.653132,-122.306114,2025-03-11 07:32:03,4.304861,0.074508,71.194313,4.998779
prototype,47.653132,-122.306114,2025-03-11 07:32:11,4.307532,0.075469,71.289642,4.998779
prototype,47.653132,-122.306114,2025-03-11 07:32:19,4.308912,0.075713,71.480301,4.998779
prototype,47.653132,-122.306114,2025-03-11 07:32:27,4.303525,0.075309,71.289749,4.998779
prototype,47.653132,-122.306114,2025-03-11 07:32:35,4.302189,0.074427,71.575516,4.998779
prototype,47.653132,-122.306114,2025-03-11 07:32:43,4.306197,0.074427,71.003929,4.998779
prototype,47.653132,-122.306114,2025-03-11 07:33:07,4.306240,0.074427,71.289536,4.998779
prototype,47.653132,-122.306114,2025-03-11 07:33:15,4.304861,0.075070,71.194481,4.998779
prototype,47.653132,-122.306114,2025-03-11 07:33:23,4.304861,0.075550,71.575516,4.998779
prototype,47.653132,-122.306114,2025-03-11 07:33:31,4.303525,0.074748,71.194534,4.998779
prototype,47.653132,-122.306114,2025-03-11 07:33:47,4.303525,0.074028,71.480087,4.998779
prototype,47.653132,-122.306114,2025-03-11 07:34:03,4.304861,0.074426,71.575470,4.998779
prototype,47.653132,-122.306114,2025-03-11 07:34:11,4.306197,0.074826,71.384811,4.998779
prototype,47.653132,-122.306114,2025-03-11 07:34:19,4.306197,0.074587,71.289749,4.998779
prototype,47.653132,-122.306114,2025-03-11 07:34:27,4.306240,0.075070,71.004044,4.998779
prototype,47.653132,-122.306114,2025-03-11 07:34:35,4.306240,0.073876,71.194427,4.998779
prototype,47.653132,-122.306114,2025-03-11 07:34:43,4.306197,0.074427,71.194420,4.998779
prototype,47.653132,-122.306114,2025-03-11 07:34:51,4.308912,0.074588,71.384972,4.998779
prototype,47.653132,-122.306114,2025-03-11 07:34:59,4.306240,0.075067,71.765793,4.998779
prototype,47.653132,-122.306114,2025-03-11 07:35:15,4.306240,0.074829,71.194427,4.998779
prototype,47.653132,-122.306114,2025-03-11 07:35:23,4.306197,0.074907,71.575470,4.998779
prototype,47.653132,-122.306114,2025-03-11 07:35:31,4.307532,0.074347,71.861008,4.998779
prototype,47.653132,-122.306114,2025-03-11 07:35:39,4.306197,0.075069,71.099098,4.998779
prototype,47.653132,-122.306114,2025-03-11 07:35:47,4.308915,0.075391,71.384918,4.998779
prototype,47.653132,-122.306114,2025-03-11 07:35:55,4.304904,0.074667,71.194420,4.998779
prototype,47.653132,-122.306114,2025-03-11 07:36:03,4.304861,0.074988,71.289749,4.998779
prototype,47.653132,-122.306114,2025-03-11 07:36:11,4.304861,0.074508,70.813492,4.998779
prototype,47.653132,-122.306114,2025-03-11 07:36:19,4.304861,0.074427,71.289749,4.998779
prototype,47.653132,-122.306114,2025-03-11 07:36:27,4.304861,0.074427,71.858925,4.998779
prototype,47.653132,-122.306114,2025-03-11 07:36:51,4.303485,0.074747,71.385025,4.998779
prototype,47.653132,-122.306114,2025-03-11 07:37:07,4.308912,0.074988,71.575516,4.998779
prototype,47.653132,-122.306114,2025-03-11 07:37:16,4.310251,0.074911,71.670357,4.998779
prototype,47.653132,-122.306114,2025-03-11 07:37:24,4.311590,0.075875,71.670738,4.998779
prototype,47.653132,-122.306114,2025-03-11 07:37:32,4.307532,0.075067,71.194534,4.998779
prototype,47.653132,-122.306114,2025-03-11 07:37:40,4.311590,0.076034,70.908768,4.998779
prototype,47.653132,-122.306114,2025-03-11 07:37:48,4.310254,0.075471,71.289749,4.998779
prototype,47.653132,-122.306114,2025-03-11 07:38:04,4.315650,0.076198,71.384972,4.998779
prototype,47.653132,-122.306114,2025-03-11 07:38:12,4.308912,0.075874,71.384972,4.998779
prototype,47.653132,-122.306114,2025-03-11 07:38:28,4.312929,0.077007,71.480301,4.998779
prototype,47.653132,-122.306114,2025-03-11 07:38:36,4.308912,0.077007,71.480247,4.998779
prototype,47.653132,-122.306114,2025-03-11 07:39:00,4.304861,0.075711,71.194534,4.998779
prototype,47.653132,-122.306114,2025-03-11 07:39:08,4.307579,0.075471,71.861008,4.998779
prototype,47.653132,-122.306114,2025-03-11 07:39:16,4.308915,0.076035,71.480247,4.998779
prototype,47.653132,-122.306114,2025-03-11 07:39:32,4.306197,0.075792,71.194473,4.998779
prototype,47.653132,-122.306114,2025-03-11 07:39:40,4.306240,0.075389,71.575516,4.998779
prototype,47.653132,-122.306114,2025-03-11 07:39:48,4.307536,0.075471,71.575241,4.998779
prototype,47.653132,-122.306114,2025-03-11 07:40:04,4.304861,0.074909,71.194427,4.998779
prototype,47.653132,-122.306114,2025-03-11 07:40:12,4.303485,0.074828,71.003929,4.998779
prototype,47.653132,-122.306114,2025-03-11 07:40:20,4.300813,0.074426,71.670303,4.998779
prototype,47.653132,-122.306114,2025-03-11 07:40:28,4.304861,0.074587,71.289749,4.998779
prototype,47.653132,-122.306114,2025-03-11 07:40:36,4.306197,0.074988,71.480194,4.998779
prototype,47.653132,-122.306114,2025-03-11 07:40:44,4.306240,0.074588,71.289749,4.998779
prototype,47.653132,-122.306114,2025-03-11 07:40:52,4.306197,0.074748,71.289474,4.998779
prototype,47.653132,-122.306114,2025-03-11 07:41:00,4.307576,0.075556,71.765793,4.998779
prototype,47.653132,-122.306114,2025-03-11 07:41:08,4.303525,0.074427,71.384972,4.998779
prototype,47.653132,-122.306114,2025-03-11 07:41:16,4.304821,0.074267,71.670631,4.998779
prototype,47.653132,-122.306114,2025-03-11 07:41:24,4.302189,0.074427,71.194481,4.998779
prototype,47.653132,-122.306114,2025-03-11 07:41:32,4.304861,0.074830,71.289749,4.998779
prototype,47.653132,-122.306114,2025-03-11 07:41:40,4.302189,0.074347,71.099205,4.998779
prototype,47.653132,-122.306114,2025-03-11 07:41:48,4.304861,0.074507,71.289642,4.998779
prototype,47.653132,-122.306114,2025-03-11 07:42:04,4.304861,0.074667,71.670639,4.998779
prototype,47.653132,-122.306114,2025-03-11 07:42:12,4.306240,0.075069,71.480301,4.998779
prototype,47.653132,-122.306114,2025-03-11 07:42:44,4.302189,0.074507,71.289597,4.998779
prototype,47.653132,-122.306114,2025-03-11 07:43:00,4.303485,0.073790,71.670738,4.998779
prototype,47.653132,-122.306114,2025-03-11 07:43:08,4.300813,0.073471,71.194420,4.998779
prototype,47.653132,-122.306114,2025-03-11 07:43:16,4.304861,0.074426,71.194427,4.998779
prototype,47.653132,-122.306114,2025-03-11 07:43:24,4.303525,0.073949,71.194420,4.998779
prototype,47.653132,-122.306114,2025-03-11 07:43:56,4.303525,0.074027,71.670738,4.998779
prototype,47.653132,-122.306114,2025-03-11 07:44:12,4.303525,0.074107,71.003929,4.998779
prototype,47.653132,-122.306114,2025-03-11 07:44:20,4.303525,0.072995,71.289696,4.998779
prototype,47.653132,-122.306114,2025-03-11 07:44:36,4.303525,0.073787,71.289749,4.998779
prototype,47.653132,-122.306114,2025-03-11 07:44:52,4.304861,0.074507,71.289810,4.998779
prototype,47.653132,-122.306114,2025-03-11 07:45:00,4.302149,0.073949,71.003929,4.998779
prototype,47.653132,-122.306114,2025-03-11 07:45:08,4.304861,0.074747,71.575462,4.998779
prototype,47.653132,-122.306114,2025-03-11 07:45:16,4.304904,0.074427,71.480080,4.998779
prototype,47.653132,-122.306114,2025-03-11 07:45:32,4.306240,0.074187,71.194481,4.998779
prototype,47.653132,-122.306114,2025-03-11 07:45:40,4.306197,0.074427,71.385078,4.998779
prototype,47.653132,-122.306114,2025-03-11 07:45:48,4.306197,0.074267,71.575470,4.998779
prototype,47.653132,-122.306114,2025-03-11 07:46:04,4.307576,0.075069,71.480080,4.998779
prototype,47.653132,-122.306114,2025-03-11 07:46:12,4.307576,0.074668,71.384972,4.998779
prototype,47.653132,-122.306114,2025-03-11 07:46:28,4.306197,0.075311,71.861130,4.998779
prototype,47.653132,-122.306114,2025-03-11 07:46:36,4.311590,0.075228,71.384918,4.998779
prototype,47.653132,-122.306114,2025-03-11 07:46:44,4.315610,0.075632,71.004044,4.998779
prototype,47.653132,-122.306114,2025-03-11 07:46:52,4.311590,0.076115,71.670639,4.998779
prototype,47.653132,-122.306114,2025-03-11 07:47:08,4.311590,0.075631,71.480186,4.998779
prototype,47.653132,-122.306114,2025-03-11 07:47:16,4.311590,0.076686,71.385025,4.998779
prototype,47.653132,-122.306114,2025-03-11 07:47:24,4.308871,0.076196,71.194427,4.998779
prototype,47.653132,-122.306114,2025-03-11 07:47:40,4.306197,0.074989,71.480247,4.998779
prototype,47.653132,-122.306114,2025-03-11 07:47:48,4.303525,0.075229,71.956230,4.998779
prototype,47.653132,-122.306114,2025-03-11 07:48:12,4.307536,0.074747,71.194534,4.998779
prototype,47.653132,-122.306114,2025-03-11 07:48:20,4.307532,0.073796,71.670631,4.998779
prototype,47.653132,-122.306114,2025-03-11 07:48:36,4.304904,0.074836,71.194481,4.998779
prototype,47.653132,-122.306114,2025-03-11 07:48:52,4.304861,0.074508,71.289749,4.998779
prototype,47.653132,-122.306114,2025-03-11 07:49:08,4.302189,0.073472,71.670517,4.998779
prototype,47.653132,-122.306114,2025-03-11 07:49:16,4.303568,0.073870,71.480240,4.998779
prototype,47.653132,-122.306114,2025-03-11 07:49:32,4.306240,0.074427,71.480301,4.998779
prototype,47.653132,-122.306114,2025-03-11 07:49:40,4.304861,0.074508,71.670685,4.998779
prototype,47.653132,-122.306114,2025-03-11 07:49:48,4.304861,0.074347,71.670738,4.998779
prototype,47.653132,-122.306114,2025-03-11 07:49:56,4.306197,0.074347,71.099258,4.998779
prototype,47.653132,-122.306114,2025-03-11 07:50:04,4.311549,0.075553,71.194534,4.998779
prototype,47.653132,-122.306114,2025-03-11 07:50:12,4.307532,0.075229,71.575302,4.998779
prototype,47.653132,-122.306114,2025-03-11 07:50:20,4.304904,0.074667,71.480247,4.998779
prototype,47.653132,-122.306114,2025-03-11 07:50:28,4.306197,0.075234,71.670738,4.998779
prototype,47.653132,-122.306114,2025-03-11 07:50:44,4.307532,0.074749,71.480247,4.998779
prototype,47.653132,-122.306114,2025-03-11 07:50:52,4.308912,0.075884,71.480186,4.998779
prototype,47.653132,-122.306114,2025-03-11 07:51:08,4.306197,0.076035,71.384918,4.998779
prototype,47.653132,-122.306114,2025-03-11 07:51:16,4.310210,0.075471,71.765739,4.998779
prototype,47.653132,-122.306114,2025-03-11 07:51:24,4.308958,0.075233,71.384972,4.998779
prototype,47.653132,-122.306114,2025-03-11 07:51:32,4.306197,0.074911,71.289757,4.998779
prototype,47.653132,-122.306114,2025-03-11 07:51:40,4.307532,0.074427,71.480247,4.998779
prototype,47.653132,-122.306114,2025-03-11 07:51:48,4.306197,0.074427,70.813324,4.998779
prototype,47.653132,-122.306114,2025-03-11 07:51:56,4.304904,0.075070,71.575516,4.998779
prototype,47.653132,-122.306114,2025-03-11 07:52:04,4.304861,0.074508,71.099144,4.998779
prototype,47.653132,-122.306114,2025-03-11 07:52:20,4.302189,0.073393,71.670738,4.998779
prototype,47.653132,-122.306114,2025-03-11 07:52:28,4.303525,0.073711,71.384811,4.998779
prototype,47.653132,-122.306114,2025-03-11 07:52:44,4.299480,0.072915,71.384972,4.998779
prototype,47.653132,-122.306114,2025-03-11 07:53:00,4.300856,0.073153,71.765793,4.998779
prototype,47.653132,-122.306114,2025-03-11 07:53:08,4.302189,0.073710,71.480247,4.998779
prototype,47.653132,-122.306114,2025-03-11 07:53:16,4.304861,0.074270,71.384811,4.998779
prototype,47.653132,-122.306114,2025-03-11 07:53:32,4.303525,0.073313,71.289810,4.998779
prototype,47.653132,-122.306114,2025-03-11 07:53:40,4.306197,0.073789,71.480194,4.998779
prototype,47.653132,-122.306114,2025-03-11 07:54:12,4.303568,0.073951,71.575470,4.998779
prototype,47.653132,-122.306114,2025-03-11 07:54:20,4.304861,0.074186,71.575417,4.998779
prototype,47.653132,-122.306114,2025-03-11 07:54:28,4.303568,0.073393,71.765907,4.998779
prototype,47.653132,-122.306114,2025-03-11 07:54:44,4.306197,0.074346,71.480141,4.998779
prototype,47.653132,-122.306114,2025-03-11 07:54:52,4.303525,0.074033,71.194534,4.998779
prototype,47.653132,-122.306114,2025-03-11 07:55:08,4.300813,0.073471,71.289429,4.998779
prototype,47.653132,-122.306114,2025-03-11 07:55:16,4.302189,0.073315,71.575470,4.998779
prototype,47.653132,-122.306114,2025-03-11 07:55:32,4.302189,0.072679,71.289696,4.998779
prototype,47.653132,-122.306114,2025-03-11 07:55:40,4.300813,0.073073,71.385025,4.998779
prototype,47.653132,-122.306114,2025-03-11 07:56:04,4.304861,0.073550,71.480240,4.998779
prototype,47.653132,-122.306114,2025-03-11 07:56:12,4.302189,0.073551,71.385025,4.998779
prototype,47.653132,-122.306114,2025-03-11 07:56:28,4.302189,0.072916,71.194534,4.998779
prototype,47.653132,-122.306114,2025-03-11 07:56:36,4.302189,0.072444,71.765907,4.998779
prototype,47.653132,-122.306114,2025-03-11 07:56:44,4.300813,0.072520,71.575470,4.998779
prototype,47.653132,-122.306114,2025-03-11 07:56:52,4.299441,0.073152,71.384972,4.998779
prototype,47.653132,-122.306114,2025-03-11 07:57:00,4.303525,0.073711,71.861130,4.998779
prototype,47.653132,-122.306114,2025-03-11 07:57:08,4.302189,0.073393,71.670738,4.998779
prototype,47.653132,-122.306114,2025-03-11 07:57:24,4.300813,0.072598,71.480247,4.998779
prototype,47.653132,-122.306114,2025-03-11 07:57:32,4.302149,0.073549,71.861069,4.998779
prototype,47.653132,-122.306114,2025-03-11 07:57:48,4.303525,0.073311,71.955521,4.998779
prototype,47.653132,-122.306114,2025-03-11 07:57:56,4.302189,0.073312,71.575516,4.998779
prototype,47.653132,-122.306114,2025-03-11 07:58:20,4.302189,0.073232,71.670685,4.998779
prototype,47.653132,-122.306114,2025-03-11 07:58:28,4.303525,0.073075,71.670631,4.998779
prototype,47.653132,-122.306114,2025-03-11 07:58:36,4.303525,0.072599,71.765907,4.998779
prototype,47.653132,-122.306114,2025-03-11 07:58:44,4.300813,0.072126,71.385025,4.998779
prototype,47.653132,-122.306114,2025-03-11 07:58:52,4.299480,0.072206,71.480240,4.998779
prototype,47.653132,-122.306114,2025-03-11 07:59:08,4.304861,0.072361,71.385025,4.998779
prototype,47.653132,-122.306114,2025-03-11 07:59:24,4.302189,0.072519,71.289757,4.998779
prototype,47.653132,-122.306114,2025-03-11 07:59:40,4.303525,0.073947,71.099258,4.998779
prototype,47.653132,-122.306114,2025-03-11 07:59:48,4.304861,0.074027,71.480240,4.998779
prototype,47.653132,-122.306114,2025-03-11 07:59:56,4.307539,0.073234,71.384972,4.998779
prototype,47.653132,-122.306114,2025-03-11 08:00:20,4.306197,0.074029,71.384911,4.998779
prototype,47.653132,-122.306114,2025-03-11 08:00:28,4.307532,0.074266,70.908653,4.998779
prototype,47.653132,-122.306114,2025-03-11 08:00:36,4.306197,0.073708,71.384972,4.998779
prototype,47.653132,-122.306114,2025-03-11 08:00:44,4.304861,0.074346,71.099258,4.998779
prototype,47.653132,-122.306114,2025-03-11 08:00:52,4.306240,0.074188,71.480240,4.998779
prototype,47.653132,-122.306114,2025-03-11 08:01:08,4.307532,0.074670,71.575302,4.998779
prototype,47.653132,-122.306114,2025-03-11 08:01:16,4.307576,0.074667,71.956177,4.998779
prototype,47.653132,-122.306114,2025-03-11 08:01:24,4.304861,0.073867,71.480247,4.998779
prototype,47.653132,-122.306114,2025-03-11 08:01:40,4.310210,0.074907,71.480240,4.998779
prototype,47.653132,-122.306114,2025-03-11 08:01:48,4.308875,0.074667,71.384926,4.998779
prototype,47.653132,-122.306114,2025-03-11 08:01:56,4.311590,0.075630,71.575516,4.998779
prototype,47.653132,-122.306114,2025-03-11 08:02:12,4.310251,0.075953,71.289749,4.998779
prototype,47.653132,-122.306114,2025-03-11 08:02:20,4.314268,0.076033,71.575470,4.998779
prototype,47.653132,-122.306114,2025-03-11 08:02:44,4.310251,0.076359,71.289749,4.998779
prototype,47.653132,-122.306114,2025-03-11 08:02:52,4.310251,0.075714,71.289749,4.998779
prototype,47.653132,-122.306114,2025-03-11 08:03:00,4.310251,0.075391,71.575516,4.998779
prototype,47.653132,-122.306114,2025-03-11 08:03:08,4.310251,0.076041,71.575516,4.998779
prototype,47.653132,-122.306114,2025-03-11 08:03:16,4.310210,0.075793,71.670631,4.998779
prototype,47.653132,-122.306114,2025-03-11 08:03:48,4.311590,0.075469,71.384972,4.998779
prototype,47.653132,-122.306114,2025-03-11 08:03:56,4.306197,0.074668,71.575417,4.998779
prototype,47.653132,-122.306114,2025-03-11 08:04:04,4.308871,0.074748,71.384972,4.998779
prototype,47.653132,-122.306114,2025-03-11 08:04:12,4.308875,0.075229,71.194420,4.998779
prototype,47.653132,-122.306114,2025-03-11 08:04:20,4.306197,0.074990,71.289474,4.998779
prototype,47.653132,-122.306114,2025-03-11 08:04:28,4.304861,0.074909,71.384972,4.998779
prototype,47.653132,-122.306114,2025-03-11 08:04:44,4.308912,0.075234,72.336067,4.998779
prototype,47.653132,-122.306114,2025-03-11 08:05:00,4.291244,0.074186,71.480247,4.998779
prototype,47.653132,-122.306114,2025-03-11 08:05:08,4.307532,0.074506,71.480247,4.998779
prototype,47.653132,-122.306114,2025-03-11 08:05:17,4.302149,0.074027,71.670685,4.998779
prototype,47.653132,-122.306114,2025-03-11 08:05:33,4.306240,0.074507,71.099205,4.998779
prototype,47.653132,-122.306114,2025-03-11 08:05:41,4.307576,0.074427,71.289749,4.998779
prototype,47.653132,-122.306114,2025-03-11 08:05:49,4.303525,0.074427,71.861130,4.998779
prototype,47.653132,-122.306114,2025-03-11 08:05:57,4.304861,0.074427,71.384972,4.998779
prototype,47.653132,-122.306114,2025-03-11 08:06:05,4.306200,0.074347,71.194481,4.998779
prototype,47.653132,-122.306114,2025-03-11 08:06:13,4.308871,0.074587,71.575470,4.998779
prototype,47.653132,-122.306114,2025-03-11 08:06:21,4.306197,0.073557,71.575516,4.998779
prototype,47.653132,-122.306114,2025-03-11 08:06:29,4.302189,0.074030,71.575470,4.998779
prototype,47.653132,-122.306114,2025-03-11 08:06:37,4.303525,0.073787,71.384811,4.998779
prototype,47.653132,-122.306114,2025-03-11 08:06:53,4.308912,0.075307,71.765793,4.998779
prototype,47.653132,-122.306114,2025-03-11 08:07:01,4.312972,0.074830,71.575417,4.998779
prototype,47.653132,-122.306114,2025-03-11 08:07:41,4.304864,0.074267,71.575470,4.998779
prototype,47.653132,-122.306114,2025-03-11 08:07:57,4.308871,0.074747,71.670738,4.998779
prototype,47.653132,-122.306114,2025-03-11 08:08:13,4.307579,0.075243,71.861130,4.998779
prototype,47.653132,-122.306114,2025-03-11 08:08:21,4.312929,0.075390,71.385025,4.998779
prototype,47.653132,-122.306114,2025-03-11 08:08:29,4.310251,0.075470,71.670631,4.998779
prototype,47.653132,-122.306114,2025-03-11 08:08:37,4.308871,0.074827,71.861130,4.998779
prototype,47.653132,-122.306114,2025-03-11 08:08:45,4.310251,0.075230,71.099205,4.998779
prototype,47.653132,-122.306114,2025-03-11 08:08:53,4.306200,0.074748,71.575302,4.998779
prototype,47.653132,-122.306114,2025-03-11 08:09:34,4.307576,0.074828,71.480240,4.998779
prototype,47.653132,-122.306114,2025-03-11 08:09:42,4.308871,0.075550,72.049530,4.998779
prototype,47.653132,-122.306114,2025-03-11 08:09:50,4.306240,0.075069,71.194481,4.998779
prototype,47.653132,-122.306114,2025-03-11 08:09:58,4.307532,0.074588,71.385025,4.998779
prototype,47.653132,-122.306114,2025-03-11 08:10:06,4.306197,0.074427,71.194420,4.998779
prototype,47.653132,-122.306114,2025-03-11 08:10:14,4.308871,0.074827,71.670738,4.998779
prototype,47.653132,-122.306114,2025-03-11 08:10:22,4.308958,0.074910,71.385025,4.998779
prototype,47.653132,-122.306114,2025-03-11 08:10:30,4.303525,0.074427,71.670639,4.998779
prototype,47.653132,-122.306114,2025-03-11 08:10:38,4.307536,0.074196,71.289650,4.998779
prototype,47.653132,-122.306114,2025-03-11 08:10:46,4.303525,0.074426,72.051285,4.998779
prototype,47.653132,-122.306114,2025-03-11 08:10:54,4.304904,0.074349,71.480301,4.998779
prototype,47.653132,-122.306114,2025-03-11 08:11:02,4.308871,0.074427,71.480240,4.998779
prototype,47.653132,-122.306114,2025-03-11 08:11:10,4.307532,0.074587,71.575516,4.998779
prototype,47.653132,-122.306114,2025-03-11 08:11:18,4.304861,0.073949,71.575417,4.998779
prototype,47.653132,-122.306114,2025-03-11 08:11:26,4.302189,0.073951,71.765739,4.998779
prototype,47.653132,-122.306114,2025-03-11 08:11:34,4.306197,0.074266,71.194481,4.998779
prototype,47.653132,-122.306114,2025-03-11 08:11:42,4.307532,0.074746,71.765907,4.998779
prototype,47.653132,-122.306114,2025-03-11 08:11:50,4.307576,0.075149,72.620461,4.998779
prototype,47.653132,-122.306114,2025-03-11 08:11:58,4.304904,0.074426,71.099205,4.998779
prototype,47.653132,-122.306114,2025-03-11 08:12:06,4.306197,0.074587,71.575302,4.998779
prototype,47.653132,-122.306114,2025-03-11 08:12:14,4.304861,0.074427,71.575470,4.998779
prototype,47.653132,-122.306114,2025-03-11 08:12:30,4.303485,0.073867,71.575417,4.998779
prototype,47.653132,-122.306114,2025-03-11 08:12:38,4.303485,0.074026,71.956291,4.998779
prototype,47.653132,-122.306114,2025-03-11 08:12:46,4.304904,0.074110,71.384911,4.998779
prototype,47.653132,-122.306114,2025-03-11 08:13:02,4.302189,0.073473,71.480247,4.998779
prototype,47.653132,-122.306114,2025-03-11 08:13:10,4.304861,0.073949,71.385025,4.998779
prototype,47.653132,-122.306114,2025-03-11 08:13:18,4.306197,0.074107,72.051399,4.998779
prototype,47.653132,-122.306114,2025-03-11 08:13:26,4.304821,0.074266,71.289749,4.998779
prototype,47.653132,-122.306114,2025-03-11 08:13:50,4.308871,0.074107,71.384972,4.998779
prototype,47.653132,-122.306114,2025-03-11 08:13:58,4.306197,0.074266,71.575462,4.998779
prototype,47.653132,-122.306114,2025-03-11 08:14:06,4.303485,0.073788,71.384972,4.998779
prototype,47.653132,-122.306114,2025-03-11 08:14:22,4.303525,0.073631,71.384972,4.998779
prototype,47.653132,-122.306114,2025-03-11 08:14:38,4.303525,0.072919,71.480301,4.998779
prototype,47.653132,-122.306114,2025-03-11 08:14:46,4.303525,0.073311,71.575409,4.998779
prototype,47.653132,-122.306114,2025-03-11 08:14:54,4.303525,0.073550,71.194481,4.998779
prototype,47.653132,-122.306114,2025-03-11 08:15:10,4.306197,0.073947,71.670738,4.998779
prototype,47.653132,-122.306114,2025-03-11 08:15:18,4.306197,0.074186,71.670738,4.998779
prototype,47.653132,-122.306114,2025-03-11 08:15:26,4.306197,0.074186,71.480240,4.998779
prototype,47.653132,-122.306114,2025-03-11 08:15:34,4.307536,0.074507,71.194260,4.998779
prototype,47.653132,-122.306114,2025-03-11 08:15:42,4.308912,0.074508,70.718102,4.998779
prototype,47.653132,-122.306114,2025-03-11 08:15:50,4.310251,0.075227,71.575516,4.998779
prototype,47.653132,-122.306114,2025-03-11 08:16:06,4.306197,0.074510,71.765961,4.998779
prototype,47.653132,-122.306114,2025-03-11 08:16:14,4.306197,0.074427,71.384911,4.998779
prototype,47.653132,-122.306114,2025-03-11 08:16:22,4.306197,0.074914,71.385025,4.998779
prototype,47.653132,-122.306114,2025-03-11 08:16:30,4.306200,0.074506,71.765961,4.998779
prototype,47.653132,-122.306114,2025-03-11 08:16:46,4.304861,0.074267,71.670738,4.998779
prototype,47.653132,-122.306114,2025-03-11 08:17:02,4.303485,0.074028,71.289749,4.998779
prototype,47.653132,-122.306114,2025-03-11 08:17:10,4.304861,0.074346,71.765907,4.998779
prototype,47.653132,-122.306114,2025-03-11 08:17:18,4.303525,0.073949,71.670410,4.998779
prototype,47.653132,-122.306114,2025-03-11 08:17:34,4.304861,0.074186,71.670738,4.998779
prototype,47.653132,-122.306114,2025-03-11 08:17:42,4.304861,0.074107,71.575409,4.998779
prototype,47.653132,-122.306114,2025-03-11 08:17:50,4.302149,0.074186,71.480247,4.998779
prototype,47.653132,-122.306114,2025-03-11 08:17:58,4.307532,0.074186,71.099258,4.998779
prototype,47.653132,-122.306114,2025-03-11 08:18:14,4.306200,0.074188,71.194473,4.998779
prototype,47.653132,-122.306114,2025-03-11 08:18:22,4.306197,0.074266,71.575470,4.998779
prototype,47.653132,-122.306114,2025-03-11 08:18:38,4.304861,0.073870,71.289810,4.998779
prototype,47.653132,-122.306114,2025-03-11 08:18:46,4.302189,0.073155,71.480301,4.998779
prototype,47.653132,-122.306114,2025-03-11 08:18:54,4.302189,0.072994,71.194534,4.998779
prototype,47.653132,-122.306114,2025-03-11 08:19:10,4.304821,0.073632,71.860680,4.998779
prototype,47.653132,-122.306114,2025-03-11 08:19:18,4.307532,0.074266,71.575516,4.998779
prototype,47.653132,-122.306114,2025-03-11 08:19:26,4.308871,0.074266,71.765739,4.998779
prototype,47.653132,-122.306114,2025-03-11 08:19:34,4.308875,0.074427,72.050400,4.998779
prototype,47.653132,-122.306114,2025-03-11 08:19:42,4.306197,0.073947,71.765907,4.998779
prototype,47.653132,-122.306114,2025-03-11 08:20:06,4.303525,0.073313,71.099258,4.998779
prototype,47.653132,-122.306114,2025-03-11 08:20:22,4.307576,0.074187,71.480240,4.998779
prototype,47.653132,-122.306114,2025-03-11 08:20:30,4.303525,0.073710,71.670631,4.998779
prototype,47.653132,-122.306114,2025-03-11 08:20:46,4.304861,0.074267,71.670685,4.998779
prototype,47.653132,-122.306114,2025-03-11 08:20:54,4.308912,0.074269,71.670685,4.998779
prototype,47.653132,-122.306114,2025-03-11 08:21:02,4.307576,0.074587,71.385025,4.998779
prototype,47.653132,-122.306114,2025-03-11 08:21:18,4.306240,0.074427,71.289749,4.998779
prototype,47.653132,-122.306114,2025-03-11 08:21:26,4.310254,0.074507,71.765907,4.998779
prototype,47.653132,-122.306114,2025-03-11 08:21:34,4.306197,0.074507,71.289642,4.998779
prototype,47.653132,-122.306114,2025-03-11 08:21:42,4.304861,0.074752,71.575470,4.998779
prototype,47.653132,-122.306114,2025-03-11 08:21:50,4.307532,0.074186,71.861008,4.998779
prototype,47.653132,-122.306114,2025-03-11 08:21:58,4.308871,0.074107,71.765793,4.998779
prototype,47.653132,-122.306114,2025-03-11 08:22:14,4.304861,0.073710,71.860733,4.998779
prototype,47.653132,-122.306114,2025-03-11 08:22:38,4.306197,0.074266,71.765961,4.998779
prototype,47.653132,-122.306114,2025-03-11 08:22:46,4.306197,0.073788,71.289757,4.998779
prototype,47.653132,-122.306114,2025-03-11 08:23:02,4.307532,0.074347,71.670639,4.998779
prototype,47.653132,-122.306114,2025-03-11 08:23:10,4.304861,0.074346,71.289642,4.998779
prototype,47.653132,-122.306114,2025-03-11 08:23:42,4.304861,0.074430,71.670738,4.998779
prototype,47.653132,-122.306114,2025-03-11 08:23:50,4.306200,0.074272,71.670685,4.998779
prototype,47.653132,-122.306114,2025-03-11 08:23:58,4.304861,0.074106,71.575462,4.998779
prototype,47.653132,-122.306114,2025-03-11 08:24:06,4.300856,0.072996,71.670738,4.998779
prototype,47.653132,-122.306114,2025-03-11 08:24:14,4.302149,0.072993,71.385025,4.998779
prototype,47.653132,-122.306114,2025-03-11 08:24:22,4.303525,0.073312,71.861130,4.998779
prototype,47.653132,-122.306114,2025-03-11 08:24:30,4.302189,0.073397,71.385025,4.998779
prototype,47.653132,-122.306114,2025-03-11 08:24:38,4.303525,0.073550,71.575417,4.998779
prototype,47.653132,-122.306114,2025-03-11 08:24:46,4.304861,0.073631,71.765961,4.998779
prototype,47.653132,-122.306114,2025-03-11 08:25:02,4.300813,0.073076,71.575516,4.998779
prototype,47.653132,-122.306114,2025-03-11 08:25:34,4.300813,0.073074,71.575470,4.998779
prototype,47.653132,-122.306114,2025-03-11 08:25:42,4.304861,0.073469,71.861069,4.998779
prototype,47.653132,-122.306114,2025-03-11 08:25:50,4.306197,0.073947,71.670738,4.998779
prototype,47.653132,-122.306114,2025-03-11 08:25:58,4.307579,0.073710,71.194481,4.998779
prototype,47.653132,-122.306114,2025-03-11 08:26:06,4.308915,0.074107,72.241447,4.998779
prototype,47.653132,-122.306114,2025-03-11 08:26:14,4.308912,0.074427,71.575409,4.998779
prototype,47.653132,-122.306114,2025-03-11 08:26:22,4.308871,0.074512,71.575409,4.998779
prototype,47.653132,-122.306114,2025-03-11 08:26:30,4.304861,0.074266,71.480141,4.998779
prototype,47.653132,-122.306114,2025-03-11 08:26:38,4.307576,0.074587,71.765961,4.998779
prototype,47.653132,-122.306114,2025-03-11 08:26:46,4.303525,0.073790,71.765961,4.998779
prototype,47.653132,-122.306114,2025-03-11 08:26:54,4.306197,0.073712,71.670685,4.998779
prototype,47.653132,-122.306114,2025-03-11 08:27:10,4.303525,0.073074,71.575409,4.998779
prototype,47.653132,-122.306114,2025-03-11 08:27:26,4.300856,0.072444,71.194481,4.998779
prototype,47.653132,-122.306114,2025-03-11 08:27:42,4.302189,0.072679,71.861069,4.998779
prototype,47.653132,-122.306114,2025-03-11 08:27:50,4.304861,0.073154,71.575302,4.998779
prototype,47.653132,-122.306114,2025-03-11 08:27:58,4.303525,0.072677,71.194260,4.998779
prototype,47.653132,-122.306114,2025-03-11 08:28:06,4.307532,0.073392,71.861008,4.998779
dummy,69.420,13.37,2025-03-11 08:28:11
prototype,47.653132,-122.306114,2025-03-11 08:28:14,4.306197,0.073153,71.385025,4.998779
prototype,47.653132,-122.306114,2025-03-11 08:28:30,4.306197,0.073153,71.289650,4.998779
prototype,47.653132,-122.306114,2025-03-11 08:28:38,4.303525,0.072837,72.050735,4.998779
prototype,47.653132,-122.306114,2025-03-11 08:28:46,4.303525,0.072916,71.765793,4.998779
prototype,47.653132,-122.306114,2025-03-11 08:28:54,4.303485,0.072361,71.670631,4.998779
prototype,47.653132,-122.306114,2025-03-11 08:29:02,4.303525,0.073153,71.575241,4.998779
prototype,47.653132,-122.306114,2025-03-11 08:29:18,4.304861,0.072994,71.575409,4.998779
prototype,47.653132,-122.306114,2025-03-11 08:29:26,4.304861,0.073233,71.670639,4.998779
prototype,47.653132,-122.306114,2025-03-11 08:29:34,4.306197,0.073789,71.670578,4.998779
prototype,47.653132,-122.306114,2025-03-11 08:29:42,4.304861,0.073152,71.765579,4.998779
prototype,47.653132,-122.306114,2025-03-11 08:29:50,4.310251,0.073867,71.765961,4.998779
prototype,47.653132,-122.306114,2025-03-11 08:30:06,4.303485,0.073709,71.765907,4.998779
prototype,47.653132,-122.306114,2025-03-11 08:30:22,4.300813,0.072204,71.861130,4.998779
prototype,47.653132,-122.306114,2025-03-11 08:30:30,4.303488,0.072284,71.765907,4.998779
prototype,47.653132,-122.306114,2025-03-11 08:30:46,4.302189,0.072134,71.575417,4.998779
prototype,47.653132,-122.306114,2025-03-11 08:30:54,4.303525,0.072682,71.099319,4.998779
prototype,47.653132,-122.306114,2025-03-11 08:31:02,4.304864,0.072995,71.860962,4.998779
prototype,47.653132,-122.306114,2025-03-11 08:31:10,4.302189,0.073473,71.765854,4.998779
prototype,47.653132,-122.306114,2025-03-11 08:31:18,4.303568,0.073076,71.480247,4.998779
prototype,47.653132,-122.306114,2025-03-11 08:31:26,4.304861,0.073074,71.575462,4.998779
prototype,47.653132,-122.306114,2025-03-11 08:31:34,4.303485,0.072756,71.575470,4.998779
prototype,47.653132,-122.306114,2025-03-11 08:31:42,4.302189,0.072996,72.051399,4.998779
prototype,47.653132,-122.306114,2025-03-11 08:31:51,4.302189,0.071971,71.003983,4.998779
prototype,47.653132,-122.306114,2025-03-11 08:32:07,4.302189,0.071971,71.765854,4.998779
prototype,47.653132,-122.306114,2025-03-11 08:32:15,4.306197,0.072993,71.860909,4.998779
prototype,47.653132,-122.306114,2025-03-11 08:32:23,4.306197,0.073392,71.480240,4.998779
prototype,47.653132,-122.306114,2025-03-11 08:32:31,4.303525,0.073393,71.956291,4.998779
prototype,47.653132,-122.306114,2025-03-11 08:32:39,4.304861,0.072916,71.765907,4.998779
prototype,47.653132,-122.306114,2025-03-11 08:32:47,4.304861,0.072519,71.956291,4.998779
prototype,47.653132,-122.306114,2025-03-11 08:32:55,4.302189,0.072601,71.670639,4.998779
prototype,47.653132,-122.306114,2025-03-11 08:33:03,4.308871,0.073552,71.765961,4.998779
prototype,47.653132,-122.306114,2025-03-11 08:33:11,4.306197,0.073159,71.861008,4.998779
prototype,47.653132,-122.306114,2025-03-11 08:33:19,4.302189,0.072917,71.670738,4.998779
prototype,47.653132,-122.306114,2025-03-11 08:33:27,4.302189,0.072363,71.670578,4.998779
prototype,47.653132,-122.306114,2025-03-11 08:33:43,4.303525,0.072532,71.384972,4.998779
prototype,47.653132,-122.306114,2025-03-11 08:33:59,4.303525,0.072995,71.670685,4.998779
prototype,47.653132,-122.306114,2025-03-11 08:34:07,4.300856,0.072600,71.955185,4.998779
prototype,47.653132,-122.306114,2025-03-11 08:34:15,4.304861,0.072916,72.051460,4.998779
prototype,47.653132,-122.306114,2025-03-11 08:34:23,4.306197,0.073232,71.289749,4.998779
prototype,47.653132,-122.306114,2025-03-11 08:34:31,4.306240,0.073314,71.002815,4.998779
prototype,47.653132,-122.306114,2025-03-11 08:34:47,4.311590,0.074107,71.194473,4.998779
prototype,47.653132,-122.306114,2025-03-11 08:34:55,4.312929,0.074506,71.670685,4.998779
prototype,47.653132,-122.306114,2025-03-11 08:35:03,4.311633,0.074749,71.099258,4.998779
prototype,47.653132,-122.306114,2025-03-11 08:35:11,4.314311,0.075390,71.955185,4.998779
prototype,47.653132,-122.306114,2025-03-11 08:35:19,4.310251,0.075229,71.575417,4.998779
prototype,47.653132,-122.306114,2025-03-11 08:35:35,4.306200,0.074347,71.384972,4.998779
prototype,47.653132,-122.306114,2025-03-11 08:35:43,4.307576,0.074427,71.289642,4.998779
prototype,47.653132,-122.306114,2025-03-11 08:35:51,4.306240,0.074347,71.384972,4.998779
prototype,47.653132,-122.306114,2025-03-11 08:36:15,4.306197,0.074187,71.575462,4.998779
prototype,47.653132,-122.306114,2025-03-11 08:36:23,4.303525,0.074267,71.575470,4.998779
prototype,47.653132,-122.306114,2025-03-11 08:36:39,4.304821,0.074026,71.480194,4.998779
prototype,47.653132,-122.306114,2025-03-11 08:36:55,4.306240,0.073951,71.765907,4.998779
prototype,47.653132,-122.306114,2025-03-11 08:37:03,4.304861,0.073869,71.765961,4.998779
prototype,47.653132,-122.306114,2025-03-11 08:37:11,4.306240,0.074187,71.480247,4.998779
prototype,47.653132,-122.306114,2025-03-11 08:37:27,4.304861,0.074347,71.194420,4.998779
prototype,47.653132,-122.306114,2025-03-11 08:37:35,4.306197,0.073869,71.765961,4.998779
prototype,47.653132,-122.306114,2025-03-11 08:37:43,4.300813,0.074107,71.479530,4.998779
prototype,47.653132,-122.306114,2025-03-11 08:37:59,4.304861,0.073950,71.480240,4.998779
prototype,47.653132,-122.306114,2025-03-11 08:38:07,4.303525,0.073312,71.194534,4.998779
prototype,47.653132,-122.306114,2025-03-11 08:38:15,4.307532,0.073710,71.575302,4.998779
prototype,47.653132,-122.306114,2025-03-11 08:38:23,4.303525,0.073471,71.765907,4.998779
prototype,47.653132,-122.306114,2025-03-11 08:38:31,4.304861,0.073631,71.480247,4.998779
prototype,47.653132,-122.306114,2025-03-11 08:38:39,4.303525,0.072442,71.384911,4.998779
prototype,47.653132,-122.306114,2025-03-11 08:38:47,4.303525,0.072914,71.384911,4.998779
prototype,47.653132,-122.306114,2025-03-11 08:38:55,4.307579,0.073631,71.765793,4.998779
prototype,47.653132,-122.306114,2025-03-11 08:39:03,4.306197,0.073790,71.480247,4.998779
prototype,47.653132,-122.306114,2025-03-11 08:39:11,4.304861,0.073075,71.765800,4.998779
prototype,47.653132,-122.306114,2025-03-11 08:39:19,4.307576,0.073790,71.384972,4.998779
prototype,47.653132,-122.306114,2025-03-11 08:39:35,4.306197,0.073631,71.384972,4.998779
prototype,47.653132,-122.306114,2025-03-11 08:39:43,4.306240,0.073711,71.765732,4.998779
prototype,47.653132,-122.306114,2025-03-11 08:40:07,4.302189,0.073392,71.670631,4.998779
prototype,47.653132,-122.306114,2025-03-11 08:40:15,4.302149,0.073470,71.861069,4.998779
prototype,47.653132,-122.306114,2025-03-11 08:40:23,4.302189,0.073074,71.575516,4.998779
prototype,47.653132,-122.306114,2025-03-11 08:40:31,4.303525,0.072995,71.480141,4.998779
prototype,47.653132,-122.306114,2025-03-11 08:40:47,4.306240,0.072993,71.575470,4.998779
prototype,47.653132,-122.306114,2025-03-11 08:40:55,4.303525,0.073392,71.384689,4.998779
prototype,47.653132,-122.306114,2025-03-11 08:41:03,4.303525,0.073630,71.956291,4.998779
prototype,47.653132,-122.306114,2025-03-11 08:41:19,4.307576,0.073708,71.670738,4.998779
prototype,47.653132,-122.306114,2025-03-11 08:41:35,4.304904,0.073074,71.765961,4.998779
prototype,47.653132,-122.306114,2025-03-11 08:41:43,4.306197,0.073073,71.670738,4.998779
prototype,47.653132,-122.306114,2025-03-11 08:41:51,4.307532,0.073629,71.575470,4.998779
prototype,47.653132,-122.306114,2025-03-11 08:41:59,4.307532,0.074026,71.765793,4.998779
prototype,47.653132,-122.306114,2025-03-11 08:42:07,4.308871,0.074191,71.385025,4.998779
prototype,47.653132,-122.306114,2025-03-11 08:42:15,4.307532,0.073709,71.385025,4.998779
prototype,47.653132,-122.306114,2025-03-11 08:42:31,4.308915,0.074110,71.575516,4.998779
prototype,47.653132,-122.306114,2025-03-11 08:42:39,4.303525,0.073472,71.480194,4.998779
prototype,47.653132,-122.306114,2025-03-11 08:42:47,4.303525,0.074026,71.384918,4.998779
prototype,47.653132,-122.306114,2025-03-11 08:42:55,4.303525,0.073470,71.861069,4.998779
prototype,47.653132,-122.306114,2025-03-11 08:43:03,4.307532,0.073630,71.670418,4.998779
prototype,47.653132,-122.306114,2025-03-11 08:43:11,4.308871,0.073787,71.670639,4.998779
prototype,47.653132,-122.306114,2025-03-11 08:43:19,4.307576,0.074107,71.289749,4.998779
prototype,47.653132,-122.306114,2025-03-11 08:43:27,4.307532,0.074106,71.575516,4.998779
prototype,47.653132,-122.306114,2025-03-11 08:43:43,4.303525,0.073393,71.575417,4.998779
prototype,47.653132,-122.306114,2025-03-11 08:43:51,4.303528,0.073552,71.479912,4.998779
prototype,47.653132,-122.306114,2025-03-11 08:43:59,4.304861,0.074187,71.765961,4.998779
prototype,47.653132,-122.306114,2025-03-11 08:44:07,4.304821,0.073788,71.480247,4.998779
prototype,47.653132,-122.306114,2025-03-11 08:44:23,4.304904,0.073552,71.670631,4.998779
prototype,47.653132,-122.306114,2025-03-11 08:44:31,4.303525,0.073232,71.860962,4.998779
prototype,47.653132,-122.306114,2025-03-11 08:44:55,4.306200,0.073232,71.575462,4.998779
prototype,47.653132,-122.306114,2025-03-11 08:45:03,4.302149,0.072994,71.765961,4.998779
prototype,47.653132,-122.306114,2025-03-11 08:45:43,4.303525,0.072915,71.956230,4.998779
prototype,47.653132,-122.306114,2025-03-11 08:45:51,4.303485,0.072916,71.956291,4.998779
prototype,47.653132,-122.306114,2025-03-11 08:45:59,4.306197,0.073392,71.099319,4.998779
prototype,47.653132,-122.306114,2025-03-11 08:46:07,4.307536,0.073472,71.670631,4.998779
prototype,47.653132,-122.306114,2025-03-11 08:46:15,4.308912,0.074027,71.956177,4.998779
prototype,47.653132,-122.306114,2025-03-11 08:46:23,4.310251,0.074506,71.194092,4.998779
prototype,47.653132,-122.306114,2025-03-11 08:46:31,4.310251,0.074587,71.670738,4.998779
prototype,47.653132,-122.306114,2025-03-11 08:46:39,4.311590,0.074987,71.956230,4.998779
prototype,47.653132,-122.306114,2025-03-11 08:46:47,4.310251,0.074508,71.670738,4.998779
prototype,47.653132,-122.306114,2025-03-11 08:46:55,4.312972,0.074909,71.765961,4.998779
prototype,47.653132,-122.306114,2025-03-11 08:47:03,4.307576,0.074189,71.956291,4.998779
prototype,47.653132,-122.306114,2025-03-11 08:47:11,4.307576,0.074186,72.051399,4.998779
prototype,47.653132,-122.306114,2025-03-11 08:47:19,4.304864,0.073630,72.146446,4.998779
prototype,47.653132,-122.306114,2025-03-11 08:47:27,4.304861,0.073234,71.670631,4.998779
prototype,47.653132,-122.306114,2025-03-11 08:47:35,4.304861,0.073232,71.575409,4.998779
prototype,47.653132,-122.306114,2025-03-11 08:47:43,4.306197,0.074027,71.670738,4.998779
prototype,47.653132,-122.306114,2025-03-11 08:47:51,4.303525,0.073868,71.480247,4.998779
prototype,47.653132,-122.306114,2025-03-11 08:47:59,4.304861,0.072994,71.765961,4.998779
prototype,47.653132,-122.306114,2025-03-11 08:48:07,4.304861,0.073788,71.670738,4.998779
prototype,47.653132,-122.306114,2025-03-11 08:48:15,4.302189,0.073392,71.860847,4.998779
prototype,47.653132,-122.306114,2025-03-11 08:48:23,4.303525,0.073392,71.670631,4.998779
prototype,47.653132,-122.306114,2025-03-11 08:48:39,4.302189,0.073232,71.861069,4.998779
prototype,47.653132,-122.306114,2025-03-11 08:49:03,4.303525,0.073634,71.765854,4.998779
prototype,47.653132,-122.306114,2025-03-11 08:49:27,4.304861,0.072995,71.670685,4.998779
prototype,47.653132,-122.306114,2025-03-11 08:49:43,4.306240,0.073391,71.956230,4.998779
prototype,47.653132,-122.306114,2025-03-11 08:49:59,4.312929,0.074587,71.385025,4.998779
prototype,47.653132,-122.306114,2025-03-11 08:50:07,4.314311,0.074668,72.051346,4.998779
prototype,47.653132,-122.306114,2025-03-11 08:50:23,4.308871,0.074505,71.956177,4.998779
prototype,47.653132,-122.306114,2025-03-11 08:50:31,4.307532,0.074426,71.480240,4.998779
prototype,47.653132,-122.306114,2025-03-11 08:50:55,4.307536,0.074107,71.956291,4.998779
prototype,47.653132,-122.306114,2025-03-11 08:51:03,4.311590,0.074667,71.670631,4.998779
prototype,47.653132,-122.306114,2025-03-11 08:51:19,4.310210,0.074829,72.051399,4.998779
prototype,47.653132,-122.306114,2025-03-11 08:51:27,4.308915,0.074666,71.479858,4.998779
prototype,47.653132,-122.306114,2025-03-11 08:51:35,4.307576,0.074188,71.289696,4.998779
prototype,47.653132,-122.306114,2025-03-11 08:51:43,4.307532,0.074347,71.575417,4.998779
prototype,47.653132,-122.306114,2025-03-11 08:51:51,4.306197,0.074107,71.955948,4.998779
prototype,47.653132,-122.306114,2025-03-11 08:52:15,4.304861,0.074267,71.480240,4.998779
prototype,47.653132,-122.306114,2025-03-11 08:52:23,4.304904,0.073877,71.575417,4.998779
prototype,47.653132,-122.306114,2025-03-11 08:52:39,4.303525,0.072763,71.765907,4.998779
prototype,47.653132,-122.306114,2025-03-11 08:52:47,4.303525,0.073392,71.575470,4.998779
prototype,47.653132,-122.306114,2025-03-11 08:52:55,4.302189,0.073154,71.480247,4.998779
prototype,47.653132,-122.306114,2025-03-11 08:53:03,4.303485,0.072916,72.146561,4.998779
prototype,47.653132,-122.306114,2025-03-11 08:53:19,4.307532,0.073869,71.670738,4.998779
prototype,47.653132,-122.306114,2025-03-11 08:53:27,4.306240,0.073950,71.861130,4.998779
prototype,47.653132,-122.306114,2025-03-11 08:53:35,4.303485,0.073469,71.861069,4.998779
prototype,47.653132,-122.306114,2025-03-11 08:53:43,4.307576,0.072845,71.385025,4.998779
prototype,47.653132,-122.306114,2025-03-11 08:53:51,4.304861,0.073550,72.051460,4.998779
prototype,47.653132,-122.306114,2025-03-11 08:54:16,4.306200,0.072677,71.480301,4.998779
prototype,47.653132,-122.306114,2025-03-11 08:54:24,4.307576,0.073789,71.575516,4.998779
prototype,47.653132,-122.306114,2025-03-11 08:54:40,4.302149,0.073153,71.575249,4.998779
prototype,47.653132,-122.306114,2025-03-11 08:54:48,4.302149,0.071969,71.765961,4.998779
prototype,47.653132,-122.306114,2025-03-11 08:54:56,4.302189,0.072285,71.670685,4.998779
prototype,47.653132,-122.306114,2025-03-11 08:55:04,4.304861,0.072523,71.099091,4.998779
prototype,47.653132,-122.306114,2025-03-11 08:55:12,4.303525,0.071735,72.146500,4.998779
prototype,47.653132,-122.306114,2025-03-11 08:55:20,4.302189,0.072283,71.480247,4.998779
prototype,47.653132,-122.306114,2025-03-11 08:55:28,4.302149,0.072283,71.575089,4.998779
prototype,47.653132,-122.306114,2025-03-11 08:55:36,4.303525,0.072677,71.765793,4.998779
prototype,47.653132,-122.306114,2025-03-11 08:55:44,4.304861,0.073474,71.575470,4.998779
prototype,47.653132,-122.306114,2025-03-11 08:55:52,4.303525,0.072758,71.765793,4.998779
prototype,47.653132,-122.306114,2025-03-11 08:56:00,4.304861,0.072283,71.670578,4.998779
prototype,47.653132,-122.306114,2025-03-11 08:56:08,4.304861,0.072440,71.765907,4.998779
prototype,47.653132,-122.306114,2025-03-11 08:56:16,4.304861,0.073075,71.384972,4.998779
prototype,47.653132,-122.306114,2025-03-11 08:56:24,4.310210,0.073392,71.194420,4.998779
prototype,47.653132,-122.306114,2025-03-11 08:56:32,4.307532,0.073707,71.765907,4.998779
prototype,47.653132,-122.306114,2025-03-11 08:56:56,4.307536,0.073469,71.861130,4.998779
prototype,47.653132,-122.306114,2025-03-11 08:57:04,4.307532,0.073709,72.051453,4.998779
prototype,47.653132,-122.306114,2025-03-11 08:57:20,4.302189,0.072679,71.861130,4.998779
prototype,47.653132,-122.306114,2025-03-11 08:57:28,4.302189,0.072288,71.956070,4.998779
prototype,47.653132,-122.306114,2025-03-11 08:57:52,4.302189,0.072521,71.861008,4.998779
prototype,47.653132,-122.306114,2025-03-11 08:58:00,4.302189,0.071582,71.765739,4.998779
prototype,47.653132,-122.306114,2025-03-11 08:58:08,4.302149,0.072679,71.575409,4.998779
prototype,47.653132,-122.306114,2025-03-11 08:58:17,4.303525,0.071655,71.575516,4.998779
prototype,47.653132,-122.306114,2025-03-11 08:58:25,4.302149,0.071890,71.480141,4.998779
prototype,47.653132,-122.306114,2025-03-11 08:58:41,4.302149,0.071734,72.051285,4.998779
prototype,47.653132,-122.306114,2025-03-11 08:58:49,4.303485,0.071891,71.860954,4.998779
prototype,47.653132,-122.306114,2025-03-11 08:58:57,4.302189,0.071972,71.861069,4.998779
prototype,47.653132,-122.306114,2025-03-11 08:59:21,4.307536,0.072916,71.956070,4.998779
prototype,47.653132,-122.306114,2025-03-11 08:59:29,4.307532,0.073630,71.765907,4.998779
prototype,47.653132,-122.306114,2025-03-11 08:59:37,4.306240,0.073393,71.575470,4.998779
prototype,47.653132,-122.306114,2025-03-11 08:59:45,4.306197,0.072917,71.765907,4.998779
prototype,47.653132,-122.306114,2025-03-11 08:59:53,4.306200,0.072836,71.670738,4.998779
prototype,47.653132,-122.306114,2025-03-11 09:00:01,4.306240,0.072922,72.241730,4.998779
prototype,47.653132,-122.306114,2025-03-11 09:00:09,4.303525,0.072994,71.765907,4.998779
prototype,47.653132,-122.306114,2025-03-11 09:00:25,4.304861,0.073549,71.480240,4.998779
prototype,47.653132,-122.306114,2025-03-11 09:00:33,4.304821,0.072836,71.861130,4.998779
prototype,47.653132,-122.306114,2025-03-11 09:00:49,4.304861,0.072680,71.765686,4.998779
prototype,47.653132,-122.306114,2025-03-11 09:00:57,4.303525,0.072602,71.956230,4.998779
prototype,47.653132,-122.306114,2025-03-11 09:01:05,4.302149,0.072519,71.670639,4.998779
prototype,47.653132,-122.306114,2025-03-11 09:01:45,4.300813,0.071734,71.480087,4.998779
prototype,47.653132,-122.306114,2025-03-11 09:02:01,4.303525,0.071814,71.670471,4.998779
prototype,47.653132,-122.306114,2025-03-11 09:02:09,4.303525,0.072441,72.051399,4.998779
prototype,47.653132,-122.306114,2025-03-11 09:02:17,4.304861,0.072677,71.765907,4.998779
prototype,47.653132,-122.306114,2025-03-11 09:02:25,4.306197,0.073391,71.861130,4.998779
prototype,47.653132,-122.306114,2025-03-11 09:02:33,4.304861,0.073708,71.861069,4.998779
prototype,47.653132,-122.306114,2025-03-11 09:02:41,4.306197,0.072681,72.146561,4.998779
prototype,47.653132,-122.306114,2025-03-11 09:02:49,4.306197,0.073709,71.575470,4.998779
prototype,47.653132,-122.306114,2025-03-11 09:03:05,4.310210,0.074267,71.289749,4.998779
prototype,47.653132,-122.306114,2025-03-11 09:03:13,4.310251,0.074109,71.955841,4.998779
prototype,47.653132,-122.306114,2025-03-11 09:03:21,4.311590,0.074669,72.146561,4.998779
prototype,47.653132,-122.306114,2025-03-11 09:03:29,4.311590,0.074268,71.575417,4.998779
prototype,47.653132,-122.306114,2025-03-11 09:03:37,4.307532,0.074587,71.956291,4.998779
prototype,47.653132,-122.306114,2025-03-11 09:03:45,4.310210,0.073869,71.670738,4.998779
prototype,47.653132,-122.306114,2025-03-11 09:03:53,4.307536,0.074186,71.480141,4.998779
prototype,47.653132,-122.306114,2025-03-11 09:04:01,4.307576,0.074028,71.956238,4.998779
prototype,47.653132,-122.306114,2025-03-11 09:04:09,4.304861,0.073314,72.051285,4.998779
prototype,47.653132,-122.306114,2025-03-11 09:04:25,4.308912,0.074029,71.956070,4.998779
prototype,47.653132,-122.306114,2025-03-11 09:04:41,4.304861,0.073318,72.051399,4.998779
prototype,47.653132,-122.306114,2025-03-11 09:04:49,4.304904,0.073631,71.670738,4.998779
prototype,47.653132,-122.306114,2025-03-11 09:05:05,4.302189,0.073232,71.575249,4.998779
prototype,47.653132,-122.306114,2025-03-11 09:05:13,4.302189,0.072758,71.861069,4.998779
prototype,47.653132,-122.306114,2025-03-11 09:05:21,4.299480,0.072127,71.956230,4.998779
prototype,47.653132,-122.306114,2025-03-11 09:05:29,4.300813,0.071895,71.765907,4.998779
prototype,47.653132,-122.306114,2025-03-11 09:05:37,4.300856,0.071733,72.905350,4.998779
prototype,47.653132,-122.306114,2025-03-11 09:05:45,4.300856,0.071106,71.575470,4.998779
prototype,47.653132,-122.306114,2025-03-11 09:05:53,4.300813,0.071890,71.956230,4.998779
prototype,47.653132,-122.306114,2025-03-11 09:06:09,4.303568,0.071814,71.861069,4.998779
prototype,47.653132,-122.306114,2025-03-11 09:06:17,4.302189,0.070949,71.861130,4.998779
prototype,47.653132,-122.306114,2025-03-11 09:06:25,4.304861,0.072520,71.575470,4.998779
prototype,47.653132,-122.306114,2025-03-11 09:06:33,4.306200,0.072285,71.670631,4.998779
prototype,47.653132,-122.306114,2025-03-11 09:06:41,4.303485,0.072204,72.051460,4.998779
prototype,47.653132,-122.306114,2025-03-11 09:06:49,4.304861,0.072047,72.146561,4.998779
prototype,47.653132,-122.306114,2025-03-11 09:07:05,4.303525,0.072442,71.765961,4.998779
prototype,47.653132,-122.306114,2025-03-11 09:07:13,4.303525,0.072598,71.670685,4.998779
prototype,47.653132,-122.306114,2025-03-11 09:07:21,4.302189,0.072758,71.861130,4.998779
prototype,47.653132,-122.306114,2025-03-11 09:07:29,4.306197,0.072915,71.765961,4.998779
prototype,47.653132,-122.306114,2025-03-11 09:07:37,4.303485,0.072599,71.765961,4.998779
prototype,47.653132,-122.306114,2025-03-11 09:07:45,4.303525,0.072758,71.861130,4.998779
prototype,47.653132,-122.306114,2025-03-11 09:07:53,4.304861,0.072598,71.575409,4.998779
prototype,47.653132,-122.306114,2025-03-11 09:08:01,4.304821,0.072284,71.765907,4.998779
prototype,47.653132,-122.306114,2025-03-11 09:08:09,4.308871,0.073628,71.861130,4.998779
prototype,47.653132,-122.306114,2025-03-11 09:08:17,4.310251,0.074107,71.956291,4.998779
prototype,47.653132,-122.306114,2025-03-11 09:08:25,4.304861,0.072998,71.956177,4.998779
prototype,47.653132,-122.306114,2025-03-11 09:08:33,4.304861,0.072916,71.956291,4.998779
prototype,47.653132,-122.306114,2025-03-11 09:08:49,4.304821,0.073549,72.241730,4.998779
prototype,47.653132,-122.306114,2025-03-11 09:08:57,4.304904,0.072361,71.956177,4.998779
prototype,47.653132,-122.306114,2025-03-11 09:09:05,4.310251,0.073232,71.765739,4.998779
prototype,47.653132,-122.306114,2025-03-11 09:09:21,4.306240,0.073154,71.670631,4.998779
prototype,47.653132,-122.306114,2025-03-11 09:09:37,4.303525,0.072837,72.620895,4.998779
prototype,47.653132,-122.306114,2025-03-11 09:09:45,4.304904,0.072679,71.385025,4.998779
prototype,47.653132,-122.306114,2025-03-11 09:10:01,4.302189,0.071892,71.861130,4.998779
prototype,47.653132,-122.306114,2025-03-11 09:10:17,4.306197,0.073153,71.765793,4.998779
prototype,47.653132,-122.306114,2025-03-11 09:10:25,4.303525,0.072223,71.670639,4.998779
prototype,47.653132,-122.306114,2025-03-11 09:10:33,4.303525,0.072445,71.765907,4.998779
prototype,47.653132,-122.306114,2025-03-11 09:11:05,4.306197,0.073236,72.146561,4.998779
prototype,47.653132,-122.306114,2025-03-11 09:11:13,4.304861,0.072442,72.051399,4.998779
prototype,47.653132,-122.306114,2025-03-11 09:11:21,4.307532,0.073470,71.956291,4.998779
prototype,47.653132,-122.306114,2025-03-11 09:11:29,4.307536,0.072677,71.861008,4.998779
prototype,47.653132,-122.306114,2025-03-11 09:11:37,4.308915,0.073789,72.051346,4.998779
prototype,47.653132,-122.306114,2025-03-11 09:11:53,4.308912,0.073947,71.765907,4.998779
prototype,47.653132,-122.306114,2025-03-11 09:12:01,4.307532,0.073312,71.765907,4.998779
prototype,47.653132,-122.306114,2025-03-11 09:12:09,4.306197,0.073470,72.146561,4.998779
prototype,47.653132,-122.306114,2025-03-11 09:12:17,4.303525,0.072286,71.670464,4.998779
prototype,47.653132,-122.306114,2025-03-11 09:12:33,4.304861,0.072520,71.670631,4.998779
prototype,47.653132,-122.306114,2025-03-11 09:12:41,4.303525,0.072364,71.670738,4.998779
prototype,47.653132,-122.306114,2025-03-11 09:12:49,4.304904,0.071893,72.241447,4.998779
prototype,47.653132,-122.306114,2025-03-11 09:12:57,4.306197,0.072364,71.670738,4.998779
prototype,47.653132,-122.306114,2025-03-11 09:13:05,4.308875,0.072994,71.670738,4.998779
prototype,47.653132,-122.306114,2025-03-11 09:13:13,4.306197,0.072917,71.956238,4.998779
prototype,47.653132,-122.306114,2025-03-11 09:13:21,4.307532,0.072756,71.956291,4.998779
prototype,47.653132,-122.306114,2025-03-11 09:13:29,4.304861,0.072598,71.956177,4.998779
prototype,47.653132,-122.306114,2025-03-11 09:13:45,4.303525,0.072206,71.956177,4.998779
prototype,47.653132,-122.306114,2025-03-11 09:13:53,4.306197,0.072204,71.860901,4.998779
prototype,47.653132,-122.306114,2025-03-11 09:14:01,4.303525,0.071812,72.525734,4.998779
prototype,47.653132,-122.306114,2025-03-11 09:14:09,4.303525,0.072761,71.765739,4.998779
prototype,47.653132,-122.306114,2025-03-11 09:14:25,4.306157,0.073074,71.765961,4.998779
prototype,47.653132,-122.306114,2025-03-11 09:14:33,4.307576,0.072677,71.956291,4.998779
prototype,47.653132,-122.306114,2025-03-11 09:14:41,4.304861,0.072756,72.051460,4.998779
prototype,47.653132,-122.306114,2025-03-11 09:14:57,4.306197,0.072440,71.956230,4.998779
prototype,47.653132,-122.306114,2025-03-11 09:15:05,4.303525,0.072283,71.670738,4.998779
prototype,47.653132,-122.306114,2025-03-11 09:15:13,4.307536,0.072286,71.956291,4.998779
prototype,47.653132,-122.306114,2025-03-11 09:15:29,4.303485,0.072204,71.670639,4.998779
prototype,47.653132,-122.306114,2025-03-11 09:15:45,4.303525,0.072207,71.765907,4.998779
prototype,47.653132,-122.306114,2025-03-11 09:15:53,4.302189,0.071264,71.861130,4.998779
prototype,47.653132,-122.306114,2025-03-11 09:16:01,4.300813,0.071578,71.956177,4.998779
prototype,47.653132,-122.306114,2025-03-11 09:16:09,4.302189,0.071737,71.479309,4.998779
prototype,47.653132,-122.306114,2025-03-11 09:16:17,4.303525,0.071736,71.765961,4.998779
prototype,47.653132,-122.306114,2025-03-11 09:16:25,4.303485,0.071578,71.765961,4.998779
prototype,47.653132,-122.306114,2025-03-11 09:16:41,4.302189,0.072052,71.861008,4.998779
prototype,47.653132,-122.306114,2025-03-11 09:16:49,4.302189,0.071812,72.241669,4.998779
prototype,47.653132,-122.306114,2025-03-11 09:16:57,4.306200,0.072206,71.765854,4.998779
prototype,47.653132,-122.306114,2025-03-11 09:17:05,4.306197,0.073237,72.146561,4.998779
prototype,47.653132,-122.306114,2025-03-11 09:17:13,4.303568,0.072138,71.861130,4.998779
prototype,47.653132,-122.306114,2025-03-11 09:17:21,4.306197,0.073155,71.765732,4.998779
prototype,47.653132,-122.306114,2025-03-11 09:17:29,4.303525,0.072840,71.861130,4.998779
prototype,47.653132,-122.306114,2025-03-11 09:17:37,4.307576,0.072047,72.051399,4.998779
prototype,47.653132,-122.306114,2025-03-11 09:17:45,4.310251,0.073153,71.956291,4.998779
prototype,47.653132,-122.306114,2025-03-11 09:18:01,4.310251,0.073788,71.861069,4.998779
prototype,47.653132,-122.306114,2025-03-11 09:18:09,4.310251,0.074269,71.956291,4.998779
prototype,47.653132,-122.306114,2025-03-11 09:18:17,4.310251,0.074186,71.956291,4.998779
prototype,47.653132,-122.306114,2025-03-11 09:18:33,4.312929,0.074266,71.765907,4.998779
prototype,47.653132,-122.306114,2025-03-11 09:18:41,4.307532,0.073788,71.861130,4.998779
prototype,47.653132,-122.306114,2025-03-11 09:18:49,4.306240,0.073871,71.765961,4.998779
prototype,47.653132,-122.306114,2025-03-11 09:18:57,4.304861,0.074026,72.051460,4.998779
prototype,47.653132,-122.306114,2025-03-11 09:19:05,4.310210,0.073948,71.670738,4.998779
prototype,47.653132,-122.306114,2025-03-11 09:19:13,4.308912,0.073867,71.765907,4.998779
prototype,47.653132,-122.306114,2025-03-11 09:19:29,4.308912,0.074352,71.861130,4.998779
prototype,47.653132,-122.306114,2025-03-11 09:19:37,4.307532,0.073947,71.765907,4.998779
prototype,47.653132,-122.306114,2025-03-11 09:19:53,4.304861,0.074027,71.861069,4.998779
prototype,47.653132,-122.306114,2025-03-11 09:20:09,4.307536,0.073155,71.670631,4.998779
prototype,47.653132,-122.306114,2025-03-11 09:20:17,4.303525,0.072916,71.670738,4.998779
prototype,47.653132,-122.306114,2025-03-11 09:20:25,4.307576,0.072527,72.051460,4.998779
prototype,47.653132,-122.306114,2025-03-11 09:20:33,4.302189,0.071422,71.575470,4.998779
prototype,47.653132,-122.306114,2025-03-11 09:20:41,4.300813,0.071499,71.670738,4.998779
prototype,47.653132,-122.306114,2025-03-11 09:20:49,4.302189,0.071742,71.765793,4.998779
prototype,47.653132,-122.306114,2025-03-11 09:20:57,4.300813,0.071654,71.861130,4.998779
prototype,47.653132,-122.306114,2025-03-11 09:21:05,4.300817,0.071419,71.670578,4.998779
prototype,47.653132,-122.306114,2025-03-11 09:21:21,4.303525,0.071737,71.575409,4.998779
prototype,47.653132,-122.306114,2025-03-11 09:21:29,4.302189,0.071343,72.146286,4.998779
prototype,47.653132,-122.306114,2025-03-11 09:21:45,4.300813,0.071499,71.765854,4.998779
prototype,47.653132,-122.306114,2025-03-11 09:22:01,4.299523,0.070640,71.956177,4.998779
prototype,47.653132,-122.306114,2025-03-11 09:22:09,4.302189,0.071111,71.670471,4.998779
prototype,47.653132,-122.306114,2025-03-11 09:22:25,4.299480,0.071030,71.956291,4.998779
prototype,47.653132,-122.306114,2025-03-11 09:22:33,4.300813,0.071027,72.051399,4.998779
prototype,47.653132,-122.306114,2025-03-11 09:22:41,4.302189,0.071029,71.765907,4.998779
prototype,47.653132,-122.306114,2025-03-11 09:22:49,4.302189,0.071343,72.241447,4.998779
prototype,47.653132,-122.306114,2025-03-11 09:23:05,4.302189,0.071265,71.670738,4.998779
prototype,47.653132,-122.306114,2025-03-11 09:23:13,4.300813,0.071027,72.145569,4.998779
prototype,47.653132,-122.306114,2025-03-11 09:23:21,4.302192,0.070648,72.146500,4.998779
prototype,47.653132,-122.306114,2025-03-11 09:23:37,4.303525,0.070873,72.051178,4.998779
prototype,47.653132,-122.306114,2025-03-11 09:23:45,4.302189,0.071577,71.670738,4.998779
prototype,47.653132,-122.306114,2025-03-11 09:23:53,4.303525,0.071186,71.765907,4.998779
prototype,47.653132,-122.306114,2025-03-11 09:24:01,4.303525,0.071189,71.765961,4.998779
prototype,47.653132,-122.306114,2025-03-11 09:24:42,4.302192,0.071031,72.336838,4.998779
prototype,47.653132,-122.306114,2025-03-11 09:24:50,4.306240,0.071733,71.670189,4.998779
prototype,47.653132,-122.306114,2025-03-11 09:24:58,4.304861,0.071656,72.146561,4.998779
prototype,47.653132,-122.306114,2025-03-11 09:25:14,4.303525,0.071502,71.765907,4.998779
prototype,47.653132,-122.306114,2025-03-11 09:25:22,4.302189,0.071342,71.575516,4.998779
prototype,47.653132,-122.306114,2025-03-11 09:25:38,4.299480,0.071186,72.241783,4.998779
prototype,47.653132,-122.306114,2025-03-11 09:25:46,4.300813,0.071106,71.860901,4.998779
prototype,47.653132,-122.306114,2025-03-11 09:25:54,4.299480,0.070953,71.765961,4.998779
prototype,47.653132,-122.306114,2025-03-11 09:26:02,4.302189,0.071264,71.956291,4.998779
prototype,47.653132,-122.306114,2025-03-11 09:26:10,4.302189,0.070796,72.051346,4.998779
prototype,47.653132,-122.306114,2025-03-11 09:26:18,4.302189,0.070875,71.956291,4.998779
prototype,47.653132,-122.306114,2025-03-11 09:26:26,4.302189,0.070874,71.480247,4.998779
prototype,47.653132,-122.306114,2025-03-11 09:26:42,4.307532,0.071969,72.146561,4.998779
prototype,47.653132,-122.306114,2025-03-11 09:26:50,4.304861,0.071890,71.956291,4.998779
prototype,47.653132,-122.306114,2025-03-11 09:26:58,4.310251,0.072285,72.051399,4.998779
prototype,47.653132,-122.306114,2025-03-11 09:27:06,4.307576,0.072361,72.146561,4.998779
prototype,47.653132,-122.306114,2025-03-11 09:27:14,4.303525,0.071499,71.575470,4.998779
prototype,47.653132,-122.306114,2025-03-11 09:27:38,4.303568,0.071734,71.956177,4.998779
prototype,47.653132,-122.306114,2025-03-11 09:27:54,4.303525,0.071420,71.860909,4.998779
prototype,47.653132,-122.306114,2025-03-11 09:28:02,4.306240,0.071971,71.765739,4.998779
prototype,47.653132,-122.306114,2025-03-11 09:28:10,4.303525,0.071656,71.765907,4.998779
dummy,69.420,13.37,2025-03-11 09:28:13
prototype,47.653132,-122.306114,2025-03-11 09:28:18,4.303525,0.071734,71.956123,4.998779
prototype,47.653132,-122.306114,2025-03-11 09:28:26,4.303525,0.071577,71.956291,4.998779
prototype,47.653132,-122.306114,2025-03-11 09:28:34,4.303525,0.071421,71.575470,4.998779
prototype,47.653132,-122.306114,2025-03-11 09:28:42,4.303525,0.071265,71.575417,4.998779
prototype,47.653132,-122.306114,2025-03-11 09:28:58,4.306334,0.071344,72.241226,4.998779
prototype,47.653132,-122.306114,2025-03-11 09:29:06,4.303525,0.071265,71.765907,4.998779
prototype,47.653132,-122.306114,2025-03-11 09:29:14,4.303525,0.071499,71.670578,4.998779
prototype,47.653132,-122.306114,2025-03-11 09:29:38,4.302189,0.071580,71.575470,4.998779
prototype,47.653132,-122.306114,2025-03-11 09:29:46,4.300817,0.070717,71.861015,4.998779
prototype,47.653132,-122.306114,2025-03-11 09:29:54,4.302189,0.071264,71.765793,4.998779
prototype,47.653132,-122.306114,2025-03-11 09:30:10,4.302189,0.071341,71.956238,4.998779
prototype,47.653132,-122.306114,2025-03-11 09:30:18,4.300813,0.071184,72.146561,4.998779
prototype,47.653132,-122.306114,2025-03-11 09:30:26,4.303525,0.071342,72.336838,4.998779
prototype,47.653132,-122.306114,2025-03-11 09:30:34,4.303525,0.071420,71.765739,4.998779
prototype,47.653132,-122.306114,2025-03-11 09:30:50,4.302149,0.071027,71.765793,4.998779
prototype,47.653132,-122.306114,2025-03-11 09:31:06,4.302189,0.071342,72.051399,4.998779
prototype,47.653132,-122.306114,2025-03-11 09:31:14,4.302189,0.071421,72.146561,4.998779
prototype,47.653132,-122.306114,2025-03-11 09:31:30,4.303525,0.071344,72.051399,4.998779
prototype,47.653132,-122.306114,2025-03-11 09:31:54,4.302149,0.071186,72.241615,4.998779
prototype,47.653132,-122.306114,2025-03-11 09:32:10,4.300817,0.070950,72.051346,4.998779
prototype,47.653132,-122.306114,2025-03-11 09:32:18,4.302189,0.071265,71.861130,4.998779
prototype,47.653132,-122.306114,2025-03-11 09:32:26,4.304861,0.071185,71.670738,4.998779
prototype,47.653132,-122.306114,2025-03-11 09:32:50,4.304861,0.071890,72.051460,4.998779
prototype,47.653132,-122.306114,2025-03-11 09:32:58,4.307579,0.072129,72.051125,4.998779
prototype,47.653132,-122.306114,2025-03-11 09:33:06,4.303525,0.071577,71.956177,4.998779
prototype,47.653132,-122.306114,2025-03-11 09:33:14,4.303525,0.071656,71.861008,4.998779
prototype,47.653132,-122.306114,2025-03-11 09:33:30,4.300813,0.071502,71.861130,4.998779
prototype,47.653132,-122.306114,2025-03-11 09:33:38,4.302189,0.071264,72.051460,4.998779
prototype,47.653132,-122.306114,2025-03-11 09:33:46,4.300813,0.070644,71.861130,4.998779
prototype,47.653132,-122.306114,2025-03-11 09:33:54,4.302189,0.071187,71.765907,4.998779
prototype,47.653132,-122.306114,2025-03-11 09:34:10,4.304861,0.071342,71.861130,4.998779
prototype,47.653132,-122.306114,2025-03-11 09:34:18,4.306240,0.072212,71.575462,4.998779
prototype,47.653132,-122.306114,2025-03-11 09:34:34,4.307576,0.071971,71.765907,4.998779
prototype,47.653132,-122.306114,2025-03-11 09:34:42,4.304861,0.071892,72.051285,4.998779
prototype,47.653132,-122.306114,2025-03-11 09:34:50,4.307536,0.071655,71.956291,4.998779
prototype,47.653132,-122.306114,2025-03-11 09:34:58,4.306197,0.072127,72.051399,4.998779
prototype,47.653132,-122.306114,2025-03-11 09:35:06,4.306197,0.072047,72.241730,4.998779
prototype,47.653132,-122.306114,2025-03-11 09:35:14,4.303525,0.072127,71.956238,4.998779
prototype,47.653132,-122.306114,2025-03-11 09:35:38,4.303525,0.072047,71.956177,4.998779
prototype,47.653132,-122.306114,2025-03-11 09:35:46,4.304861,0.072206,71.861130,4.998779
prototype,47.653132,-122.306114,2025-03-11 09:35:54,4.304861,0.072369,71.575516,4.998779
prototype,47.653132,-122.306114,2025-03-11 09:36:02,4.306243,0.071740,71.861008,4.998779
prototype,47.653132,-122.306114,2025-03-11 09:36:10,4.307536,0.072283,72.146507,4.998779
prototype,47.653132,-122.306114,2025-03-11 09:36:18,4.307576,0.071812,71.956291,4.998779
prototype,47.653132,-122.306114,2025-03-11 09:36:26,4.304904,0.072049,71.765579,4.998779
prototype,47.653132,-122.306114,2025-03-11 09:36:34,4.303525,0.072521,72.336838,4.998779
prototype,47.653132,-122.306114,2025-03-11 09:36:50,4.307532,0.072756,71.861130,4.998779
prototype,47.653132,-122.306114,2025-03-11 09:36:58,4.304904,0.072130,71.956291,4.998779
prototype,47.653132,-122.306114,2025-03-11 09:37:06,4.303525,0.071499,71.765907,4.998779
prototype,47.653132,-122.306114,2025-03-11 09:37:14,4.304861,0.072047,72.051399,4.998779
prototype,47.653132,-122.306114,2025-03-11 09:37:22,4.302189,0.071812,72.336838,4.998779
prototype,47.653132,-122.306114,2025-03-11 09:37:30,4.307576,0.072135,71.765793,4.998779
prototype,47.653132,-122.306114,2025-03-11 09:37:38,4.304861,0.072048,71.956291,4.998779
prototype,47.653132,-122.306114,2025-03-11 09:37:54,4.304864,0.071577,71.575470,4.998779
prototype,47.653132,-122.306114,2025-03-11 09:38:02,4.303525,0.071971,71.765739,4.998779
prototype,47.653132,-122.306114,2025-03-11 09:38:10,4.304861,0.071813,71.765907,4.998779
prototype,47.653132,-122.306114,2025-03-11 09:38:18,4.306197,0.072677,71.861015,4.998779
prototype,47.653132,-122.306114,2025-03-11 09:38:26,4.307532,0.072836,71.765739,4.998779
prototype,47.653132,-122.306114,2025-03-11 09:38:51,4.303525,0.071973,71.861069,4.998779
prototype,47.653132,-122.306114,2025-03-11 09:38:59,4.302189,0.072602,72.146500,4.998779
prototype,47.653132,-122.306114,2025-03-11 09:39:07,4.308875,0.072835,71.861130,4.998779
prototype,47.653132,-122.306114,2025-03-11 09:39:15,4.308912,0.072995,72.051399,4.998779
prototype,47.653132,-122.306114,2025-03-11 09:39:23,4.314268,0.072997,71.575470,4.998779
prototype,47.653132,-122.306114,2025-03-11 09:39:31,4.308915,0.073868,71.861130,4.998779
prototype,47.653132,-122.306114,2025-03-11 09:39:47,4.307579,0.073551,71.861130,4.998779
prototype,47.653132,-122.306114,2025-03-11 09:39:55,4.308912,0.073391,72.336777,4.998779
prototype,47.653132,-122.306114,2025-03-11 09:40:03,4.306197,0.073311,72.241730,4.998779
prototype,47.653132,-122.306114,2025-03-11 09:40:11,4.304861,0.072679,71.765961,4.998779
prototype,47.653132,-122.306114,2025-03-11 09:40:19,4.304821,0.072681,72.336899,4.998779
prototype,47.653132,-122.306114,2025-03-11 09:40:27,4.303525,0.072052,71.956230,4.998779
prototype,47.653132,-122.306114,2025-03-11 09:40:35,4.304861,0.072844,72.241669,4.998779
prototype,47.653132,-122.306114,2025-03-11 09:40:43,4.307576,0.073311,72.051399,4.998779
prototype,47.653132,-122.306114,2025-03-11 09:40:51,4.308915,0.073079,71.860962,4.998779
prototype,47.653132,-122.306114,2025-03-11 09:40:59,4.310297,0.072756,72.051453,4.998779
prototype,47.653132,-122.306114,2025-03-11 09:41:07,4.307579,0.072840,71.861008,4.998779
prototype,47.653132,-122.306114,2025-03-11 09:41:15,4.310210,0.073392,71.956291,4.998779
prototype,47.653132,-122.306114,2025-03-11 09:41:23,4.303525,0.072600,71.670578,4.998779
prototype,47.653132,-122.306114,2025-03-11 09:41:31,4.303525,0.072756,72.051460,4.998779
prototype,47.653132,-122.306114,2025-03-11 09:41:39,4.306197,0.072995,71.194534,4.998779
prototype,47.653132,-122.306114,2025-03-11 09:41:47,4.304861,0.072599,72.146561,4.998779
prototype,47.653132,-122.306114,2025-03-11 09:41:55,4.307532,0.072210,72.241615,4.998779
prototype,47.653132,-122.306114,2025-03-11 09:42:03,4.304861,0.072126,71.956238,4.998779
prototype,47.653132,-122.306114,2025-03-11 09:42:11,4.306240,0.072208,71.956230,4.998779
prototype,47.653132,-122.306114,2025-03-11 09:42:19,4.303525,0.071657,71.861130,4.998779
prototype,47.653132,-122.306114,2025-03-11 09:42:27,4.304861,0.072206,71.956291,4.998779
prototype,47.653132,-122.306114,2025-03-11 09:42:43,4.308871,0.073154,72.146561,4.998779
prototype,47.653132,-122.306114,2025-03-11 09:42:51,4.308871,0.072678,71.861008,4.998779
prototype,47.653132,-122.306114,2025-03-11 09:42:59,4.304904,0.072282,71.956291,4.998779
prototype,47.653132,-122.306114,2025-03-11 09:43:07,4.306197,0.072442,71.670738,4.998779
prototype,47.653132,-122.306114,2025-03-11 09:43:15,4.310210,0.073391,71.861069,4.998779
prototype,47.653132,-122.306114,2025-03-11 09:43:39,4.303485,0.072361,71.479866,4.998779
prototype,47.653132,-122.306114,2025-03-11 09:43:47,4.306200,0.072443,72.241730,4.998779
prototype,47.653132,-122.306114,2025-03-11 09:44:03,4.307539,0.072440,72.146561,4.998779
prototype,47.653132,-122.306114,2025-03-11 09:44:11,4.307532,0.072837,71.861130,4.998779
prototype,47.653132,-122.306114,2025-03-11 09:44:19,4.306197,0.072758,71.765793,4.998779
prototype,47.653132,-122.306114,2025-03-11 09:44:27,4.304861,0.072836,71.765793,4.998779
prototype,47.653132,-122.306114,2025-03-11 09:44:35,4.310294,0.073391,72.241623,4.998779
prototype,47.653132,-122.306114,2025-03-11 09:44:43,4.306197,0.073311,71.861130,4.998779
prototype,47.653132,-122.306114,2025-03-11 09:44:51,4.306197,0.072679,71.860909,4.998779
prototype,47.653132,-122.306114,2025-03-11 09:44:59,4.304861,0.072206,72.051399,4.998779
prototype,47.653132,-122.306114,2025-03-11 09:45:07,4.302189,0.071815,72.146561,4.998779
prototype,47.653132,-122.306114,2025-03-11 09:45:15,4.303525,0.071969,72.336891,4.998779
prototype,47.653132,-122.306114,2025-03-11 09:45:31,4.302189,0.070561,71.575516,4.998779
prototype,47.653132,-122.306114,2025-03-11 09:45:39,4.300813,0.071343,71.861069,4.998779
prototype,47.653132,-122.306114,2025-03-11 09:45:47,4.302149,0.071184,71.670471,4.998779
prototype,47.653132,-122.306114,2025-03-11 09:45:55,4.302189,0.071187,72.051399,4.998779
prototype,47.653132,-122.306114,2025-03-11 09:46:03,4.303525,0.071107,73.285461,4.998779
prototype,47.653132,-122.306114,2025-03-11 09:46:19,4.303525,0.071342,72.051399,4.998779
prototype,47.653132,-122.306114,2025-03-11 09:46:35,4.304904,0.071422,71.765907,4.998779
prototype,47.653132,-122.306114,2025-03-11 09:46:51,4.304864,0.072285,72.336838,4.998779
prototype,47.653132,-122.306114,2025-03-11 09:46:59,4.303525,0.071577,71.765907,4.998779
prototype,47.653132,-122.306114,2025-03-11 09:47:15,4.307576,0.071969,72.051460,4.998779
prototype,47.653132,-122.306114,2025-03-11 09:47:23,4.303525,0.071655,71.956230,4.998779
prototype,47.653132,-122.306114,2025-03-11 09:47:31,4.303525,0.071421,71.956177,4.998779
prototype,47.653132,-122.306114,2025-03-11 09:47:39,4.303525,0.071265,71.765907,4.998779
prototype,47.653132,-122.306114,2025-03-11 09:47:47,4.300813,0.070951,72.146500,4.998779
prototype,47.653132,-122.306114,2025-03-11 09:47:55,4.303525,0.071343,71.670631,4.998779
prototype,47.653132,-122.306114,2025-03-11 09:48:03,4.303525,0.071577,72.146561,4.998779
prototype,47.653132,-122.306114,2025-03-11 09:48:27,4.302189,0.070799,71.956291,4.998779
prototype,47.653132,-122.306114,2025-03-11 09:48:43,4.300813,0.070329,71.575302,4.998779
prototype,47.653132,-122.306114,2025-03-11 09:48:59,4.304821,0.070561,71.765907,4.998779
prototype,47.653132,-122.306114,2025-03-11 09:49:07,4.303485,0.071576,71.956291,4.998779
prototype,47.653132,-122.306114,2025-03-11 09:49:15,4.307576,0.071343,72.336716,4.998779
prototype,47.653132,-122.306114,2025-03-11 09:49:31,4.306197,0.070950,72.146500,4.998779
prototype,47.653132,-122.306114,2025-03-11 09:49:39,4.307576,0.071735,71.765907,4.998779
prototype,47.653132,-122.306114,2025-03-11 09:49:47,4.307532,0.071969,72.146561,4.998779
prototype,47.653132,-122.306114,2025-03-11 09:49:55,4.311590,0.072521,72.146126,4.998779
prototype,47.653132,-122.306114,2025-03-11 09:50:03,4.306200,0.072681,71.765907,4.998779
prototype,47.653132,-122.306114,2025-03-11 09:50:27,4.306197,0.071891,71.670685,4.998779
prototype,47.653132,-122.306114,2025-03-11 09:50:35,4.307532,0.072362,71.955956,4.998779
prototype,47.653132,-122.306114,2025-03-11 09:50:44,4.310210,0.073074,71.384972,4.998779
prototype,47.653132,-122.306114,2025-03-11 09:50:52,4.306197,0.072440,71.765961,4.998779
prototype,47.653132,-122.306114,2025-03-11 09:51:00,4.306197,0.072125,72.241730,4.998779
prototype,47.653132,-122.306114,2025-03-11 09:51:08,4.303525,0.071656,72.051399,4.998779
prototype,47.653132,-122.306114,2025-03-11 09:51:16,4.304861,0.071892,71.861069,4.998779
prototype,47.653132,-122.306114,2025-03-11 09:51:24,4.304861,0.072046,71.765907,4.998779
prototype,47.653132,-122.306114,2025-03-11 09:51:48,4.307579,0.072047,71.861130,4.998779
prototype,47.653132,-122.306114,2025-03-11 09:51:56,4.307579,0.071668,72.527054,4.998779
prototype,47.653132,-122.306114,2025-03-11 09:52:20,4.306197,0.072440,72.241730,4.998779
prototype,47.653132,-122.306114,2025-03-11 09:52:28,4.307532,0.073073,72.051346,4.998779
prototype,47.653132,-122.306114,2025-03-11 09:52:52,4.307536,0.072284,71.384972,4.998779
prototype,47.653132,-122.306114,2025-03-11 09:53:00,4.307536,0.072521,72.146622,4.998779
prototype,47.653132,-122.306114,2025-03-11 09:53:08,4.306240,0.071811,72.146561,4.998779
prototype,47.653132,-122.306114,2025-03-11 09:53:16,4.306197,0.072677,72.051460,4.998779
prototype,47.653132,-122.306114,2025-03-11 09:53:24,4.302189,0.071577,71.575409,4.998779
prototype,47.653132,-122.306114,2025-03-11 09:53:32,4.306240,0.072047,72.241783,4.998779
prototype,47.653132,-122.306114,2025-03-11 09:53:48,4.308915,0.072679,72.051399,4.998779
prototype,47.653132,-122.306114,2025-03-11 09:53:56,4.304861,0.072679,72.146500,4.998779
prototype,47.653132,-122.306114,2025-03-11 09:54:04,4.311549,0.073074,71.956291,4.998779
prototype,47.653132,-122.306114,2025-03-11 09:54:12,4.310251,0.072997,71.956291,4.998779
prototype,47.653132,-122.306114,2025-03-11 09:54:20,4.307532,0.072599,71.861130,4.998779
prototype,47.653132,-122.306114,2025-03-11 09:54:28,4.306200,0.072440,72.146446,4.998779
prototype,47.653132,-122.306114,2025-03-11 09:54:36,4.304861,0.072677,71.765907,4.998779
prototype,47.653132,-122.306114,2025-03-11 09:54:44,4.310254,0.072758,72.241669,4.998779
prototype,47.653132,-122.306114,2025-03-11 09:54:52,4.310254,0.072450,72.051399,4.998779
prototype,47.653132,-122.306114,2025-03-11 09:55:00,4.307532,0.072443,72.241669,4.998779
prototype,47.653132,-122.306114,2025-03-11 09:55:08,4.304861,0.072128,72.430405,4.998779
prototype,47.653132,-122.306114,2025-03-11 09:55:16,4.304904,0.071734,71.765793,4.998779
prototype,47.653132,-122.306114,2025-03-11 09:55:32,4.302189,0.071577,71.956177,4.998779
prototype,47.653132,-122.306114,2025-03-11 09:55:40,4.300856,0.071813,72.051399,4.998779
prototype,47.653132,-122.306114,2025-03-11 09:55:48,4.303525,0.071578,71.956009,4.998779
prototype,47.653132,-122.306114,2025-03-11 09:55:56,4.303525,0.071655,71.765961,4.998779
prototype,47.653132,-122.306114,2025-03-11 09:56:04,4.307532,0.071733,72.336723,4.998779
prototype,47.653132,-122.306114,2025-03-11 09:56:20,4.308912,0.072843,71.765907,4.998779
prototype,47.653132,-122.306114,2025-03-11 09:56:28,4.307532,0.072362,71.861069,4.998779
prototype,47.653132,-122.306114,2025-03-11 09:56:36,4.310251,0.073232,72.051399,4.998779
prototype,47.653132,-122.306114,2025-03-11 09:56:44,4.311590,0.072916,71.861130,4.998779
prototype,47.653132,-122.306114,2025-03-11 09:56:52,4.307532,0.072361,72.051399,4.998779
prototype,47.653132,-122.306114,2025-03-11 09:57:16,4.307532,0.072837,71.861008,4.998779
prototype,47.653132,-122.306114,2025-03-11 09:57:24,4.306197,0.071892,71.956177,4.998779
prototype,47.653132,-122.306114,2025-03-11 09:57:32,4.303525,0.072207,72.241394,4.998779
prototype,47.653132,-122.306114,2025-03-11 09:57:40,4.306240,0.071893,71.956070,4.998779
prototype,47.653132,-122.306114,2025-03-11 09:57:48,4.307532,0.072205,71.861069,4.998779
prototype,47.653132,-122.306114,2025-03-11 09:57:56,4.307536,0.072363,72.146561,4.998779
prototype,47.653132,-122.306114,2025-03-11 09:58:04,4.308912,0.072835,71.956291,4.998779
prototype,47.653132,-122.306114,2025-03-11 09:58:12,4.306197,0.072285,72.051399,4.998779
prototype,47.653132,-122.306114,2025-03-11 09:58:20,4.306240,0.072364,72.146561,4.998779
prototype,47.653132,-122.306114,2025-03-11 09:58:28,4.303525,0.072445,72.336838,4.998779
prototype,47.653132,-122.306114,2025-03-11 09:58:52,4.308875,0.072519,71.765907,4.998779
prototype,47.653132,-122.306114,2025-03-11 09:59:00,4.307536,0.072837,72.146400,4.998779
prototype,47.653132,-122.306114,2025-03-11 09:59:08,4.308912,0.071971,72.241669,4.998779
prototype,47.653132,-122.306114,2025-03-11 09:59:16,4.307576,0.072917,71.956291,4.998779
prototype,47.653132,-122.306114,2025-03-11 09:59:24,4.307536,0.071969,71.765907,4.998779
prototype,47.653132,-122.306114,2025-03-11 09:59:32,4.304861,0.071812,72.051460,4.998779
prototype,47.653132,-122.306114,2025-03-11 09:59:40,4.304861,0.072127,72.146507,4.998779
prototype,47.653132,-122.306114,2025-03-11 09:59:48,4.303525,0.071655,72.051285,4.998779
prototype,47.653132,-122.306114,2025-03-11 09:59:56,4.308915,0.072599,72.051460,4.998779
prototype,47.653132,-122.306114,2025-03-11 10:00:04,4.304861,0.071814,71.861069,4.998779
prototype,47.653132,-122.306114,2025-03-11 10:00:12,4.304861,0.072445,72.051399,4.998779
prototype,47.653132,-122.306114,2025-03-11 10:00:20,4.302189,0.071498,72.146561,4.998779
prototype,47.653132,-122.306114,2025-03-11 10:00:28,4.302189,0.071424,71.575302,4.998779
prototype,47.653132,-122.306114,2025-03-11 10:00:36,4.302189,0.071186,71.956177,4.998779
prototype,47.653132,-122.306114,2025-03-11 10:00:52,4.300813,0.070949,71.670631,4.998779
prototype,47.653132,-122.306114,2025-03-11 10:01:00,4.302149,0.071106,72.146561,4.998779
prototype,47.653132,-122.306114,2025-03-11 10:01:08,4.300813,0.071265,71.861069,4.998779
prototype,47.653132,-122.306114,2025-03-11 10:01:24,4.303525,0.071264,72.051399,4.998779
prototype,47.653132,-122.306114,2025-03-11 10:01:32,4.306240,0.071499,71.956291,4.998779
prototype,47.653132,-122.306114,2025-03-11 10:01:56,4.307576,0.071735,71.956291,4.998779
prototype,47.653132,-122.306114,2025-03-11 10:02:04,4.306197,0.071420,72.051399,4.998779
prototype,47.653132,-122.306114,2025-03-11 10:02:12,4.306200,0.071577,71.575027,4.998779
prototype,47.653132,-122.306114,2025-03-11 10:02:28,4.308915,0.072049,72.051231,4.998779
prototype,47.653132,-122.306114,2025-03-11 10:02:36,4.306240,0.072051,72.527107,4.998779
prototype,47.653132,-122.306114,2025-03-11 10:02:44,4.307532,0.072127,71.956291,4.998779
prototype,47.653132,-122.306114,2025-03-11 10:03:08,4.303485,0.071421,71.765793,4.998779
prototype,47.653132,-122.306114,2025-03-11 10:03:16,4.304864,0.071421,71.861008,4.998779
prototype,47.653132,-122.306114,2025-03-11 10:03:24,4.304861,0.071578,71.861130,4.998779
prototype,47.653132,-122.306114,2025-03-11 10:03:32,4.304861,0.071111,72.146400,4.998779
prototype,47.653132,-122.306114,2025-03-11 10:03:40,4.306197,0.071263,72.146561,4.998779
prototype,47.653132,-122.306114,2025-03-11 10:03:56,4.303525,0.071343,72.146622,4.998779
prototype,47.653132,-122.306114,2025-03-11 10:04:04,4.303525,0.071420,71.765854,4.998779
prototype,47.653132,-122.306114,2025-03-11 10:04:12,4.304861,0.071656,71.575409,4.998779
prototype,47.653132,-122.306114,2025-03-11 10:04:52,4.304861,0.071343,72.146561,4.998779
prototype,47.653132,-122.306114,2025-03-11 10:05:08,4.304861,0.071499,72.146561,4.998779
prototype,47.653132,-122.306114,2025-03-11 10:05:16,4.302189,0.071106,72.051399,4.998779
prototype,47.653132,-122.306114,2025-03-11 10:05:24,4.303525,0.070407,72.241669,4.998779
prototype,47.653132,-122.306114,2025-03-11 10:05:32,4.302189,0.070795,71.860901,4.998779
prototype,47.653132,-122.306114,2025-03-11 10:05:40,4.304861,0.071265,72.051346,4.998779
prototype,47.653132,-122.306114,2025-03-11 10:05:56,4.308912,0.071420,72.051399,4.998779
prototype,47.653132,-122.306114,2025-03-11 10:06:20,4.306197,0.071733,72.336838,4.998779
prototype,47.653132,-122.306114,2025-03-11 10:06:28,4.304861,0.071578,72.051460,4.998779
prototype,47.653132,-122.306114,2025-03-11 10:06:36,4.306197,0.071655,72.051453,4.998779
prototype,47.653132,-122.306114,2025-03-11 10:06:44,4.306240,0.071657,71.765350,4.998779
prototype,47.653132,-122.306114,2025-03-11 10:06:52,4.307532,0.072126,71.956177,4.998779
prototype,47.653132,-122.306114,2025-03-11 10:07:00,4.307536,0.072134,72.241730,4.998779
prototype,47.653132,-122.306114,2025-03-11 10:07:08,4.303525,0.071264,71.860909,4.998779
prototype,47.653132,-122.306114,2025-03-11 10:07:16,4.304861,0.071969,72.146561,4.998779
prototype,47.653132,-122.306114,2025-03-11 10:07:24,4.302189,0.071422,71.956291,4.998779
prototype,47.653132,-122.306114,2025-03-11 10:07:32,4.302189,0.071421,72.051399,4.998779
prototype,47.653132,-122.306114,2025-03-11 10:07:48,4.302149,0.071264,71.670578,4.998779
prototype,47.653132,-122.306114,2025-03-11 10:08:12,4.304861,0.071186,72.051399,4.998779
prototype,47.653132,-122.306114,2025-03-11 10:08:20,4.303525,0.071106,72.051460,4.998779
prototype,47.653132,-122.306114,2025-03-11 10:08:28,4.296678,0.070797,72.146561,4.998779
prototype,47.653132,-122.306114,2025-03-11 10:08:36,4.302189,0.071578,72.051399,4.998779
prototype,47.653132,-122.306114,2025-03-11 10:08:44,4.302189,0.070954,72.051285,4.998779
prototype,47.653132,-122.306114,2025-03-11 10:09:08,4.304861,0.070951,71.956291,4.998779
prototype,47.653132,-122.306114,2025-03-11 10:09:24,4.306197,0.071969,72.241669,4.998779
prototype,47.653132,-122.306114,2025-03-11 10:09:40,4.308915,0.071500,71.860794,4.998779
prototype,47.653132,-122.306114,2025-03-11 10:09:48,4.308871,0.071577,72.146507,4.998779
prototype,47.653132,-122.306114,2025-03-11 10:09:56,4.310251,0.072051,71.861069,4.998779
prototype,47.653132,-122.306114,2025-03-11 10:10:04,4.311590,0.072680,71.670685,4.998779
prototype,47.653132,-122.306114,2025-03-11 10:10:28,4.310251,0.072601,71.956291,4.998779
prototype,47.653132,-122.306114,2025-03-11 10:10:36,4.307576,0.072601,71.956238,4.998779
prototype,47.653132,-122.306114,2025-03-11 10:10:44,4.307576,0.072286,71.956291,4.998779
prototype,47.653132,-122.306114,2025-03-11 10:10:52,4.304861,0.072206,72.146561,4.998779
prototype,47.653132,-122.306114,2025-03-11 10:11:16,4.304861,0.071499,72.241669,4.998779
prototype,47.653132,-122.306114,2025-03-11 10:11:24,4.302149,0.071502,72.146561,4.998779
prototype,47.653132,-122.306114,2025-03-11 10:11:32,4.302189,0.071421,71.670189,4.998779
prototype,47.653132,-122.306114,2025-03-11 10:11:40,4.303525,0.071499,71.956184,4.998779
prototype,47.653132,-122.306114,2025-03-11 10:11:56,4.300813,0.071341,71.765793,4.998779
prototype,47.653132,-122.306114,2025-03-11 10:12:04,4.302149,0.070641,71.956291,4.998779
prototype,47.653132,-122.306114,2025-03-11 10:12:12,4.303525,0.071185,71.765793,4.998779
prototype,47.653132,-122.306114,2025-03-11 10:12:20,4.304861,0.071343,71.956009,4.998779
prototype,47.653132,-122.306114,2025-03-11 10:12:36,4.302189,0.071185,72.051346,4.998779
prototype,47.653132,-122.306114,2025-03-11 10:12:44,4.304861,0.071498,72.146622,4.998779
prototype,47.653132,-122.306114,2025-03-11 10:12:52,4.302149,0.071577,72.146339,4.998779
prototype,47.653132,-122.306114,2025-03-11 10:13:00,4.300813,0.071028,71.575417,4.998779
prototype,47.653132,-122.306114,2025-03-11 10:13:08,4.304904,0.070343,72.336395,4.998779
prototype,47.653132,-122.306114,2025-03-11 10:13:24,4.304821,0.071578,71.860680,4.998779
prototype,47.653132,-122.306114,2025-03-11 10:13:32,4.303525,0.071421,72.241669,4.998779
prototype,47.653132,-122.306114,2025-03-11 10:13:40,4.307536,0.071186,72.146561,4.998779
prototype,47.653132,-122.306114,2025-03-11 10:13:48,4.307536,0.071342,72.051460,4.998779
prototype,47.653132,-122.306114,2025-03-11 10:14:04,4.303525,0.071657,72.146561,4.998779
prototype,47.653132,-122.306114,2025-03-11 10:14:20,4.303525,0.071580,72.051239,4.998779
prototype,47.653132,-122.306114,2025-03-11 10:14:28,4.304861,0.071341,71.860962,4.998779
prototype,47.653132,-122.306114,2025-03-11 10:14:36,4.303525,0.071266,72.241669,4.998779
prototype,47.653132,-122.306114,2025-03-11 10:14:44,4.303525,0.071263,71.956230,4.998779
prototype,47.653132,-122.306114,2025-03-11 10:14:52,4.303525,0.071343,72.146561,4.998779
prototype,47.653132,-122.306114,2025-03-11 10:15:00,4.303525,0.070715,72.146507,4.998779
prototype,47.653132,-122.306114,2025-03-11 10:15:08,4.303568,0.071343,71.765907,4.998779
prototype,47.653132,-122.306114,2025-03-11 10:15:32,4.303525,0.071578,71.956070,4.998779
prototype,47.653132,-122.306114,2025-03-11 10:15:40,4.302189,0.070953,72.241730,4.998779
prototype,47.653132,-122.306114,2025-03-11 10:15:56,4.304904,0.071264,72.051460,4.998779
prototype,47.653132,-122.306114,2025-03-11 10:16:04,4.303485,0.071185,72.146507,4.998779
prototype,47.653132,-122.306114,2025-03-11 10:16:36,4.304861,0.071500,72.336777,4.998779
prototype,47.653132,-122.306114,2025-03-11 10:16:52,4.307532,0.072047,72.146561,4.998779
prototype,47.653132,-122.306114,2025-03-11 10:17:00,4.314268,0.072757,72.051460,4.998779
prototype,47.653132,-122.306114,2025-03-11 10:17:08,4.315650,0.073078,72.526390,4.998779
prototype,47.653132,-122.306114,2025-03-11 10:17:16,4.314311,0.072916,72.146622,4.998779
prototype,47.653132,-122.306114,2025-03-11 10:17:24,4.312972,0.073637,72.146561,4.998779
prototype,47.653132,-122.306114,2025-03-11 10:17:40,4.315650,0.074513,72.622162,4.998779
prototype,47.653132,-122.306114,2025-03-11 10:17:48,4.314311,0.074427,72.811172,4.998779
prototype,47.653132,-122.306114,2025-03-11 10:17:57,4.316991,0.074752,71.861130,4.998779
prototype,47.653132,-122.306114,2025-03-11 10:18:05,4.308912,0.074108,72.146561,4.998779
prototype,47.653132,-122.306114,2025-03-11 10:18:21,4.308912,0.073549,72.146561,4.998779
prototype,47.653132,-122.306114,2025-03-11 10:18:29,4.307532,0.073469,71.861130,4.998779
prototype,47.653132,-122.306114,2025-03-11 10:18:45,4.303525,0.072284,72.527054,4.998779
prototype,47.653132,-122.306114,2025-03-11 10:18:53,4.302149,0.072677,72.241669,4.998779
prototype,47.653132,-122.306114,2025-03-11 10:19:01,4.310210,0.073154,72.051346,4.998779
prototype,47.653132,-122.306114,2025-03-11 10:19:09,4.303525,0.072522,71.575241,4.998779
prototype,47.653132,-122.306114,2025-03-11 10:19:17,4.307576,0.072519,72.622055,4.998779
prototype,47.653132,-122.306114,2025-03-11 10:19:25,4.306197,0.072362,71.861130,4.998779
prototype,47.653132,-122.306114,2025-03-11 10:19:33,4.300813,0.071499,71.956070,4.998779
prototype,47.653132,-122.306114,2025-03-11 10:19:49,4.302149,0.072205,72.241669,4.998779
prototype,47.653132,-122.306114,2025-03-11 10:19:57,4.303525,0.071812,72.051285,4.998779
prototype,47.653132,-122.306114,2025-03-11 10:20:05,4.304824,0.072047,72.241730,4.998779
prototype,47.653132,-122.306114,2025-03-11 10:20:13,4.306197,0.072285,71.956230,4.998779
prototype,47.653132,-122.306114,2025-03-11 10:20:21,4.307576,0.071499,72.431999,4.998779
prototype,47.653132,-122.306114,2025-03-11 10:20:29,4.304864,0.072205,72.431946,4.998779
prototype,47.653132,-122.306114,2025-03-11 10:20:37,4.311549,0.072915,72.051399,4.998779
prototype,47.653132,-122.306114,2025-03-11 10:20:45,4.307532,0.071969,72.336838,4.998779
prototype,47.653132,-122.306114,2025-03-11 10:20:53,4.308915,0.072443,72.051285,4.998779
prototype,47.653132,-122.306114,2025-03-11 10:21:01,4.310251,0.072678,72.051346,4.998779
prototype,47.653132,-122.306114,2025-03-11 10:21:09,4.308871,0.072836,72.051460,4.998779
prototype,47.653132,-122.306114,2025-03-11 10:21:17,4.311590,0.072450,72.146233,4.998779
prototype,47.653132,-122.306114,2025-03-11 10:21:25,4.307532,0.073713,72.146454,4.998779
prototype,47.653132,-122.306114,2025-03-11 10:21:33,4.308912,0.073469,72.051460,4.998779
prototype,47.653132,-122.306114,2025-03-11 10:21:41,4.306197,0.073233,71.956291,4.998779
prototype,47.653132,-122.306114,2025-03-11 10:21:49,4.308875,0.072915,72.146561,4.998779
prototype,47.653132,-122.306114,2025-03-11 10:21:57,4.306197,0.073471,72.241669,4.998779
prototype,47.653132,-122.306114,2025-03-11 10:22:05,4.310210,0.072836,71.956291,4.998779
prototype,47.653132,-122.306114,2025-03-11 10:22:13,4.306240,0.072840,71.956291,4.998779
prototype,47.653132,-122.306114,2025-03-11 10:22:29,4.306240,0.072758,72.716721,4.998779
prototype,47.653132,-122.306114,2025-03-11 10:22:37,4.303525,0.072130,72.051460,4.998779
prototype,47.653132,-122.306114,2025-03-11 10:22:53,4.304861,0.071499,71.765793,4.998779
prototype,47.653132,-122.306114,2025-03-11 10:23:01,4.304904,0.071895,71.956131,4.998779
prototype,47.653132,-122.306114,2025-03-11 10:23:25,4.302189,0.072047,71.765961,4.998779
prototype,47.653132,-122.306114,2025-03-11 10:23:33,4.302189,0.071578,72.146561,4.998779
prototype,47.653132,-122.306114,2025-03-11 10:23:57,4.304864,0.071499,72.146561,4.998779
prototype,47.653132,-122.306114,2025-03-11 10:24:05,4.308871,0.072598,71.861130,4.998779
prototype,47.653132,-122.306114,2025-03-11 10:24:13,4.311590,0.072914,72.051399,4.998779
prototype,47.653132,-122.306114,2025-03-11 10:24:21,4.314268,0.074107,71.765961,4.998779
prototype,47.653132,-122.306114,2025-03-11 10:24:29,4.307536,0.073310,72.241669,4.998779
prototype,47.653132,-122.306114,2025-03-11 10:24:37,4.310210,0.072756,71.861130,4.998779
prototype,47.653132,-122.306114,2025-03-11 10:24:45,4.306200,0.073154,72.146561,4.998779
prototype,47.653132,-122.306114,2025-03-11 10:24:53,4.307532,0.072916,71.765961,4.998779
prototype,47.653132,-122.306114,2025-03-11 10:25:26,4.307532,0.072205,72.051460,4.998779
prototype,47.653132,-122.306114,2025-03-11 10:25:34,4.310251,0.072838,72.146561,4.998779
prototype,47.653132,-122.306114,2025-03-11 10:25:50,4.308871,0.073473,72.241669,4.998779
prototype,47.653132,-122.306114,2025-03-11 10:25:58,4.310210,0.073392,71.956230,4.998779
prototype,47.653132,-122.306114,2025-03-11 10:26:06,4.312929,0.073709,71.861008,4.998779
prototype,47.653132,-122.306114,2025-03-11 10:26:14,4.308875,0.073472,72.716064,4.998779
prototype,47.653132,-122.306114,2025-03-11 10:26:22,4.311590,0.073550,71.861130,4.998779
prototype,47.653132,-122.306114,2025-03-11 10:26:30,4.311590,0.074268,72.051399,4.998779
prototype,47.653132,-122.306114,2025-03-11 10:26:38,4.310251,0.073311,72.146561,4.998779
prototype,47.653132,-122.306114,2025-03-11 10:26:54,4.308915,0.073391,72.336838,4.998779
prototype,47.653132,-122.306114,2025-03-11 10:27:02,4.310210,0.073551,72.146500,4.998779
prototype,47.653132,-122.306114,2025-03-11 10:27:18,4.304861,0.072996,72.526993,4.998779
prototype,47.653132,-122.306114,2025-03-11 10:27:26,4.304861,0.072679,72.336777,4.998779
prototype,47.653132,-122.306114,2025-03-11 10:27:34,4.307532,0.072995,72.431938,4.998779
prototype,47.653132,-122.306114,2025-03-11 10:27:50,4.307576,0.073080,72.051407,4.998779
prototype,47.653132,-122.306114,2025-03-11 10:27:58,4.303525,0.072598,72.336777,4.998779
prototype,47.653132,-122.306114,2025-03-11 10:28:06,4.303485,0.072282,72.051399,4.998779
dummy,69.420,13.37,2025-03-11 10:28:13
prototype,47.653132,-122.306114,2025-03-11 10:28:14,4.302152,0.071735,72.241669,4.998779
prototype,47.653132,-122.306114,2025-03-11 10:28:22,4.307536,0.072677,72.146454,4.998779
prototype,47.653132,-122.306114,2025-03-11 10:28:38,4.308912,0.072995,72.241669,4.998779
prototype,47.653132,-122.306114,2025-03-11 10:28:46,4.306197,0.072678,72.146561,4.998779
prototype,47.653132,-122.306114,2025-03-11 10:28:54,4.306197,0.072841,72.146446,4.998779
prototype,47.653132,-122.306114,2025-03-11 10:29:02,4.307579,0.072441,72.336838,4.998779
prototype,47.653132,-122.306114,2025-03-11 10:29:10,4.308875,0.072050,72.336838,4.998779
prototype,47.653132,-122.306114,2025-03-11 10:29:18,4.304861,0.072285,72.241669,4.998779
prototype,47.653132,-122.306114,2025-03-11 10:29:26,4.307496,0.072362,72.336838,4.998779
prototype,47.653132,-122.306114,2025-03-11 10:29:34,4.306240,0.072208,72.336777,4.998779
prototype,47.653132,-122.306114,2025-03-11 10:29:42,4.306197,0.072758,71.956070,4.998779
prototype,47.653132,-122.306114,2025-03-11 10:29:50,4.306197,0.072206,72.336723,4.998779
prototype,47.653132,-122.306114,2025-03-11 10:29:58,4.306240,0.071811,72.431938,4.998779
prototype,47.653132,-122.306114,2025-03-11 10:30:14,4.304861,0.072050,72.051399,4.998779
prototype,47.653132,-122.306114,2025-03-11 10:30:22,4.306197,0.071891,72.051460,4.998779
prototype,47.653132,-122.306114,2025-03-11 10:30:30,4.306240,0.072127,71.955956,4.998779
prototype,47.653132,-122.306114,2025-03-11 10:30:38,4.306197,0.071892,72.241722,4.998779
prototype,47.653132,-122.306114,2025-03-11 10:30:46,4.304861,0.071812,71.861069,4.998779
prototype,47.653132,-122.306114,2025-03-11 10:30:54,4.304904,0.072125,72.241669,4.998779
prototype,47.653132,-122.306114,2025-03-11 10:31:02,4.307576,0.072049,72.527054,4.998779
prototype,47.653132,-122.306114,2025-03-11 10:31:10,4.306240,0.072125,72.051399,4.998779
prototype,47.653132,-122.306114,2025-03-11 10:31:18,4.304861,0.072133,71.956291,4.998779
prototype,47.653132,-122.306114,2025-03-11 10:31:26,4.304861,0.071892,71.860855,4.998779
prototype,47.653132,-122.306114,2025-03-11 10:31:34,4.304824,0.072206,71.956291,4.998779
prototype,47.653132,-122.306114,2025-03-11 10:31:42,4.304861,0.072047,72.241394,4.998779
prototype,47.653132,-122.306114,2025-03-11 10:31:50,4.304904,0.071814,71.956230,4.998779
prototype,47.653132,-122.306114,2025-03-11 10:31:58,4.306197,0.071812,72.336777,4.998779
prototype,47.653132,-122.306114,2025-03-11 10:32:06,4.307532,0.072364,72.431717,4.998779
prototype,47.653132,-122.306114,2025-03-11 10:32:14,4.308915,0.072757,72.051460,4.998779
prototype,47.653132,-122.306114,2025-03-11 10:32:22,4.311590,0.072835,72.051346,4.998779
prototype,47.653132,-122.306114,2025-03-11 10:32:30,4.306197,0.073155,72.241730,4.998779
prototype,47.653132,-122.306114,2025-03-11 10:32:38,4.310251,0.073235,72.336784,4.998779
prototype,47.653132,-122.306114,2025-03-11 10:32:46,4.308915,0.072916,71.956291,4.998779
prototype,47.653132,-122.306114,2025-03-11 10:32:54,4.308871,0.073311,72.336838,4.998779
prototype,47.653132,-122.306114,2025-03-11 10:33:02,4.311590,0.072914,72.527054,4.998779
prototype,47.653132,-122.306114,2025-03-11 10:33:10,4.306197,0.073234,72.051399,4.998779
prototype,47.653132,-122.306114,2025-03-11 10:33:18,4.306197,0.073233,72.431778,4.998779
prototype,47.653132,-122.306114,2025-03-11 10:33:26,4.306197,0.071970,71.861130,4.998779
prototype,47.653132,-122.306114,2025-03-11 10:33:34,4.304861,0.072126,72.527107,4.998779
prototype,47.653132,-122.306114,2025-03-11 10:33:42,4.304861,0.072678,72.051460,4.998779
prototype,47.653132,-122.306114,2025-03-11 10:33:58,4.308915,0.072914,72.716721,4.998779
prototype,47.653132,-122.306114,2025-03-11 10:34:06,4.308871,0.073792,72.527054,4.998779
prototype,47.653132,-122.306114,2025-03-11 10:34:14,4.307576,0.073154,72.146622,4.998779
prototype,47.653132,-122.306114,2025-03-11 10:34:30,4.306197,0.073154,71.956230,4.998779
prototype,47.653132,-122.306114,2025-03-11 10:34:38,4.308875,0.072683,71.956291,4.998779
prototype,47.653132,-122.306114,2025-03-11 10:34:54,4.304821,0.072520,71.765411,4.998779
prototype,47.653132,-122.306114,2025-03-11 10:35:02,4.303525,0.072206,71.956291,4.998779
prototype,47.653132,-122.306114,2025-03-11 10:35:18,4.303525,0.071422,72.051346,4.998779
prototype,47.653132,-122.306114,2025-03-11 10:35:26,4.303525,0.071812,72.146286,4.998779
prototype,47.653132,-122.306114,2025-03-11 10:35:34,4.306240,0.072051,72.146561,4.998779
prototype,47.653132,-122.306114,2025-03-11 10:35:42,4.300813,0.071499,72.051399,4.998779
prototype,47.653132,-122.306114,2025-03-11 10:35:50,4.303525,0.071577,71.956238,4.998779
prototype,47.653132,-122.306114,2025-03-11 10:36:06,4.303525,0.071814,72.051453,4.998779
prototype,47.653132,-122.306114,2025-03-11 10:36:22,4.308915,0.072205,72.336838,4.998779
prototype,47.653132,-122.306114,2025-03-11 10:36:30,4.310251,0.072916,72.051460,4.998779
prototype,47.653132,-122.306114,2025-03-11 10:36:46,4.308871,0.073551,72.241669,4.998779
prototype,47.653132,-122.306114,2025-03-11 10:37:02,4.311590,0.074029,72.241669,4.998779
prototype,47.653132,-122.306114,2025-03-11 10:37:18,4.306197,0.073074,72.336777,4.998779
prototype,47.653132,-122.306114,2025-03-11 10:37:26,4.304861,0.072364,72.146500,4.998779
prototype,47.653132,-122.306114,2025-03-11 10:37:34,4.306200,0.073156,72.051285,4.998779
prototype,47.653132,-122.306114,2025-03-11 10:37:42,4.306197,0.073707,72.526886,4.998779
prototype,47.653132,-122.306114,2025-03-11 10:37:50,4.311633,0.073631,72.431999,4.998779
prototype,47.653132,-122.306114,2025-03-11 10:37:58,4.310210,0.073867,72.051399,4.998779
prototype,47.653132,-122.306114,2025-03-11 10:38:06,4.308912,0.073710,71.956070,4.998779
prototype,47.653132,-122.306114,2025-03-11 10:38:14,4.311549,0.074106,72.241730,4.998779
prototype,47.653132,-122.306114,2025-03-11 10:38:22,4.314311,0.074348,71.956177,4.998779
prototype,47.653132,-122.306114,2025-03-11 10:38:30,4.310294,0.073950,72.051399,4.998779
prototype,47.653132,-122.306114,2025-03-11 10:38:38,4.307579,0.073789,72.336723,4.998779
prototype,47.653132,-122.306114,2025-03-11 10:38:46,4.306197,0.073155,71.764687,4.998779
prototype,47.653132,-122.306114,2025-03-11 10:38:54,4.303525,0.072524,72.622047,4.998779
prototype,47.653132,-122.306114,2025-03-11 10:39:02,4.304861,0.072051,72.051399,4.998779
prototype,47.653132,-122.306114,2025-03-11 10:39:10,4.303525,0.072837,72.051453,4.998779
prototype,47.653132,-122.306114,2025-03-11 10:39:26,4.304861,0.072520,72.717270,4.998779
prototype,47.653132,-122.306114,2025-03-11 10:39:34,4.304861,0.072836,72.336723,4.998779
prototype,47.653132,-122.306114,2025-03-11 10:39:50,4.306197,0.072600,72.241730,4.998779
prototype,47.653132,-122.306114,2025-03-11 10:40:06,4.303525,0.072132,72.146500,4.998779
prototype,47.653132,-122.306114,2025-03-11 10:40:14,4.302189,0.071971,72.717209,4.998779
prototype,47.653132,-122.306114,2025-03-11 10:40:38,4.304861,0.072051,72.146561,4.998779
prototype,47.653132,-122.306114,2025-03-11 10:40:54,4.302189,0.071421,72.336838,4.998779
prototype,47.653132,-122.306114,2025-03-11 10:41:02,4.303568,0.071422,72.051460,4.998779
prototype,47.653132,-122.306114,2025-03-11 10:41:18,4.303525,0.071657,72.146500,4.998779
prototype,47.653132,-122.306114,2025-03-11 10:41:26,4.303525,0.071735,72.051399,4.998779
prototype,47.653132,-122.306114,2025-03-11 10:41:34,4.306197,0.071973,71.956291,4.998779
prototype,47.653132,-122.306114,2025-03-11 10:41:50,4.303525,0.071107,71.956291,4.998779
prototype,47.653132,-122.306114,2025-03-11 10:41:58,4.304861,0.071891,72.241669,4.998779
prototype,47.653132,-122.306114,2025-03-11 10:42:06,4.308871,0.072599,72.241783,4.998779
prototype,47.653132,-122.306114,2025-03-11 10:42:14,4.308912,0.072599,72.241669,4.998779
prototype,47.653132,-122.306114,2025-03-11 10:42:22,4.307536,0.072049,72.146561,4.998779
prototype,47.653132,-122.306114,2025-03-11 10:42:38,4.304904,0.072840,72.622162,4.998779
prototype,47.653132,-122.306114,2025-03-11 10:42:46,4.304861,0.072050,72.146561,4.998779
prototype,47.653132,-122.306114,2025-03-11 10:42:55,4.306197,0.072361,72.051399,4.998779
prototype,47.653132,-122.306114,2025-03-11 10:43:03,4.307576,0.072679,72.146500,4.998779
prototype,47.653132,-122.306114,2025-03-11 10:43:11,4.308875,0.072523,72.146500,4.998779
prototype,47.653132,-122.306114,2025-03-11 10:43:19,4.307496,0.072520,72.146561,4.998779
prototype,47.653132,-122.306114,2025-03-11 10:43:27,4.311590,0.074267,72.051399,4.998779
prototype,47.653132,-122.306114,2025-03-11 10:43:35,4.308912,0.073550,71.956291,4.998779
prototype,47.653132,-122.306114,2025-03-11 10:43:43,4.311590,0.073549,72.241730,4.998779
prototype,47.653132,-122.306114,2025-03-11 10:43:51,4.307576,0.072916,72.431892,4.998779
prototype,47.653132,-122.306114,2025-03-11 10:44:07,4.310210,0.072519,72.241730,4.998779
prototype,47.653132,-122.306114,2025-03-11 10:44:31,4.306197,0.072917,72.241669,4.998779
prototype,47.653132,-122.306114,2025-03-11 10:44:39,4.306197,0.072840,72.621834,4.998779
prototype,47.653132,-122.306114,2025-03-11 10:44:47,4.303485,0.072206,72.431946,4.998779
prototype,47.653132,-122.306114,2025-03-11 10:44:55,4.304861,0.071497,71.956291,4.998779
prototype,47.653132,-122.306114,2025-03-11 10:45:03,4.303525,0.072599,72.431938,4.998779
prototype,47.653132,-122.306114,2025-03-11 10:45:11,4.307496,0.072598,72.146500,4.998779
prototype,47.653132,-122.306114,2025-03-11 10:45:19,4.307576,0.073153,72.146561,4.998779
prototype,47.653132,-122.306114,2025-03-11 10:45:27,4.308871,0.072994,71.956070,4.998779
prototype,47.653132,-122.306114,2025-03-11 10:45:35,4.308912,0.072837,72.336784,4.998779
prototype,47.653132,-122.306114,2025-03-11 10:45:51,4.303525,0.072443,72.146561,4.998779
prototype,47.653132,-122.306114,2025-03-11 10:45:59,4.307532,0.072522,72.241783,4.998779
prototype,47.653132,-122.306114,2025-03-11 10:46:07,4.304824,0.072284,72.241615,4.998779
prototype,47.653132,-122.306114,2025-03-11 10:46:15,4.307576,0.072448,72.051399,4.998779
prototype,47.653132,-122.306114,2025-03-11 10:46:23,4.308871,0.072758,72.241615,4.998779
prototype,47.653132,-122.306114,2025-03-11 10:46:31,4.308912,0.072757,72.431831,4.998779
prototype,47.653132,-122.306114,2025-03-11 10:46:47,4.306200,0.072049,72.146561,4.998779
prototype,47.653132,-122.306114,2025-03-11 10:47:03,4.304861,0.072365,72.622101,4.998779
prototype,47.653132,-122.306114,2025-03-11 10:47:11,4.306197,0.072204,72.051460,4.998779
prototype,47.653132,-122.306114,2025-03-11 10:47:19,4.306240,0.072920,72.526886,4.998779
prototype,47.653132,-122.306114,2025-03-11 10:47:27,4.310210,0.072756,72.431946,4.998779
prototype,47.653132,-122.306114,2025-03-11 10:47:35,4.311593,0.072996,72.431999,4.998779
prototype,47.653132,-122.306114,2025-03-11 10:47:43,4.308871,0.073074,71.956238,4.998779
prototype,47.653132,-122.306114,2025-03-11 10:47:59,4.311590,0.073630,72.146446,4.998779
prototype,47.653132,-122.306114,2025-03-11 10:48:07,4.306240,0.073154,72.622108,4.998779
prototype,47.653132,-122.306114,2025-03-11 10:48:15,4.304861,0.073552,72.526993,4.998779
prototype,47.653132,-122.306114,2025-03-11 10:48:23,4.302149,0.072520,72.146347,4.998779
prototype,47.653132,-122.306114,2025-03-11 10:48:31,4.304861,0.072285,72.051399,4.998779
prototype,47.653132,-122.306114,2025-03-11 10:48:39,4.303568,0.071502,72.051399,4.998779
prototype,47.653132,-122.306114,2025-03-11 10:48:47,4.303525,0.071970,72.241730,4.998779
prototype,47.653132,-122.306114,2025-03-11 10:48:55,4.304904,0.071973,71.956177,4.998779
prototype,47.653132,-122.306114,2025-03-11 10:49:11,4.302189,0.071972,72.051346,4.998779
prototype,47.653132,-122.306114,2025-03-11 10:49:19,4.304904,0.071816,72.241730,4.998779
prototype,47.653132,-122.306114,2025-03-11 10:49:35,4.308871,0.073314,72.622154,4.998779
prototype,47.653132,-122.306114,2025-03-11 10:49:43,4.314268,0.074107,71.765961,4.998779
prototype,47.653132,-122.306114,2025-03-11 10:49:51,4.307532,0.073313,72.431938,4.998779
prototype,47.653132,-122.306114,2025-03-11 10:49:59,4.308915,0.073472,72.146561,4.998779
prototype,47.653132,-122.306114,2025-03-11 10:50:07,4.308871,0.073232,72.526772,4.998779
prototype,47.653132,-122.306114,2025-03-11 10:50:23,4.304821,0.072837,72.431938,4.998779
prototype,47.653132,-122.306114,2025-03-11 10:50:31,4.304861,0.072283,72.431938,4.998779
prototype,47.653132,-122.306114,2025-03-11 10:50:39,4.307576,0.073232,72.241669,4.998779
prototype,47.653132,-122.306114,2025-03-11 10:50:47,4.306197,0.072837,72.336609,4.998779
prototype,47.653132,-122.306114,2025-03-11 10:50:55,4.306197,0.072680,72.431946,4.998779
prototype,47.653132,-122.306114,2025-03-11 10:51:03,4.308915,0.072601,72.431778,4.998779
prototype,47.653132,-122.306114,2025-03-11 10:51:11,4.306197,0.071968,72.622055,4.998779
prototype,47.653132,-122.306114,2025-03-11 10:51:19,4.303525,0.072285,72.241669,4.998779
prototype,47.653132,-122.306114,2025-03-11 10:51:35,4.307536,0.072836,72.051453,4.998779
prototype,47.653132,-122.306114,2025-03-11 10:51:43,4.306240,0.073313,72.431999,4.998779
prototype,47.653132,-122.306114,2025-03-11 10:51:51,4.307576,0.073312,72.527115,4.998779
prototype,47.653132,-122.306114,2025-03-11 10:51:59,4.307532,0.073632,72.241669,4.998779
prototype,47.653132,-122.306114,2025-03-11 10:52:15,4.303525,0.071812,72.431885,4.998779
prototype,47.653132,-122.306114,2025-03-11 10:52:23,4.302192,0.071422,72.431999,4.998779
prototype,47.653132,-122.306114,2025-03-11 10:52:31,4.300813,0.071577,72.051460,4.998779
prototype,47.653132,-122.306114,2025-03-11 10:52:39,4.304861,0.071813,72.051231,4.998779
prototype,47.653132,-122.306114,2025-03-11 10:52:47,4.307536,0.072756,72.622208,4.998779
prototype,47.653132,-122.306114,2025-03-11 10:52:55,4.306197,0.072915,72.431999,4.998779
prototype,47.653132,-122.306114,2025-03-11 10:53:03,4.307576,0.072523,72.241730,4.998779
prototype,47.653132,-122.306114,2025-03-11 10:53:19,4.306197,0.072443,72.146561,4.998779
prototype,47.653132,-122.306114,2025-03-11 10:53:27,4.304861,0.072285,71.956177,4.998779
prototype,47.653132,-122.306114,2025-03-11 10:53:35,4.306197,0.072125,72.241562,4.998779
prototype,47.653132,-122.306114,2025-03-11 10:53:43,4.304861,0.072600,72.336723,4.998779
prototype,47.653132,-122.306114,2025-03-11 10:53:51,4.306197,0.073398,72.431999,4.998779
prototype,47.653132,-122.306114,2025-03-11 10:53:59,4.306160,0.072364,72.241722,4.998779
prototype,47.653132,-122.306114,2025-03-11 10:54:15,4.303525,0.071818,72.622055,4.998779
prototype,47.653132,-122.306114,2025-03-11 10:54:23,4.304904,0.071657,72.241730,4.998779
prototype,47.653132,-122.306114,2025-03-11 10:54:31,4.306240,0.072601,71.860962,4.998779
prototype,47.653132,-122.306114,2025-03-11 10:54:39,4.304861,0.072047,72.146561,4.998779
prototype,47.653132,-122.306114,2025-03-11 10:54:47,4.303485,0.071733,72.336716,4.998779
prototype,47.653132,-122.306114,2025-03-11 10:54:55,4.303525,0.071736,72.051460,4.998779
prototype,47.653132,-122.306114,2025-03-11 10:55:03,4.304861,0.071733,72.431938,4.998779
prototype,47.653132,-122.306114,2025-03-11 10:55:11,4.303525,0.071737,72.336899,4.998779
prototype,47.653132,-122.306114,2025-03-11 10:55:19,4.302189,0.071578,73.191277,4.998779
prototype,47.653132,-122.306114,2025-03-11 10:55:27,4.304861,0.071421,72.527107,4.998779
prototype,47.653132,-122.306114,2025-03-11 10:55:51,4.307576,0.070805,71.956070,4.998779
prototype,47.653132,-122.306114,2025-03-11 10:56:15,4.304861,0.072522,72.241623,4.998779
prototype,47.653132,-122.306114,2025-03-11 10:56:23,4.311590,0.073153,72.336617,4.998779
prototype,47.653132,-122.306114,2025-03-11 10:56:31,4.310251,0.073073,72.146507,4.998779
prototype,47.653132,-122.306114,2025-03-11 10:56:39,4.311549,0.072837,72.431999,4.998779
prototype,47.653132,-122.306114,2025-03-11 10:56:47,4.308915,0.074112,72.717155,4.998779
prototype,47.653132,-122.306114,2025-03-11 10:57:03,4.310251,0.073549,72.717270,4.998779
prototype,47.653132,-122.306114,2025-03-11 10:57:11,4.311590,0.073630,72.431892,4.998779
prototype,47.653132,-122.306114,2025-03-11 10:57:19,4.308912,0.073790,72.336723,4.998779
prototype,47.653132,-122.306114,2025-03-11 10:57:27,4.307532,0.073470,72.241730,4.998779
prototype,47.653132,-122.306114,2025-03-11 10:57:35,4.308871,0.073154,72.241615,4.998779
prototype,47.653132,-122.306114,2025-03-11 10:57:43,4.304861,0.073074,72.336838,4.998779
prototype,47.653132,-122.306114,2025-03-11 10:57:51,4.306240,0.073792,72.146561,4.998779
prototype,47.653132,-122.306114,2025-03-11 10:58:07,4.310251,0.073709,72.527107,4.998779
prototype,47.653132,-122.306114,2025-03-11 10:58:15,4.310254,0.073787,72.527054,4.998779
prototype,47.653132,-122.306114,2025-03-11 10:58:23,4.310214,0.073238,72.622208,4.998779
prototype,47.653132,-122.306114,2025-03-11 10:58:39,4.310251,0.073232,71.956291,4.998779
prototype,47.653132,-122.306114,2025-03-11 10:58:47,4.308871,0.073868,72.146286,4.998779
prototype,47.653132,-122.306114,2025-03-11 10:59:03,4.312929,0.074426,72.146500,4.998779
prototype,47.653132,-122.306114,2025-03-11 10:59:11,4.308912,0.074107,72.241615,4.998779
prototype,47.653132,-122.306114,2025-03-11 10:59:19,4.306240,0.074188,72.526947,4.998779
prototype,47.653132,-122.306114,2025-03-11 10:59:35,4.307536,0.073870,72.336662,4.998779
prototype,47.653132,-122.306114,2025-03-11 10:59:43,4.306197,0.073947,71.956131,4.998779
prototype,47.653132,-122.306114,2025-03-11 10:59:59,4.306197,0.073549,72.431999,4.998779
prototype,47.653132,-122.306114,2025-03-11 11:00:15,4.303525,0.072837,72.051460,4.998779
prototype,47.653132,-122.306114,2025-03-11 11:00:23,4.303485,0.072362,73.380569,4.998779
prototype,47.653132,-122.306114,2025-03-11 11:00:31,4.307579,0.072758,72.145836,4.998779
prototype,47.653132,-122.306114,2025-03-11 11:00:47,4.303525,0.072443,71.956230,4.998779
prototype,47.653132,-122.306114,2025-03-11 11:00:55,4.304861,0.072363,72.527107,4.998779
prototype,47.653132,-122.306114,2025-03-11 11:01:11,4.304861,0.072995,72.431938,4.998779
prototype,47.653132,-122.306114,2025-03-11 11:01:27,4.306197,0.072362,72.241669,4.998779
prototype,47.653132,-122.306114,2025-03-11 11:01:35,4.308915,0.073074,72.431725,4.998779
prototype,47.653132,-122.306114,2025-03-11 11:01:43,4.304861,0.072361,72.622055,4.998779
prototype,47.653132,-122.306114,2025-03-11 11:01:51,4.310251,0.073079,72.336121,4.998779
prototype,47.653132,-122.306114,2025-03-11 11:01:59,4.307536,0.073470,72.526993,4.998779
prototype,47.653132,-122.306114,2025-03-11 11:02:07,4.307536,0.072619,72.527054,4.998779
prototype,47.653132,-122.306114,2025-03-11 11:02:15,4.308871,0.072836,72.146561,4.998779
prototype,47.653132,-122.306114,2025-03-11 11:02:31,4.306197,0.073156,72.431892,4.998779
prototype,47.653132,-122.306114,2025-03-11 11:02:47,4.307622,0.072919,72.051399,4.998779
prototype,47.653132,-122.306114,2025-03-11 11:03:03,4.308915,0.072758,72.051460,4.998779
prototype,47.653132,-122.306114,2025-03-11 11:03:11,4.304861,0.072757,72.241730,4.998779
prototype,47.653132,-122.306114,2025-03-11 11:03:35,4.303525,0.071971,72.431938,4.998779
prototype,47.653132,-122.306114,2025-03-11 11:03:51,4.303525,0.072365,72.717049,4.998779
prototype,47.653132,-122.306114,2025-03-11 11:04:07,4.304861,0.072841,72.621994,4.998779
prototype,47.653132,-122.306114,2025-03-11 11:04:15,4.304904,0.072126,72.431831,4.998779
prototype,47.653132,-122.306114,2025-03-11 11:04:23,4.310251,0.072836,72.431999,4.998779
prototype,47.653132,-122.306114,2025-03-11 11:04:31,4.306197,0.072205,72.622208,4.998779
prototype,47.653132,-122.306114,2025-03-11 11:04:39,4.307576,0.072365,72.527107,4.998779
prototype,47.653132,-122.306114,2025-03-11 11:04:47,4.303525,0.072443,72.431831,4.998779
prototype,47.653132,-122.306114,2025-03-11 11:04:55,4.304861,0.071657,72.241562,4.998779
prototype,47.653132,-122.306114,2025-03-11 11:05:03,4.306197,0.071734,72.241669,4.998779
prototype,47.653132,-122.306114,2025-03-11 11:05:51,4.302189,0.071971,72.622101,4.998779
prototype,47.653132,-122.306114,2025-03-11 11:06:07,4.302189,0.071343,72.336838,4.998779
prototype,47.653132,-122.306114,2025-03-11 11:06:15,4.300813,0.072126,72.622055,4.998779
prototype,47.653132,-122.306114,2025-03-11 11:06:23,4.303525,0.071734,72.431892,4.998779
prototype,47.653132,-122.306114,2025-03-11 11:06:31,4.306197,0.072048,72.241669,4.998779
prototype,47.653132,-122.306114,2025-03-11 11:06:39,4.306197,0.072284,72.051231,4.998779
prototype,47.653132,-122.306114,2025-03-11 11:06:47,4.307532,0.073390,72.336838,4.998779
prototype,47.653132,-122.306114,2025-03-11 11:06:55,4.306240,0.072051,71.575081,4.998779
prototype,47.653132,-122.306114,2025-03-11 11:07:11,4.302192,0.071422,72.146500,4.998779
prototype,47.653132,-122.306114,2025-03-11 11:07:27,4.303525,0.071814,72.622162,4.998779
prototype,47.653132,-122.306114,2025-03-11 11:07:35,4.303485,0.071813,72.241722,4.998779
prototype,47.653132,-122.306114,2025-03-11 11:07:43,4.302189,0.071577,72.146622,4.998779
prototype,47.653132,-122.306114,2025-03-11 11:07:51,4.300856,0.071343,72.241615,4.998779
prototype,47.653132,-122.306114,2025-03-11 11:07:59,4.299480,0.070485,72.431999,4.998779
prototype,47.653132,-122.306114,2025-03-11 11:08:07,4.303525,0.071185,72.336838,4.998779
prototype,47.653132,-122.306114,2025-03-11 11:08:15,4.300856,0.070795,72.527054,4.998779
prototype,47.653132,-122.306114,2025-03-11 11:08:23,4.302149,0.071343,72.431946,4.998779
prototype,47.653132,-122.306114,2025-03-11 11:08:31,4.302189,0.071499,72.526993,4.998779
prototype,47.653132,-122.306114,2025-03-11 11:08:40,4.303525,0.071577,72.241730,4.998779
prototype,47.653132,-122.306114,2025-03-11 11:08:48,4.304861,0.071734,72.336838,4.998779
prototype,47.653132,-122.306114,2025-03-11 11:08:56,4.307536,0.071812,72.241562,4.998779
prototype,47.653132,-122.306114,2025-03-11 11:09:04,4.306200,0.071969,72.527054,4.998779
prototype,47.653132,-122.306114,2025-03-11 11:09:12,4.303525,0.071577,72.431892,4.998779
prototype,47.653132,-122.306114,2025-03-11 11:09:20,4.303525,0.071265,72.431938,4.998779
prototype,47.653132,-122.306114,2025-03-11 11:09:36,4.306197,0.072048,72.146561,4.998779
prototype,47.653132,-122.306114,2025-03-11 11:09:44,4.308871,0.072840,72.051460,4.998779
prototype,47.653132,-122.306114,2025-03-11 11:09:52,4.308915,0.072361,72.336723,4.998779
prototype,47.653132,-122.306114,2025-03-11 11:10:00,4.304861,0.071657,72.527107,4.998779
prototype,47.653132,-122.306114,2025-03-11 11:10:08,4.304861,0.072207,72.717216,4.998779
prototype,47.653132,-122.306114,2025-03-11 11:10:16,4.302189,0.071264,72.241730,4.998779
prototype,47.653132,-122.306114,2025-03-11 11:10:24,4.307536,0.072049,72.526993,4.998779
prototype,47.653132,-122.306114,2025-03-11 11:10:32,4.303525,0.071892,72.431892,4.998779
prototype,47.653132,-122.306114,2025-03-11 11:10:40,4.304861,0.071969,72.431992,4.998779
prototype,47.653132,-122.306114,2025-03-11 11:10:48,4.303525,0.071420,72.527107,4.998779
prototype,47.653132,-122.306114,2025-03-11 11:11:04,4.300856,0.071504,72.336838,4.998779
prototype,47.653132,-122.306114,2025-03-11 11:11:12,4.304861,0.071813,72.051460,4.998779
prototype,47.653132,-122.306114,2025-03-11 11:11:20,4.304904,0.071740,72.717216,4.998779
prototype,47.653132,-122.306114,2025-03-11 11:11:36,4.307576,0.071655,72.051178,4.998779
prototype,47.653132,-122.306114,2025-03-11 11:11:44,4.302149,0.071576,72.431892,4.998779
prototype,47.653132,-122.306114,2025-03-11 11:12:16,4.306197,0.071656,72.146622,4.998779
prototype,47.653132,-122.306114,2025-03-11 11:12:32,4.307536,0.072527,72.431938,4.998779
prototype,47.653132,-122.306114,2025-03-11 11:12:40,4.306200,0.072440,72.241394,4.998779
prototype,47.653132,-122.306114,2025-03-11 11:12:48,4.308915,0.072602,72.526993,4.998779
prototype,47.653132,-122.306114,2025-03-11 11:12:56,4.308871,0.073470,72.622162,4.998779
prototype,47.653132,-122.306114,2025-03-11 11:13:04,4.311590,0.073391,72.717155,4.998779
prototype,47.653132,-122.306114,2025-03-11 11:13:12,4.306197,0.072836,72.431938,4.998779
prototype,47.653132,-122.306114,2025-03-11 11:13:29,4.306197,0.072129,72.527107,4.998779
prototype,47.653132,-122.306114,2025-03-11 11:13:37,4.304861,0.072840,72.146500,4.998779
prototype,47.653132,-122.306114,2025-03-11 11:13:45,4.303525,0.071890,72.812325,4.998779
prototype,47.653132,-122.306114,2025-03-11 11:13:53,4.307532,0.072836,72.527107,4.998779
prototype,47.653132,-122.306114,2025-03-11 11:14:01,4.312929,0.073629,72.622047,4.998779
prototype,47.653132,-122.306114,2025-03-11 11:14:33,4.314311,0.074910,72.622108,4.998779
prototype,47.653132,-122.306114,2025-03-11 11:14:41,4.312929,0.074586,72.717155,4.998779
prototype,47.653132,-122.306114,2025-03-11 11:14:49,4.311590,0.074507,72.431938,4.998779
prototype,47.653132,-122.306114,2025-03-11 11:15:13,4.303525,0.072756,72.241669,4.998779
prototype,47.653132,-122.306114,2025-03-11 11:15:21,4.303525,0.072598,72.051399,4.998779
prototype,47.653132,-122.306114,2025-03-11 11:15:29,4.307542,0.072363,72.717094,4.998779
prototype,47.653132,-122.306114,2025-03-11 11:15:37,4.302189,0.072764,72.336899,4.998779
prototype,47.653132,-122.306114,2025-03-11 11:15:45,4.308871,0.073154,72.241226,4.998779
prototype,47.653132,-122.306114,2025-03-11 11:15:53,4.307532,0.073232,72.622055,4.998779
prototype,47.653132,-122.306114,2025-03-11 11:16:09,4.308871,0.074107,72.527107,4.998779
prototype,47.653132,-122.306114,2025-03-11 11:16:17,4.308871,0.073629,72.241669,4.998779
prototype,47.653132,-122.306114,2025-03-11 11:16:25,4.303525,0.073312,72.241669,4.998779
prototype,47.653132,-122.306114,2025-03-11 11:16:41,4.304861,0.072441,72.717155,4.998779
prototype,47.653132,-122.306114,2025-03-11 11:16:49,4.306197,0.072761,72.431892,4.998779
prototype,47.653132,-122.306114,2025-03-11 11:16:57,4.304904,0.072917,72.336662,4.998779
prototype,47.653132,-122.306114,2025-03-11 11:17:05,4.308871,0.072994,72.717094,4.998779
prototype,47.653132,-122.306114,2025-03-11 11:17:13,4.307536,0.073869,72.622055,4.998779
prototype,47.653132,-122.306114,2025-03-11 11:17:29,4.304861,0.072758,72.526993,4.998779
prototype,47.653132,-122.306114,2025-03-11 11:17:37,4.304861,0.072600,72.336838,4.998779
prototype,47.653132,-122.306114,2025-03-11 11:17:45,4.302189,0.072285,72.241669,4.998779
prototype,47.653132,-122.306114,2025-03-11 11:18:01,4.303525,0.071812,72.336838,4.998779
prototype,47.653132,-122.306114,2025-03-11 11:18:17,4.306197,0.072598,72.621887,4.998779
prototype,47.653132,-122.306114,2025-03-11 11:18:33,4.303525,0.071814,71.765961,4.998779
prototype,47.653132,-122.306114,2025-03-11 11:18:49,4.306240,0.072600,72.051399,4.998779
prototype,47.653132,-122.306114,2025-03-11 11:18:57,4.307536,0.072442,72.336555,4.998779
prototype,47.653132,-122.306114,2025-03-11 11:19:13,4.306240,0.071420,72.527046,4.998779
prototype,47.653132,-122.306114,2025-03-11 11:19:21,4.303525,0.071814,72.146400,4.998779
prototype,47.653132,-122.306114,2025-03-11 11:19:29,4.304861,0.072362,73.380028,4.998779
prototype,47.653132,-122.306114,2025-03-11 11:19:37,4.303525,0.071736,72.241669,4.998779
prototype,47.653132,-122.306114,2025-03-11 11:19:45,4.304861,0.071734,72.526886,4.998779
prototype,47.653132,-122.306114,2025-03-11 11:20:01,4.304861,0.072521,72.527054,4.998779
prototype,47.653132,-122.306114,2025-03-11 11:20:09,4.308912,0.072920,72.717155,4.998779
prototype,47.653132,-122.306114,2025-03-11 11:20:17,4.304861,0.072521,72.336838,4.998779
prototype,47.653132,-122.306114,2025-03-11 11:20:25,4.307536,0.072284,72.812271,4.998779
prototype,47.653132,-122.306114,2025-03-11 11:20:33,4.310251,0.072047,73.286819,4.998779
prototype,47.653132,-122.306114,2025-03-11 11:20:41,4.304861,0.071969,72.431946,4.998779
prototype,47.653132,-122.306114,2025-03-11 11:20:49,4.302189,0.071264,72.336723,4.998779
prototype,47.653132,-122.306114,2025-03-11 11:20:57,4.304861,0.071733,72.527054,4.998779
prototype,47.653132,-122.306114,2025-03-11 11:21:05,4.308915,0.072055,72.431831,4.998779
prototype,47.653132,-122.306114,2025-03-11 11:21:13,4.308871,0.072048,72.526993,4.998779
prototype,47.653132,-122.306114,2025-03-11 11:21:21,4.303525,0.071658,72.717049,4.998779
prototype,47.653132,-122.306114,2025-03-11 11:21:29,4.306197,0.072364,72.146561,4.998779
prototype,47.653132,-122.306114,2025-03-11 11:21:37,4.304861,0.072599,72.717209,4.998779
prototype,47.653132,-122.306114,2025-03-11 11:22:01,4.302189,0.071657,71.765678,4.998779
prototype,47.653132,-122.306114,2025-03-11 11:22:09,4.303525,0.071422,71.956291,4.998779
prototype,47.653132,-122.306114,2025-03-11 11:22:25,4.306197,0.072206,72.526993,4.998779
prototype,47.653132,-122.306114,2025-03-11 11:22:33,4.304904,0.071892,72.431938,4.998779
prototype,47.653132,-122.306114,2025-03-11 11:22:41,4.302149,0.072127,72.336555,4.998779
prototype,47.653132,-122.306114,2025-03-11 11:22:49,4.304861,0.071422,72.527107,4.998779
prototype,47.653132,-122.306114,2025-03-11 11:22:57,4.306240,0.071971,72.146561,4.998779
prototype,47.653132,-122.306114,2025-03-11 11:23:05,4.307532,0.072443,72.431892,4.998779
prototype,47.653132,-122.306114,2025-03-11 11:23:13,4.307536,0.072209,72.431999,4.998779
prototype,47.653132,-122.306114,2025-03-11 11:23:29,4.308871,0.073311,72.146561,4.998779
prototype,47.653132,-122.306114,2025-03-11 11:23:37,4.306197,0.073310,72.526993,4.998779
prototype,47.653132,-122.306114,2025-03-11 11:23:53,4.306197,0.073074,72.336838,4.998779
prototype,47.653132,-122.306114,2025-03-11 11:24:01,4.306197,0.073232,72.526947,4.998779
prototype,47.653132,-122.306114,2025-03-11 11:24:09,4.310210,0.074350,72.527107,4.998779
prototype,47.653132,-122.306114,2025-03-11 11:24:17,4.311590,0.074266,71.956177,4.998779
prototype,47.653132,-122.306114,2025-03-11 11:24:25,4.308912,0.074430,72.336838,4.998779
prototype,47.653132,-122.306114,2025-03-11 11:24:33,4.312972,0.074115,72.431938,4.998779
prototype,47.653132,-122.306114,2025-03-11 11:24:41,4.307579,0.073870,72.336899,4.998779
prototype,47.653132,-122.306114,2025-03-11 11:24:57,4.306197,0.072916,72.622162,4.998779
prototype,47.653132,-122.306114,2025-03-11 11:25:05,4.303525,0.072519,72.527046,4.998779
prototype,47.653132,-122.306114,2025-03-11 11:25:21,4.311590,0.073312,71.956291,4.998779
prototype,47.653132,-122.306114,2025-03-11 11:25:29,4.312929,0.074267,72.431938,4.998779
prototype,47.653132,-122.306114,2025-03-11 11:25:37,4.311590,0.074107,72.336617,4.998779
prototype,47.653132,-122.306114,2025-03-11 11:26:01,4.311590,0.074028,72.336777,4.998779
prototype,47.653132,-122.306114,2025-03-11 11:26:09,4.308875,0.074187,72.622108,4.998779
prototype,47.653132,-122.306114,2025-03-11 11:26:17,4.314268,0.074266,72.717270,4.998779
prototype,47.653132,-122.306114,2025-03-11 11:26:25,4.310210,0.073709,72.241783,4.998779
prototype,47.653132,-122.306114,2025-03-11 11:26:33,4.308912,0.073949,72.431938,4.998779
prototype,47.653132,-122.306114,2025-03-11 11:26:49,4.303525,0.072126,72.146500,4.998779
prototype,47.653132,-122.306114,2025-03-11 11:27:05,4.311590,0.073312,72.527054,4.998779
prototype,47.653132,-122.306114,2025-03-11 11:27:37,4.306197,0.072836,72.241669,4.998779
prototype,47.653132,-122.306114,2025-03-11 11:27:45,4.308871,0.073390,72.241730,4.998779
prototype,47.653132,-122.306114,2025-03-11 11:28:01,4.310214,0.073074,72.812103,4.998779
dummy,69.420,13.37,2025-03-11 11:28:14
prototype,47.653132,-122.306114,2025-03-11 11:28:17,4.307536,0.073633,72.717323,4.998779
prototype,47.653132,-122.306114,2025-03-11 11:28:25,4.312972,0.073552,72.717270,4.998779
prototype,47.653132,-122.306114,2025-03-11 11:28:33,4.306197,0.073153,72.622208,4.998779
prototype,47.653132,-122.306114,2025-03-11 11:28:41,4.307576,0.073234,72.527107,4.998779
prototype,47.653132,-122.306114,2025-03-11 11:28:49,4.308912,0.073867,72.717209,4.998779
prototype,47.653132,-122.306114,2025-03-11 11:28:57,4.308912,0.073628,72.241669,4.998779
prototype,47.653132,-122.306114,2025-03-11 11:29:05,4.312972,0.074347,72.336838,4.998779
prototype,47.653132,-122.306114,2025-03-11 11:29:13,4.314268,0.073631,72.336899,4.998779
prototype,47.653132,-122.306114,2025-03-11 11:29:21,4.312929,0.074107,72.336838,4.998779
prototype,47.653132,-122.306114,2025-03-11 11:29:29,4.312972,0.074426,72.336723,4.998779
prototype,47.653132,-122.306114,2025-03-11 11:29:37,4.312929,0.073950,72.812325,4.998779
prototype,47.653132,-122.306114,2025-03-11 11:29:45,4.315650,0.074190,72.431831,4.998779
prototype,47.653132,-122.306114,2025-03-11 11:29:53,4.311590,0.074187,71.956177,4.998779
prototype,47.653132,-122.306114,2025-03-11 11:30:01,4.306240,0.073632,72.336838,4.998779
prototype,47.653132,-122.306114,2025-03-11 11:30:17,4.310251,0.073552,72.527054,4.998779
prototype,47.653132,-122.306114,2025-03-11 11:30:25,4.307536,0.073232,72.146500,4.998779
prototype,47.653132,-122.306114,2025-03-11 11:30:33,4.307576,0.073630,71.956291,4.998779
prototype,47.653132,-122.306114,2025-03-11 11:31:21,4.308871,0.072680,72.717102,4.998779
prototype,47.653132,-122.306114,2025-03-11 11:31:45,4.314268,0.073947,72.336784,4.998779
prototype,47.653132,-122.306114,2025-03-11 11:31:53,4.312972,0.073553,72.146446,4.998779
prototype,47.653132,-122.306114,2025-03-11 11:32:01,4.307576,0.073392,72.431831,4.998779
prototype,47.653132,-122.306114,2025-03-11 11:32:17,4.308915,0.073392,72.527054,4.998779
prototype,47.653132,-122.306114,2025-03-11 11:32:25,4.307576,0.072916,72.526886,4.998779
prototype,47.653132,-122.306114,2025-03-11 11:32:33,4.304861,0.072677,72.336838,4.998779
prototype,47.653132,-122.306114,2025-03-11 11:32:41,4.306197,0.073154,72.241730,4.998779
prototype,47.653132,-122.306114,2025-03-11 11:32:57,4.312929,0.074027,72.431938,4.998779
prototype,47.653132,-122.306114,2025-03-11 11:33:21,4.314268,0.074266,72.336838,4.998779
prototype,47.653132,-122.306114,2025-03-11 11:33:29,4.312929,0.074109,72.431999,4.998779
prototype,47.653132,-122.306114,2025-03-11 11:33:37,4.311590,0.074027,72.622215,4.998779
prototype,47.653132,-122.306114,2025-03-11 11:33:45,4.311549,0.074026,72.717270,4.998779
prototype,47.653132,-122.306114,2025-03-11 11:33:53,4.310254,0.074266,72.812210,4.998779
prototype,47.653132,-122.306114,2025-03-11 11:34:01,4.314311,0.074107,72.146225,4.998779
prototype,47.653132,-122.306114,2025-03-11 11:34:17,4.311590,0.074027,72.527107,4.998779
prototype,47.653132,-122.306114,2025-03-11 11:34:25,4.312929,0.074266,72.051071,4.998779
prototype,47.653132,-122.306114,2025-03-11 11:34:33,4.315650,0.074669,72.336838,4.998779
prototype,47.653132,-122.306114,2025-03-11 11:34:41,4.314268,0.074506,72.526779,4.998779
prototype,47.653132,-122.306114,2025-03-11 11:34:49,4.312929,0.074426,72.336838,4.998779
prototype,47.653132,-122.306114,2025-03-11 11:34:57,4.311633,0.074588,73.002098,4.998779
prototype,47.653132,-122.306114,2025-03-11 11:35:05,4.311549,0.074266,72.241669,4.998779
prototype,47.653132,-122.306114,2025-03-11 11:35:14,4.312929,0.074586,72.622208,4.998779
prototype,47.653132,-122.306114,2025-03-11 11:35:22,4.308912,0.074028,72.526779,4.998779
prototype,47.653132,-122.306114,2025-03-11 11:35:30,4.312929,0.074426,72.622162,4.998779
prototype,47.653132,-122.306114,2025-03-11 11:35:46,4.314311,0.074827,72.431892,4.998779
prototype,47.653132,-122.306114,2025-03-11 11:36:02,4.314268,0.075072,72.622162,4.998779
prototype,47.653132,-122.306114,2025-03-11 11:36:10,4.308871,0.074029,72.241447,4.998779
prototype,47.653132,-122.306114,2025-03-11 11:36:18,4.310297,0.074827,72.526993,4.998779
prototype,47.653132,-122.306114,2025-03-11 11:36:26,4.308871,0.074186,72.051399,4.998779
prototype,47.653132,-122.306114,2025-03-11 11:36:42,4.310251,0.074426,72.527107,4.998779
prototype,47.653132,-122.306114,2025-03-11 11:36:50,4.312929,0.074107,72.527054,4.998779
prototype,47.653132,-122.306114,2025-03-11 11:37:06,4.312929,0.075147,72.621994,4.998779
prototype,47.653132,-122.306114,2025-03-11 11:37:14,4.312929,0.075067,72.241730,4.998779
prototype,47.653132,-122.306114,2025-03-11 11:37:30,4.314313,0.074432,72.241669,4.998779
prototype,47.653132,-122.306114,2025-03-11 11:37:38,4.311590,0.074829,72.241669,4.998779
prototype,47.653132,-122.306114,2025-03-11 11:37:54,4.310251,0.074992,72.622162,4.998779
prototype,47.653132,-122.306114,2025-03-11 11:38:10,4.308915,0.074508,72.717216,4.998779
prototype,47.653132,-122.306114,2025-03-11 11:38:18,4.308915,0.074348,72.622162,4.998779
prototype,47.653132,-122.306114,2025-03-11 11:38:34,4.312929,0.075228,72.812378,4.998779
prototype,47.653132,-122.306114,2025-03-11 11:38:42,4.315650,0.074828,72.336838,4.998779
prototype,47.653132,-122.306114,2025-03-11 11:38:50,4.311590,0.075068,72.146400,4.998779
prototype,47.653132,-122.306114,2025-03-11 11:38:58,4.312932,0.074350,72.241669,4.998779
prototype,47.653132,-122.306114,2025-03-11 11:39:14,4.314268,0.074988,72.146454,4.998779
prototype,47.653132,-122.306114,2025-03-11 11:39:22,4.314311,0.074589,72.717323,4.998779
prototype,47.653132,-122.306114,2025-03-11 11:39:38,4.310210,0.074508,72.336899,4.998779
prototype,47.653132,-122.306114,2025-03-11 11:39:54,4.310251,0.074187,72.241722,4.998779
prototype,47.653132,-122.306114,2025-03-11 11:40:02,4.310251,0.074510,72.431999,4.998779
prototype,47.653132,-122.306114,2025-03-11 11:40:18,4.311590,0.073877,72.812317,4.998779
prototype,47.653132,-122.306114,2025-03-11 11:40:26,4.311633,0.074587,72.622208,4.998779
prototype,47.653132,-122.306114,2025-03-11 11:40:34,4.311549,0.074351,72.717270,4.998779
prototype,47.653132,-122.306114,2025-03-11 11:40:42,4.307536,0.074592,72.336899,4.998779
prototype,47.653132,-122.306114,2025-03-11 11:41:06,4.306197,0.073313,73.002266,4.998779
prototype,47.653132,-122.306114,2025-03-11 11:41:22,4.306200,0.073392,72.527107,4.998779
prototype,47.653132,-122.306114,2025-03-11 11:41:30,4.311590,0.074589,72.622215,4.998779
prototype,47.653132,-122.306114,2025-03-11 11:41:46,4.307532,0.074269,72.431885,4.998779
prototype,47.653132,-122.306114,2025-03-11 11:42:02,4.308871,0.074352,72.336838,4.998779
prototype,47.653132,-122.306114,2025-03-11 11:42:10,4.310210,0.073708,72.907211,4.998779
prototype,47.653132,-122.306114,2025-03-11 11:42:42,4.312929,0.075312,72.907372,4.998779
prototype,47.653132,-122.306114,2025-03-11 11:42:58,4.312972,0.074268,72.717270,4.998779
prototype,47.653132,-122.306114,2025-03-11 11:43:06,4.314268,0.074587,72.527054,4.998779
prototype,47.653132,-122.306114,2025-03-11 11:43:14,4.312929,0.074586,72.527054,4.998779
prototype,47.653132,-122.306114,2025-03-11 11:43:22,4.307576,0.074427,72.622108,4.998779
prototype,47.653132,-122.306114,2025-03-11 11:43:30,4.310210,0.073949,72.717270,4.998779
prototype,47.653132,-122.306114,2025-03-11 11:43:38,4.311590,0.074428,72.146561,4.998779
prototype,47.653132,-122.306114,2025-03-11 11:43:46,4.307532,0.073549,72.526993,4.998779
prototype,47.653132,-122.306114,2025-03-11 11:44:02,4.307532,0.074106,72.717102,4.998779
prototype,47.653132,-122.306114,2025-03-11 11:44:10,4.310294,0.073789,72.051170,4.998779
prototype,47.653132,-122.306114,2025-03-11 11:44:18,4.308915,0.074674,72.241669,4.998779
prototype,47.653132,-122.306114,2025-03-11 11:44:34,4.307579,0.073392,72.336891,4.998779
prototype,47.653132,-122.306114,2025-03-11 11:44:50,4.306240,0.073392,72.336777,4.998779
prototype,47.653132,-122.306114,2025-03-11 11:44:58,4.306197,0.073152,72.336838,4.998779
prototype,47.653132,-122.306114,2025-03-11 11:45:06,4.306240,0.072599,72.717270,4.998779
prototype,47.653132,-122.306114,2025-03-11 11:45:14,4.308875,0.073232,72.622154,4.998779
prototype,47.653132,-122.306114,2025-03-11 11:45:30,4.308912,0.073789,72.146561,4.998779
prototype,47.653132,-122.306114,2025-03-11 11:45:38,4.312932,0.073475,72.622215,4.998779
prototype,47.653132,-122.306114,2025-03-11 11:45:46,4.312929,0.074107,72.717270,4.998779
prototype,47.653132,-122.306114,2025-03-11 11:45:54,4.311590,0.074428,72.717270,4.998779
prototype,47.653132,-122.306114,2025-03-11 11:46:02,4.308912,0.073790,72.146500,4.998779
prototype,47.653132,-122.306114,2025-03-11 11:46:10,4.304861,0.073232,72.717270,4.998779
prototype,47.653132,-122.306114,2025-03-11 11:46:18,4.307532,0.073392,72.717216,4.998779
prototype,47.653132,-122.306114,2025-03-11 11:46:26,4.306240,0.073076,72.717270,4.998779
prototype,47.653132,-122.306114,2025-03-11 11:46:34,4.308912,0.073077,72.241730,4.998779
prototype,47.653132,-122.306114,2025-03-11 11:46:42,4.308912,0.073948,72.622108,4.998779
prototype,47.653132,-122.306114,2025-03-11 11:46:50,4.308912,0.073869,72.622215,4.998779
prototype,47.653132,-122.306114,2025-03-11 11:47:06,4.311590,0.074348,72.717155,4.998779
prototype,47.653132,-122.306114,2025-03-11 11:47:14,4.311590,0.074347,72.622047,4.998779
prototype,47.653132,-122.306114,2025-03-11 11:47:22,4.314268,0.074600,72.241173,4.998779
prototype,47.653132,-122.306114,2025-03-11 11:47:38,4.311590,0.074828,72.527107,4.998779
prototype,47.653132,-122.306114,2025-03-11 11:47:46,4.311590,0.074748,72.622215,4.998779
prototype,47.653132,-122.306114,2025-03-11 11:47:54,4.310251,0.074668,72.812325,4.998779
prototype,47.653132,-122.306114,2025-03-11 11:48:02,4.310294,0.074668,73.002373,4.998779
prototype,47.653132,-122.306114,2025-03-11 11:48:10,4.310251,0.074188,72.526993,4.998779
prototype,47.653132,-122.306114,2025-03-11 11:48:18,4.307532,0.074587,72.336838,4.998779
prototype,47.653132,-122.306114,2025-03-11 11:48:26,4.311590,0.074427,72.717270,4.998779
prototype,47.653132,-122.306114,2025-03-11 11:48:42,4.308871,0.074347,72.717270,4.998779
prototype,47.653132,-122.306114,2025-03-11 11:48:50,4.308871,0.074428,72.812325,4.998779
prototype,47.653132,-122.306114,2025-03-11 11:48:58,4.308871,0.074508,72.717155,4.998779
prototype,47.653132,-122.306114,2025-03-11 11:49:14,4.310251,0.074186,72.622208,4.998779
prototype,47.653132,-122.306114,2025-03-11 11:49:22,4.311590,0.074267,72.717270,4.998779
prototype,47.653132,-122.306114,2025-03-11 11:49:30,4.311590,0.074349,72.717270,4.998779
prototype,47.653132,-122.306114,2025-03-11 11:49:38,4.308912,0.074108,72.336891,4.998779
prototype,47.653132,-122.306114,2025-03-11 11:49:54,4.310254,0.074107,72.526665,4.998779
prototype,47.653132,-122.306114,2025-03-11 11:50:18,4.308912,0.074027,72.717209,4.998779
prototype,47.653132,-122.306114,2025-03-11 11:50:26,4.310251,0.073710,73.002487,4.998779
prototype,47.653132,-122.306114,2025-03-11 11:50:42,4.306197,0.074106,72.622101,4.998779
prototype,47.653132,-122.306114,2025-03-11 11:50:50,4.307576,0.073630,72.526993,4.998779
prototype,47.653132,-122.306114,2025-03-11 11:50:58,4.308915,0.073869,72.146286,4.998779
prototype,47.653132,-122.306114,2025-03-11 11:51:06,4.308915,0.074268,72.717155,4.998779
prototype,47.653132,-122.306114,2025-03-11 11:51:14,4.304861,0.074595,73.097427,4.998779
prototype,47.653132,-122.306114,2025-03-11 11:51:22,4.310251,0.074266,72.905899,4.998779
prototype,47.653132,-122.306114,2025-03-11 11:51:30,4.311590,0.074667,72.812317,4.998779
prototype,47.653132,-122.306114,2025-03-11 11:51:46,4.310210,0.074988,72.717102,4.998779
prototype,47.653132,-122.306114,2025-03-11 11:52:02,4.311590,0.075148,72.907372,4.998779
prototype,47.653132,-122.306114,2025-03-11 11:52:10,4.315610,0.075318,72.907318,4.998779
prototype,47.653132,-122.306114,2025-03-11 11:52:18,4.312972,0.075150,72.812325,4.998779
prototype,47.653132,-122.306114,2025-03-11 11:52:26,4.314268,0.075797,72.812149,4.998779
prototype,47.653132,-122.306114,2025-03-11 11:52:34,4.314268,0.075633,72.717155,4.998779
prototype,47.653132,-122.306114,2025-03-11 11:52:42,4.312974,0.075231,72.717049,4.998779
prototype,47.653132,-122.306114,2025-03-11 11:52:50,4.314268,0.075069,72.431946,4.998779
prototype,47.653132,-122.306114,2025-03-11 11:52:58,4.314268,0.075551,72.431778,4.998779
prototype,47.653132,-122.306114,2025-03-11 11:53:06,4.310251,0.075803,72.717155,4.998779
prototype,47.653132,-122.306114,2025-03-11 11:53:14,4.308915,0.074588,72.717270,4.998779
prototype,47.653132,-122.306114,2025-03-11 11:53:22,4.311590,0.075310,72.527107,4.998779
prototype,47.653132,-122.306114,2025-03-11 11:53:30,4.312888,0.075791,72.621994,4.998779
prototype,47.653132,-122.306114,2025-03-11 11:53:46,4.311590,0.075469,72.812325,4.998779
prototype,47.653132,-122.306114,2025-03-11 11:53:54,4.310251,0.074749,72.336838,4.998779
prototype,47.653132,-122.306114,2025-03-11 11:54:02,4.311590,0.074827,72.336838,4.998779
prototype,47.653132,-122.306114,2025-03-11 11:54:10,4.306200,0.074748,72.526886,4.998779
prototype,47.653132,-122.306114,2025-03-11 11:54:18,4.312972,0.075071,72.241669,4.998779
prototype,47.653132,-122.306114,2025-03-11 11:54:34,4.304904,0.074268,72.907425,4.998779
prototype,47.653132,-122.306114,2025-03-11 11:54:42,4.306197,0.074350,73.097481,4.998779
prototype,47.653132,-122.306114,2025-03-11 11:54:50,4.307532,0.073708,72.812263,4.998779
prototype,47.653132,-122.306114,2025-03-11 11:54:58,4.307532,0.074266,72.622215,4.998779
prototype,47.653132,-122.306114,2025-03-11 11:55:54,4.306240,0.073633,72.622101,4.998779
prototype,47.653132,-122.306114,2025-03-11 11:56:02,4.310251,0.074027,72.812370,4.998779
prototype,47.653132,-122.306114,2025-03-11 11:56:10,4.312929,0.074427,72.241669,4.998779
prototype,47.653132,-122.306114,2025-03-11 11:56:18,4.311593,0.075072,72.812325,4.998779
prototype,47.653132,-122.306114,2025-03-11 11:56:26,4.311590,0.074348,72.812325,4.998779
prototype,47.653132,-122.306114,2025-03-11 11:56:43,4.308871,0.073628,72.527054,4.998779
prototype,47.653132,-122.306114,2025-03-11 11:56:51,4.310251,0.074427,72.336777,4.998779
prototype,47.653132,-122.306114,2025-03-11 11:56:59,4.310251,0.074186,72.527046,4.998779
prototype,47.653132,-122.306114,2025-03-11 11:57:07,4.308871,0.074106,72.526886,4.998779
prototype,47.653132,-122.306114,2025-03-11 11:57:15,4.308915,0.074988,72.812325,4.998779
prototype,47.653132,-122.306114,2025-03-11 11:57:23,4.314268,0.074987,72.717270,4.998779
prototype,47.653132,-122.306114,2025-03-11 11:57:39,4.312929,0.074828,72.527054,4.998779
prototype,47.653132,-122.306114,2025-03-11 11:57:47,4.308912,0.074507,72.527107,4.998779
prototype,47.653132,-122.306114,2025-03-11 11:57:55,4.307536,0.073873,72.717323,4.998779
prototype,47.653132,-122.306114,2025-03-11 11:58:19,4.308871,0.073550,72.622162,4.998779
prototype,47.653132,-122.306114,2025-03-11 11:58:35,4.306197,0.074112,73.287476,4.998779
prototype,47.653132,-122.306114,2025-03-11 11:58:43,4.310210,0.074186,72.812210,4.998779
prototype,47.653132,-122.306114,2025-03-11 11:58:59,4.311590,0.074427,72.526993,4.998779
prototype,47.653132,-122.306114,2025-03-11 11:59:07,4.312929,0.074987,72.716934,4.998779
prototype,47.653132,-122.306114,2025-03-11 11:59:15,4.314311,0.075069,72.717270,4.998779
prototype,47.653132,-122.306114,2025-03-11 11:59:23,4.311590,0.075229,72.907379,4.998779
prototype,47.653132,-122.306114,2025-03-11 11:59:31,4.312929,0.074588,72.907318,4.998779
prototype,47.653132,-122.306114,2025-03-11 11:59:39,4.312929,0.074748,72.717270,4.998779
prototype,47.653132,-122.306114,2025-03-11 11:59:47,4.312929,0.074268,72.527054,4.998779
prototype,47.653132,-122.306114,2025-03-11 11:59:55,4.308871,0.073640,72.717270,4.998779
prototype,47.653132,-122.306114,2025-03-11 12:00:03,4.308871,0.073710,72.717270,4.998779
prototype,47.653132,-122.306114,2025-03-11 12:00:11,4.307576,0.073713,72.717155,4.998779
prototype,47.653132,-122.306114,2025-03-11 12:00:35,4.306200,0.073630,72.717155,4.998779
prototype,47.653132,-122.306114,2025-03-11 12:00:43,4.308871,0.074026,72.336723,4.998779
prototype,47.653132,-122.306114,2025-03-11 12:01:07,4.304861,0.073153,72.907150,4.998779
prototype,47.653132,-122.306114,2025-03-11 12:01:23,4.308871,0.073629,72.431938,4.998779
prototype,47.653132,-122.306114,2025-03-11 12:01:31,4.307536,0.073867,72.907318,4.998779
prototype,47.653132,-122.306114,2025-03-11 12:01:47,4.307576,0.073232,72.241730,4.998779
prototype,47.653132,-122.306114,2025-03-11 12:01:55,4.307576,0.072756,73.097366,4.998779
prototype,47.653132,-122.306114,2025-03-11 12:02:03,4.308871,0.073074,72.431938,4.998779
prototype,47.653132,-122.306114,2025-03-11 12:02:19,4.306197,0.073312,72.717216,4.998779
prototype,47.653132,-122.306114,2025-03-11 12:02:27,4.311633,0.073551,72.907425,4.998779
prototype,47.653132,-122.306114,2025-03-11 12:02:43,4.310251,0.073632,72.622101,4.998779
prototype,47.653132,-122.306114,2025-03-11 12:02:52,4.310251,0.074271,72.622055,4.998779
prototype,47.653132,-122.306114,2025-03-11 12:03:08,4.311590,0.074109,72.717323,4.998779
prototype,47.653132,-122.306114,2025-03-11 12:03:16,4.314311,0.074186,72.622215,4.998779
prototype,47.653132,-122.306114,2025-03-11 12:03:24,4.307536,0.073550,72.336723,4.998779
prototype,47.653132,-122.306114,2025-03-11 12:03:32,4.306240,0.073631,72.812325,4.998779
prototype,47.653132,-122.306114,2025-03-11 12:03:40,4.310251,0.073709,72.526825,4.998779
prototype,47.653132,-122.306114,2025-03-11 12:03:48,4.308915,0.073075,72.622162,4.998779
prototype,47.653132,-122.306114,2025-03-11 12:03:56,4.308875,0.072994,72.622101,4.998779
prototype,47.653132,-122.306114,2025-03-11 12:04:04,4.308871,0.072915,72.717155,4.998779
prototype,47.653132,-122.306114,2025-03-11 12:04:20,4.307532,0.073549,72.621658,4.998779
prototype,47.653132,-122.306114,2025-03-11 12:04:28,4.310210,0.073788,72.622162,4.998779
prototype,47.653132,-122.306114,2025-03-11 12:04:44,4.308915,0.072836,72.717049,4.998779
prototype,47.653132,-122.306114,2025-03-11 12:04:52,4.307532,0.073630,72.717270,4.998779
prototype,47.653132,-122.306114,2025-03-11 12:05:00,4.307536,0.073396,72.812370,4.998779
prototype,47.653132,-122.306114,2025-03-11 12:05:08,4.307536,0.072996,72.622055,4.998779
prototype,47.653132,-122.306114,2025-03-11 12:05:16,4.304821,0.072442,72.622162,4.998779
prototype,47.653132,-122.306114,2025-03-11 12:05:24,4.307536,0.072837,73.097481,4.998779
prototype,47.653132,-122.306114,2025-03-11 12:05:32,4.310251,0.073154,73.097366,4.998779
prototype,47.653132,-122.306114,2025-03-11 12:05:48,4.308871,0.073391,72.527107,4.998779
prototype,47.653132,-122.306114,2025-03-11 12:05:56,4.312929,0.074028,72.717049,4.998779
prototype,47.653132,-122.306114,2025-03-11 12:06:04,4.316991,0.073637,72.812325,4.998779
prototype,47.653132,-122.306114,2025-03-11 12:06:12,4.314268,0.074028,72.527107,4.998779
prototype,47.653132,-122.306114,2025-03-11 12:06:36,4.311549,0.073551,72.622208,4.998779
prototype,47.653132,-122.306114,2025-03-11 12:06:44,4.308871,0.073074,72.812378,4.998779
prototype,47.653132,-122.306114,2025-03-11 12:06:52,4.308912,0.073155,72.526886,4.998779
prototype,47.653132,-122.306114,2025-03-11 12:07:00,4.304861,0.072757,72.622208,4.998779
prototype,47.653132,-122.306114,2025-03-11 12:07:08,4.304861,0.072442,72.812325,4.998779
prototype,47.653132,-122.306114,2025-03-11 12:07:16,4.307532,0.073156,72.717270,4.998779
prototype,47.653132,-122.306114,2025-03-11 12:07:24,4.304861,0.072206,72.622162,4.998779
prototype,47.653132,-122.306114,2025-03-11 12:07:32,4.303525,0.071577,73.476486,4.998779
prototype,47.653132,-122.306114,2025-03-11 12:07:40,4.304861,0.071970,72.526825,4.998779
prototype,47.653132,-122.306114,2025-03-11 12:07:48,4.303525,0.071737,72.717155,4.998779
prototype,47.653132,-122.306114,2025-03-11 12:07:56,4.304861,0.071499,72.527107,4.998779
prototype,47.653132,-122.306114,2025-03-11 12:08:04,4.307579,0.071734,72.717270,4.998779
prototype,47.653132,-122.306114,2025-03-11 12:08:12,4.310251,0.072127,72.812210,4.998779
prototype,47.653132,-122.306114,2025-03-11 12:08:20,4.308871,0.072756,72.431892,4.998779
prototype,47.653132,-122.306114,2025-03-11 12:08:36,4.314268,0.073947,73.192482,4.998779
prototype,47.653132,-122.306114,2025-03-11 12:08:44,4.314268,0.073868,72.717270,4.998779
prototype,47.653132,-122.306114,2025-03-11 12:08:52,4.307579,0.073313,72.717155,4.998779
prototype,47.653132,-122.306114,2025-03-11 12:09:00,4.311633,0.073154,72.526993,4.998779
prototype,47.653132,-122.306114,2025-03-11 12:09:08,4.311549,0.073793,72.146561,4.998779
prototype,47.653132,-122.306114,2025-03-11 12:09:16,4.308875,0.072916,72.241669,4.998779
prototype,47.653132,-122.306114,2025-03-11 12:09:32,4.308915,0.072677,73.002319,4.998779
prototype,47.653132,-122.306114,2025-03-11 12:09:48,4.310251,0.072836,72.241669,4.998779
prototype,47.653132,-122.306114,2025-03-11 12:10:04,4.307532,0.072995,73.002373,4.998779
prototype,47.653132,-122.306114,2025-03-11 12:10:12,4.308915,0.072840,72.812325,4.998779
prototype,47.653132,-122.306114,2025-03-11 12:10:44,4.310251,0.072916,72.907425,4.998779
prototype,47.653132,-122.306114,2025-03-11 12:10:52,4.306240,0.072598,72.431602,4.998779
prototype,47.653132,-122.306114,2025-03-11 12:11:00,4.308912,0.073232,72.907326,4.998779
prototype,47.653132,-122.306114,2025-03-11 12:11:08,4.307532,0.073313,72.812378,4.998779
prototype,47.653132,-122.306114,2025-03-11 12:11:16,4.311590,0.073551,72.336555,4.998779
prototype,47.653132,-122.306114,2025-03-11 12:11:24,4.311590,0.073154,72.336838,4.998779
prototype,47.653132,-122.306114,2025-03-11 12:11:32,4.310251,0.073869,72.717270,4.998779
prototype,47.653132,-122.306114,2025-03-11 12:11:40,4.308912,0.073234,72.526993,4.998779
prototype,47.653132,-122.306114,2025-03-11 12:12:04,4.306197,0.072677,72.622055,4.998779
prototype,47.653132,-122.306114,2025-03-11 12:12:12,4.306240,0.072598,72.907425,4.998779
prototype,47.653132,-122.306114,2025-03-11 12:12:20,4.308871,0.072836,72.527107,4.998779
prototype,47.653132,-122.306114,2025-03-11 12:12:44,4.307536,0.072995,72.812370,4.998779
prototype,47.653132,-122.306114,2025-03-11 12:13:00,4.310251,0.073154,72.812210,4.998779
prototype,47.653132,-122.306114,2025-03-11 12:13:08,4.307536,0.072364,72.526993,4.998779
prototype,47.653132,-122.306114,2025-03-11 12:13:16,4.308871,0.072519,72.336502,4.998779
prototype,47.653132,-122.306114,2025-03-11 12:13:24,4.310251,0.072914,72.907211,4.998779
prototype,47.653132,-122.306114,2025-03-11 12:13:32,4.310251,0.072441,73.287529,4.998779
prototype,47.653132,-122.306114,2025-03-11 12:13:40,4.306197,0.071267,73.191330,4.998779
prototype,47.653132,-122.306114,2025-03-11 12:13:48,4.304861,0.071657,72.336899,4.998779
prototype,47.653132,-122.306114,2025-03-11 12:13:56,4.307496,0.072209,73.002373,4.998779
prototype,47.653132,-122.306114,2025-03-11 12:14:12,4.303525,0.071500,72.526993,4.998779
prototype,47.653132,-122.306114,2025-03-11 12:14:28,4.303525,0.071343,73.002266,4.998779
prototype,47.653132,-122.306114,2025-03-11 12:14:36,4.303488,0.071032,72.527054,4.998779
prototype,47.653132,-122.306114,2025-03-11 12:14:44,4.310251,0.072364,72.717155,4.998779
prototype,47.653132,-122.306114,2025-03-11 12:14:52,4.308912,0.071893,72.622215,4.998779
prototype,47.653132,-122.306114,2025-03-11 12:15:00,4.303525,0.071657,72.621994,4.998779
prototype,47.653132,-122.306114,2025-03-11 12:15:16,4.308915,0.072521,72.622162,4.998779
prototype,47.653132,-122.306114,2025-03-11 12:15:24,4.312929,0.073153,72.526886,4.998779
prototype,47.653132,-122.306114,2025-03-11 12:15:32,4.311635,0.073789,72.431938,4.998779
prototype,47.653132,-122.306114,2025-03-11 12:15:40,4.311590,0.073315,72.717270,4.998779
prototype,47.653132,-122.306114,2025-03-11 12:15:48,4.310251,0.072600,73.002151,4.998779
prototype,47.653132,-122.306114,2025-03-11 12:15:56,4.306240,0.071817,72.527107,4.998779
prototype,47.653132,-122.306114,2025-03-11 12:16:04,4.304861,0.071971,72.907318,4.998779
prototype,47.653132,-122.306114,2025-03-11 12:16:12,4.303525,0.071742,72.527107,4.998779
prototype,47.653132,-122.306114,2025-03-11 12:16:28,4.307532,0.072207,72.907379,4.998779
prototype,47.653132,-122.306114,2025-03-11 12:16:36,4.304861,0.072286,73.002487,4.998779
prototype,47.653132,-122.306114,2025-03-11 12:16:44,4.307576,0.072205,72.431892,4.998779
prototype,47.653132,-122.306114,2025-03-11 12:16:52,4.306197,0.072361,73.097427,4.998779
prototype,47.653132,-122.306114,2025-03-11 12:17:00,4.306197,0.072606,72.812149,4.998779
prototype,47.653132,-122.306114,2025-03-11 12:17:08,4.308871,0.071971,72.717270,4.998779
prototype,47.653132,-122.306114,2025-03-11 12:17:16,4.304904,0.071580,72.431999,4.998779
prototype,47.653132,-122.306114,2025-03-11 12:17:24,4.307532,0.071891,72.336838,4.998779
prototype,47.653132,-122.306114,2025-03-11 12:17:56,4.304821,0.071421,72.812271,4.998779
prototype,47.653132,-122.306114,2025-03-11 12:18:12,4.303525,0.071816,72.717270,4.998779
prototype,47.653132,-122.306114,2025-03-11 12:18:28,4.304904,0.071343,72.336838,4.998779
prototype,47.653132,-122.306114,2025-03-11 12:18:44,4.303525,0.071499,72.717155,4.998779
prototype,47.653132,-122.306114,2025-03-11 12:18:52,4.300813,0.070873,73.192482,4.998779
prototype,47.653132,-122.306114,2025-03-11 12:19:00,4.307579,0.071342,72.812325,4.998779
prototype,47.653132,-122.306114,2025-03-11 12:19:16,4.307536,0.071734,72.812263,4.998779
prototype,47.653132,-122.306114,2025-03-11 12:19:24,4.308875,0.071578,72.717216,4.998779
prototype,47.653132,-122.306114,2025-03-11 12:19:32,4.306197,0.071657,72.431938,4.998779
prototype,47.653132,-122.306114,2025-03-11 12:19:40,4.304861,0.071499,72.812210,4.998779
prototype,47.653132,-122.306114,2025-03-11 12:19:48,4.303528,0.071185,73.002098,4.998779
prototype,47.653132,-122.306114,2025-03-11 12:20:04,4.306197,0.071421,73.097481,4.998779
prototype,47.653132,-122.306114,2025-03-11 12:20:12,4.307532,0.072047,72.812210,4.998779
prototype,47.653132,-122.306114,2025-03-11 12:20:20,4.304861,0.071343,72.622215,4.998779
prototype,47.653132,-122.306114,2025-03-11 12:20:28,4.310251,0.071499,73.097260,4.998779
prototype,47.653132,-122.306114,2025-03-11 12:20:36,4.308915,0.072368,72.717216,4.998779
prototype,47.653132,-122.306114,2025-03-11 12:20:44,4.307532,0.071977,72.717155,4.998779
prototype,47.653132,-122.306114,2025-03-11 12:20:52,4.307579,0.071498,72.717323,4.998779
prototype,47.653132,-122.306114,2025-03-11 12:21:00,4.306240,0.071971,72.717270,4.998779
prototype,47.653132,-122.306114,2025-03-11 12:21:08,4.303525,0.072048,73.002266,4.998779
prototype,47.653132,-122.306114,2025-03-11 12:21:16,4.307576,0.072207,72.526993,4.998779
prototype,47.653132,-122.306114,2025-03-11 12:21:32,4.308912,0.073153,73.002312,4.998779
prototype,47.653132,-122.306114,2025-03-11 12:21:40,4.310210,0.072995,72.907318,4.998779
prototype,47.653132,-122.306114,2025-03-11 12:21:48,4.308871,0.072757,73.192429,4.998779
prototype,47.653132,-122.306114,2025-03-11 12:21:56,4.308912,0.072836,73.002426,4.998779
prototype,47.653132,-122.306114,2025-03-11 12:22:04,4.307576,0.072520,72.431938,4.998779
prototype,47.653132,-122.306114,2025-03-11 12:22:12,4.304861,0.071890,72.526886,4.998779
prototype,47.653132,-122.306114,2025-03-11 12:22:20,4.303525,0.071422,72.336899,4.998779
prototype,47.653132,-122.306114,2025-03-11 12:22:28,4.302189,0.071343,72.907318,4.998779
prototype,47.653132,-122.306114,2025-03-11 12:22:44,4.304904,0.071108,73.002487,4.998779
prototype,47.653132,-122.306114,2025-03-11 12:22:52,4.304861,0.071891,72.717209,4.998779
prototype,47.653132,-122.306114,2025-03-11 12:23:08,4.304861,0.071186,72.812210,4.998779
prototype,47.653132,-122.306114,2025-03-11 12:23:16,4.304904,0.071265,72.907318,4.998779
prototype,47.653132,-122.306114,2025-03-11 12:23:32,4.303525,0.071264,72.526825,4.998779
prototype,47.653132,-122.306114,2025-03-11 12:23:48,4.304861,0.071263,73.002426,4.998779
prototype,47.653132,-122.306114,2025-03-11 12:23:56,4.303525,0.071499,72.431938,4.998779
prototype,47.653132,-122.306114,2025-03-11 12:24:12,4.303525,0.070796,73.002373,4.998779
prototype,47.653132,-122.306114,2025-03-11 12:24:28,4.300856,0.071031,72.812325,4.998779
prototype,47.653132,-122.306114,2025-03-11 12:24:52,4.307532,0.071576,72.431831,4.998779
prototype,47.653132,-122.306114,2025-03-11 12:25:00,4.304861,0.070953,72.717216,4.998779
prototype,47.653132,-122.306114,2025-03-11 12:25:16,4.303525,0.071342,72.907150,4.998779
prototype,47.653132,-122.306114,2025-03-11 12:25:24,4.302189,0.071499,73.097427,4.998779
prototype,47.653132,-122.306114,2025-03-11 12:25:32,4.302189,0.071420,73.097481,4.998779
prototype,47.653132,-122.306114,2025-03-11 12:25:48,4.303525,0.071660,72.812325,4.998779
prototype,47.653132,-122.306114,2025-03-11 12:25:56,4.304864,0.071343,73.097427,4.998779
prototype,47.653132,-122.306114,2025-03-11 12:26:12,4.307579,0.071734,73.287315,4.998779
prototype,47.653132,-122.306114,2025-03-11 12:26:44,4.304861,0.071265,72.907379,4.998779
prototype,47.653132,-122.306114,2025-03-11 12:26:52,4.303525,0.071263,72.622208,4.998779
prototype,47.653132,-122.306114,2025-03-11 12:27:16,4.303485,0.070871,72.907318,4.998779
prototype,47.653132,-122.306114,2025-03-11 12:27:24,4.303525,0.070718,72.907425,4.998779
prototype,47.653132,-122.306114,2025-03-11 12:27:48,4.306197,0.071735,73.002426,4.998779
prototype,47.653132,-122.306114,2025-03-11 12:27:56,4.304861,0.071029,73.002373,4.998779
dummy,69.420,13.37,2025-03-11 12:28:14
prototype,47.653132,-122.306114,2025-03-11 12:28:20,4.302189,0.071184,72.431717,4.998779
prototype,47.653132,-122.306114,2025-03-11 12:28:28,4.302189,0.071033,72.717155,4.998779
prototype,47.653132,-122.306114,2025-03-11 12:28:36,4.303525,0.071106,71.956070,4.998779
prototype,47.653132,-122.306114,2025-03-11 12:28:44,4.303525,0.070954,72.812325,4.998779
prototype,47.653132,-122.306114,2025-03-11 12:28:52,4.303485,0.070949,72.622101,4.998779
prototype,47.653132,-122.306114,2025-03-11 12:29:08,4.304861,0.071500,72.717270,4.998779
prototype,47.653132,-122.306114,2025-03-11 12:29:16,4.302149,0.070951,72.527046,4.998779
prototype,47.653132,-122.306114,2025-03-11 12:29:24,4.304861,0.070564,72.717270,4.998779
prototype,47.653132,-122.306114,2025-03-11 12:29:32,4.302189,0.070950,72.907318,4.998779
prototype,47.653132,-122.306114,2025-03-11 12:29:48,4.300813,0.070640,72.527046,4.998779
prototype,47.653132,-122.306114,2025-03-11 12:29:56,4.303525,0.070640,72.717323,4.998779
prototype,47.653132,-122.306114,2025-03-11 12:30:05,4.304861,0.071343,72.526993,4.998779
prototype,47.653132,-122.306114,2025-03-11 12:30:13,4.306240,0.070874,72.622162,4.998779
prototype,47.653132,-122.306114,2025-03-11 12:30:29,4.307576,0.071576,72.812325,4.998779
prototype,47.653132,-122.306114,2025-03-11 12:30:37,4.306286,0.071657,72.336723,4.998779
prototype,47.653132,-122.306114,2025-03-11 12:30:45,4.307536,0.072284,73.097488,4.998779
prototype,47.653132,-122.306114,2025-03-11 12:30:53,4.310251,0.071813,72.336838,4.998779
prototype,47.653132,-122.306114,2025-03-11 12:31:01,4.304904,0.072285,73.002312,4.998779
prototype,47.653132,-122.306114,2025-03-11 12:31:09,4.304861,0.071812,73.192482,4.998779
prototype,47.653132,-122.306114,2025-03-11 12:31:17,4.310251,0.072364,72.622208,4.998779
prototype,47.653132,-122.306114,2025-03-11 12:31:25,4.307532,0.072364,73.097481,4.998779
prototype,47.653132,-122.306114,2025-03-11 12:31:33,4.304861,0.072282,72.622208,4.998779
prototype,47.653132,-122.306114,2025-03-11 12:31:41,4.310251,0.072365,73.002426,4.998779
prototype,47.653132,-122.306114,2025-03-11 12:31:49,4.308871,0.073232,73.097534,4.998779
prototype,47.653132,-122.306114,2025-03-11 12:31:57,4.307532,0.073311,72.907318,4.998779
prototype,47.653132,-122.306114,2025-03-11 12:32:05,4.310251,0.073390,72.812263,4.998779
prototype,47.653132,-122.306114,2025-03-11 12:32:13,4.308912,0.073393,72.907211,4.998779
prototype,47.653132,-122.306114,2025-03-11 12:32:21,4.307532,0.073153,73.002266,4.998779
prototype,47.653132,-122.306114,2025-03-11 12:32:29,4.308871,0.072677,72.336723,4.998779
prototype,47.653132,-122.306114,2025-03-11 12:32:37,4.311590,0.073074,73.192261,4.998779
prototype,47.653132,-122.306114,2025-03-11 12:32:45,4.306197,0.072757,72.622208,4.998779
prototype,47.653132,-122.306114,2025-03-11 12:32:53,4.303525,0.072371,72.907318,4.998779
prototype,47.653132,-122.306114,2025-03-11 12:33:01,4.304904,0.071658,72.907372,4.998779
prototype,47.653132,-122.306114,2025-03-11 12:33:09,4.307576,0.071734,72.622055,4.998779
prototype,47.653132,-122.306114,2025-03-11 12:33:17,4.303525,0.072206,72.812210,4.998779
prototype,47.653132,-122.306114,2025-03-11 12:33:25,4.307532,0.072204,72.812370,4.998779
prototype,47.653132,-122.306114,2025-03-11 12:33:41,4.307536,0.072837,73.097481,4.998779
prototype,47.653132,-122.306114,2025-03-11 12:33:49,4.306240,0.071969,73.287529,4.998779
prototype,47.653132,-122.306114,2025-03-11 12:33:57,4.304904,0.071892,73.002487,4.998779
prototype,47.653132,-122.306114,2025-03-11 12:34:05,4.304861,0.071815,72.431999,4.998779
prototype,47.653132,-122.306114,2025-03-11 12:34:13,4.304861,0.071734,72.812325,4.998779
prototype,47.653132,-122.306114,2025-03-11 12:34:21,4.304861,0.071734,72.717270,4.998779
prototype,47.653132,-122.306114,2025-03-11 12:34:29,4.303485,0.071576,72.812370,4.998779
prototype,47.653132,-122.306114,2025-03-11 12:34:37,4.304861,0.071890,72.811996,4.998779
prototype,47.653132,-122.306114,2025-03-11 12:34:45,4.304861,0.072049,72.907272,4.998779
prototype,47.653132,-122.306114,2025-03-11 12:34:53,4.307576,0.071577,72.527107,4.998779
prototype,47.653132,-122.306114,2025-03-11 12:35:01,4.307536,0.072283,72.431831,4.998779
prototype,47.653132,-122.306114,2025-03-11 12:35:09,4.308915,0.072286,72.717323,4.998779
prototype,47.653132,-122.306114,2025-03-11 12:35:25,4.307576,0.072205,72.907425,4.998779
prototype,47.653132,-122.306114,2025-03-11 12:35:33,4.304861,0.072362,72.431892,4.998779
prototype,47.653132,-122.306114,2025-03-11 12:35:41,4.303525,0.072519,72.812210,4.998779
prototype,47.653132,-122.306114,2025-03-11 12:35:49,4.307536,0.072835,73.002487,4.998779
prototype,47.653132,-122.306114,2025-03-11 12:35:57,4.308871,0.072994,72.812103,4.998779
prototype,47.653132,-122.306114,2025-03-11 12:36:05,4.307536,0.072914,73.002426,4.998779
prototype,47.653132,-122.306114,2025-03-11 12:36:13,4.310251,0.073391,72.622162,4.998779
prototype,47.653132,-122.306114,2025-03-11 12:36:21,4.307536,0.072917,72.907425,4.998779
prototype,47.653132,-122.306114,2025-03-11 12:36:29,4.307576,0.073153,72.907211,4.998779
prototype,47.653132,-122.306114,2025-03-11 12:36:45,4.308915,0.072997,72.717270,4.998779
prototype,47.653132,-122.306114,2025-03-11 12:37:17,4.308915,0.073472,72.527107,4.998779
prototype,47.653132,-122.306114,2025-03-11 12:37:25,4.306197,0.073470,72.621994,4.998779
prototype,47.653132,-122.306114,2025-03-11 12:37:33,4.308915,0.072683,72.907318,4.998779
prototype,47.653132,-122.306114,2025-03-11 12:37:41,4.304861,0.072679,73.002426,4.998779
prototype,47.653132,-122.306114,2025-03-11 12:37:49,4.306197,0.072758,72.336777,4.998779
prototype,47.653132,-122.306114,2025-03-11 12:37:57,4.307532,0.073549,72.812210,4.998779
prototype,47.653132,-122.306114,2025-03-11 12:38:05,4.311549,0.073947,73.002487,4.998779
prototype,47.653132,-122.306114,2025-03-11 12:38:13,4.312972,0.074347,72.907265,4.998779
prototype,47.653132,-122.306114,2025-03-11 12:38:21,4.311590,0.074027,73.097427,4.998779
prototype,47.653132,-122.306114,2025-03-11 12:38:29,4.311633,0.074426,72.907211,4.998779
prototype,47.653132,-122.306114,2025-03-11 12:38:37,4.312929,0.074588,73.002266,4.998779
prototype,47.653132,-122.306114,2025-03-11 12:38:45,4.314311,0.075632,72.907318,4.998779
prototype,47.653132,-122.306114,2025-03-11 12:38:53,4.317034,0.075068,73.192535,4.998779
prototype,47.653132,-122.306114,2025-03-11 12:39:01,4.312888,0.075710,72.431946,4.998779
prototype,47.653132,-122.306114,2025-03-11 12:39:09,4.314313,0.075151,72.717270,4.998779
prototype,47.653132,-122.306114,2025-03-11 12:39:17,4.311590,0.074989,73.002487,4.998779
prototype,47.653132,-122.306114,2025-03-11 12:39:25,4.310210,0.075147,73.002312,4.998779
prototype,47.653132,-122.306114,2025-03-11 12:39:33,4.311590,0.074907,72.907379,4.998779
prototype,47.653132,-122.306114,2025-03-11 12:39:41,4.310251,0.074667,73.097481,4.998779
prototype,47.653132,-122.306114,2025-03-11 12:39:49,4.310251,0.074588,72.812370,4.998779
prototype,47.653132,-122.306114,2025-03-11 12:39:57,4.311590,0.074428,73.002426,4.998779
prototype,47.653132,-122.306114,2025-03-11 12:40:05,4.307536,0.074506,72.907097,4.998779
prototype,47.653132,-122.306114,2025-03-11 12:40:13,4.307576,0.074427,72.622101,4.998779
prototype,47.653132,-122.306114,2025-03-11 12:40:21,4.308912,0.074427,72.717049,4.998779
prototype,47.653132,-122.306114,2025-03-11 12:40:29,4.310210,0.074587,72.907425,4.998779
prototype,47.653132,-122.306114,2025-03-11 12:40:37,4.312929,0.075069,72.906998,4.998779
prototype,47.653132,-122.306114,2025-03-11 12:40:45,4.314268,0.075067,73.002205,4.998779
prototype,47.653132,-122.306114,2025-03-11 12:40:53,4.315650,0.075151,72.907425,4.998779
prototype,47.653132,-122.306114,2025-03-11 12:41:01,4.311590,0.075230,72.622162,4.998779
prototype,47.653132,-122.306114,2025-03-11 12:41:09,4.311590,0.075390,72.527107,4.998779
prototype,47.653132,-122.306114,2025-03-11 12:41:17,4.310251,0.074911,72.431938,4.998779
prototype,47.653132,-122.306114,2025-03-11 12:41:25,4.307576,0.074188,72.907318,4.998779
prototype,47.653132,-122.306114,2025-03-11 12:41:33,4.307576,0.074348,72.717270,4.998779
prototype,47.653132,-122.306114,2025-03-11 12:41:41,4.308871,0.075070,72.622101,4.998779
prototype,47.653132,-122.306114,2025-03-11 12:41:49,4.307532,0.074427,73.287422,4.998779
prototype,47.653132,-122.306114,2025-03-11 12:41:57,4.310254,0.075323,72.717094,4.998779
prototype,47.653132,-122.306114,2025-03-11 12:42:05,4.311590,0.075149,72.621834,4.998779
prototype,47.653132,-122.306114,2025-03-11 12:42:21,4.307532,0.074027,73.097481,4.998779
prototype,47.653132,-122.306114,2025-03-11 12:42:45,4.311590,0.074593,72.717323,4.998779
prototype,47.653132,-122.306114,2025-03-11 12:42:53,4.311590,0.074427,72.812325,4.998779
prototype,47.653132,-122.306114,2025-03-11 12:43:01,4.308912,0.074828,72.907425,4.998779
prototype,47.653132,-122.306114,2025-03-11 12:43:09,4.314268,0.074988,72.526993,4.998779
prototype,47.653132,-122.306114,2025-03-11 12:43:17,4.312929,0.075149,72.812210,4.998779
prototype,47.653132,-122.306114,2025-03-11 12:43:25,4.310254,0.074832,73.192154,4.998779
prototype,47.653132,-122.306114,2025-03-11 12:43:33,4.310251,0.074506,72.812210,4.998779
prototype,47.653132,-122.306114,2025-03-11 12:43:50,4.312929,0.074988,72.526825,4.998779
prototype,47.653132,-122.306114,2025-03-11 12:44:06,4.303525,0.074432,72.907318,4.998779
prototype,47.653132,-122.306114,2025-03-11 12:44:14,4.311549,0.074667,73.097481,4.998779
prototype,47.653132,-122.306114,2025-03-11 12:44:22,4.312972,0.074508,72.812317,4.998779
prototype,47.653132,-122.306114,2025-03-11 12:44:30,4.311590,0.074266,73.097481,4.998779
prototype,47.653132,-122.306114,2025-03-11 12:44:38,4.311590,0.074907,72.336777,4.998779
prototype,47.653132,-122.306114,2025-03-11 12:44:46,4.311590,0.074508,72.717270,4.998779
prototype,47.653132,-122.306114,2025-03-11 12:44:54,4.311635,0.074667,73.002319,4.998779
prototype,47.653132,-122.306114,2025-03-11 12:45:02,4.308915,0.074748,72.717216,4.998779
prototype,47.653132,-122.306114,2025-03-11 12:45:10,4.304861,0.074267,73.002426,4.998779
prototype,47.653132,-122.306114,2025-03-11 12:45:18,4.308871,0.074347,72.812325,4.998779
prototype,47.653132,-122.306114,2025-03-11 12:45:26,4.308875,0.074187,73.002426,4.998779
prototype,47.653132,-122.306114,2025-03-11 12:45:34,4.311633,0.074428,72.907379,4.998779
prototype,47.653132,-122.306114,2025-03-11 12:45:42,4.307536,0.074267,73.192429,4.998779
prototype,47.653132,-122.306114,2025-03-11 12:45:50,4.306197,0.074106,72.336838,4.998779
prototype,47.653132,-122.306114,2025-03-11 12:45:58,4.310210,0.074266,72.717270,4.998779
prototype,47.653132,-122.306114,2025-03-11 12:46:06,4.310251,0.074591,72.527107,4.998779
prototype,47.653132,-122.306114,2025-03-11 12:46:14,4.310251,0.074426,72.812271,4.998779
prototype,47.653132,-122.306114,2025-03-11 12:46:22,4.312929,0.074752,72.812325,4.998779
prototype,47.653132,-122.306114,2025-03-11 12:46:30,4.310251,0.074670,72.812325,4.998779
prototype,47.653132,-122.306114,2025-03-11 12:46:38,4.311590,0.073556,73.002426,4.998779
prototype,47.653132,-122.306114,2025-03-11 12:46:46,4.311549,0.074506,73.097481,4.998779
prototype,47.653132,-122.306114,2025-03-11 12:46:54,4.308915,0.074427,72.622055,4.998779
prototype,47.653132,-122.306114,2025-03-11 12:47:02,4.311590,0.074347,73.665894,4.998779
prototype,47.653132,-122.306114,2025-03-11 12:47:10,4.307576,0.074509,72.907379,4.998779
prototype,47.653132,-122.306114,2025-03-11 12:47:18,4.303525,0.074190,72.907318,4.998779
prototype,47.653132,-122.306114,2025-03-11 12:47:26,4.304861,0.073630,73.097488,4.998779
prototype,47.653132,-122.306114,2025-03-11 12:47:34,4.306197,0.073158,72.527054,4.998779
prototype,47.653132,-122.306114,2025-03-11 12:47:42,4.306197,0.073233,73.002312,4.998779
prototype,47.653132,-122.306114,2025-03-11 12:47:50,4.306200,0.073470,72.812325,4.998779
prototype,47.653132,-122.306114,2025-03-11 12:47:58,4.310251,0.073870,73.002426,4.998779
prototype,47.653132,-122.306114,2025-03-11 12:48:14,4.310297,0.073951,73.192528,4.998779
prototype,47.653132,-122.306114,2025-03-11 12:48:22,4.308871,0.074186,73.002426,4.998779
prototype,47.653132,-122.306114,2025-03-11 12:48:30,4.308915,0.073868,72.812149,4.998779
prototype,47.653132,-122.306114,2025-03-11 12:48:38,4.304904,0.073551,73.097542,4.998779
prototype,47.653132,-122.306114,2025-03-11 12:48:46,4.307532,0.074186,72.717270,4.998779
prototype,47.653132,-122.306114,2025-03-11 12:48:54,4.307536,0.074108,72.907265,4.998779
prototype,47.653132,-122.306114,2025-03-11 12:49:02,4.307532,0.073789,72.717094,4.998779
prototype,47.653132,-122.306114,2025-03-11 12:49:18,4.308915,0.073869,73.002487,4.998779
prototype,47.653132,-122.306114,2025-03-11 12:49:26,4.307532,0.074186,72.812370,4.998779
prototype,47.653132,-122.306114,2025-03-11 12:49:34,4.307576,0.073948,73.002426,4.998779
prototype,47.653132,-122.306114,2025-03-11 12:49:42,4.304861,0.073628,73.192528,4.998779
prototype,47.653132,-122.306114,2025-03-11 12:49:50,4.307576,0.073471,72.717216,4.998779
prototype,47.653132,-122.306114,2025-03-11 12:49:58,4.307532,0.073789,73.287529,4.998779
prototype,47.653132,-122.306114,2025-03-11 12:50:06,4.306200,0.073311,72.812325,4.998779
prototype,47.653132,-122.306114,2025-03-11 12:50:14,4.303525,0.072758,72.812378,4.998779
prototype,47.653132,-122.306114,2025-03-11 12:50:22,4.306197,0.073152,72.812370,4.998779
prototype,47.653132,-122.306114,2025-03-11 12:50:30,4.307532,0.073233,72.812325,4.998779
prototype,47.653132,-122.306114,2025-03-11 12:50:38,4.303525,0.073074,73.097481,4.998779
prototype,47.653132,-122.306114,2025-03-11 12:50:46,4.311590,0.074027,73.382530,4.998779
prototype,47.653132,-122.306114,2025-03-11 12:50:54,4.307576,0.073237,72.907425,4.998779
prototype,47.653132,-122.306114,2025-03-11 12:51:02,4.304861,0.073392,72.622162,4.998779
prototype,47.653132,-122.306114,2025-03-11 12:51:10,4.300813,0.072915,72.527107,4.998779
prototype,47.653132,-122.306114,2025-03-11 12:51:18,4.306197,0.072917,72.812149,4.998779
prototype,47.653132,-122.306114,2025-03-11 12:51:34,4.307532,0.073311,72.717049,4.998779
prototype,47.653132,-122.306114,2025-03-11 12:51:42,4.310210,0.073788,72.717209,4.998779
prototype,47.653132,-122.306114,2025-03-11 12:51:50,4.310254,0.074027,73.287529,4.998779
prototype,47.653132,-122.306114,2025-03-11 12:51:58,4.310251,0.073232,72.907425,4.998779
prototype,47.653132,-122.306114,2025-03-11 12:52:06,4.306197,0.073153,73.002319,4.998779
prototype,47.653132,-122.306114,2025-03-11 12:52:15,4.307536,0.073470,73.287476,4.998779
prototype,47.653132,-122.306114,2025-03-11 12:52:23,4.307576,0.073393,72.526825,4.998779
prototype,47.653132,-122.306114,2025-03-11 12:52:31,4.308871,0.073949,72.717155,4.998779
prototype,47.653132,-122.306114,2025-03-11 12:52:39,4.310251,0.073790,72.907425,4.998779
prototype,47.653132,-122.306114,2025-03-11 12:52:47,4.310251,0.073709,72.907318,4.998779
prototype,47.653132,-122.306114,2025-03-11 12:52:55,4.312929,0.074027,72.907379,4.998779
prototype,47.653132,-122.306114,2025-03-11 12:53:03,4.311590,0.074108,72.622055,4.998779
prototype,47.653132,-122.306114,2025-03-11 12:53:11,4.308871,0.074186,72.336777,4.998779
prototype,47.653132,-122.306114,2025-03-11 12:53:19,4.308915,0.074508,72.812210,4.998779
prototype,47.653132,-122.306114,2025-03-11 12:53:27,4.311590,0.074986,73.287529,4.998779
prototype,47.653132,-122.306114,2025-03-11 12:53:35,4.314268,0.074827,72.812317,4.998779
prototype,47.653132,-122.306114,2025-03-11 12:53:43,4.312929,0.075072,72.812378,4.998779
prototype,47.653132,-122.306114,2025-03-11 12:53:51,4.312929,0.075232,73.382523,4.998779
prototype,47.653132,-122.306114,2025-03-11 12:54:07,4.308918,0.074268,72.622101,4.998779
prototype,47.653132,-122.306114,2025-03-11 12:54:15,4.307576,0.074347,73.477371,4.998779
prototype,47.653132,-122.306114,2025-03-11 12:54:23,4.307532,0.074027,73.287529,4.998779
prototype,47.653132,-122.306114,2025-03-11 12:54:31,4.310251,0.074588,72.717155,4.998779
prototype,47.653132,-122.306114,2025-03-11 12:54:39,4.307576,0.074587,73.097481,4.998779
prototype,47.653132,-122.306114,2025-03-11 12:54:47,4.308871,0.074589,73.097366,4.998779
prototype,47.653132,-122.306114,2025-03-11 12:54:55,4.307532,0.074507,72.907372,4.998779
prototype,47.653132,-122.306114,2025-03-11 12:55:03,4.307576,0.074350,72.907211,4.998779
prototype,47.653132,-122.306114,2025-03-11 12:55:11,4.310251,0.075068,73.097481,4.998779
prototype,47.653132,-122.306114,2025-03-11 12:55:19,4.311590,0.074427,72.907318,4.998779
prototype,47.653132,-122.306114,2025-03-11 12:55:27,4.310210,0.074586,72.907425,4.998779
prototype,47.653132,-122.306114,2025-03-11 12:55:35,4.308958,0.074746,73.097534,4.998779
prototype,47.653132,-122.306114,2025-03-11 12:55:43,4.310251,0.074827,72.812271,4.998779
prototype,47.653132,-122.306114,2025-03-11 12:55:51,4.312972,0.074912,73.002312,4.998779
prototype,47.653132,-122.306114,2025-03-11 12:55:59,4.307536,0.074202,73.287430,4.998779
prototype,47.653132,-122.306114,2025-03-11 12:56:07,4.306197,0.074267,72.907372,4.998779
prototype,47.653132,-122.306114,2025-03-11 12:56:15,4.307532,0.073948,73.002426,4.998779
prototype,47.653132,-122.306114,2025-03-11 12:56:23,4.308875,0.074586,73.287529,4.998779
prototype,47.653132,-122.306114,2025-03-11 12:56:31,4.312929,0.074587,72.907211,4.998779
prototype,47.653132,-122.306114,2025-03-11 12:56:39,4.314268,0.074911,73.192535,4.998779
prototype,47.653132,-122.306114,2025-03-11 12:56:47,4.311590,0.074747,73.097481,4.998779
prototype,47.653132,-122.306114,2025-03-11 12:56:55,4.312888,0.075309,72.812271,4.998779
prototype,47.653132,-122.306114,2025-03-11 12:57:03,4.310254,0.075311,72.622208,4.998779
prototype,47.653132,-122.306114,2025-03-11 12:57:11,4.311590,0.074669,72.336777,4.998779
prototype,47.653132,-122.306114,2025-03-11 12:57:19,4.310251,0.074909,72.812149,4.998779
prototype,47.653132,-122.306114,2025-03-11 12:57:27,4.311590,0.075069,72.622208,4.998779
prototype,47.653132,-122.306114,2025-03-11 12:57:35,4.312929,0.075311,72.907372,4.998779
prototype,47.653132,-122.306114,2025-03-11 12:57:43,4.310251,0.075070,72.811722,4.998779
prototype,47.653132,-122.306114,2025-03-11 12:57:51,4.307576,0.075309,73.287476,4.998779
prototype,47.653132,-122.306114,2025-03-11 12:57:59,4.310297,0.074832,72.241669,4.998779
prototype,47.653132,-122.306114,2025-03-11 12:58:07,4.307579,0.074988,72.907318,4.998779
prototype,47.653132,-122.306114,2025-03-11 12:58:15,4.312929,0.075069,73.002426,4.998779
prototype,47.653132,-122.306114,2025-03-11 12:58:23,4.312929,0.075230,73.002266,4.998779
prototype,47.653132,-122.306114,2025-03-11 12:58:31,4.310251,0.074988,73.382423,4.998779
prototype,47.653132,-122.306114,2025-03-11 12:58:39,4.310251,0.074908,73.002426,4.998779
prototype,47.653132,-122.306114,2025-03-11 12:58:47,4.314268,0.075791,73.002426,4.998779
prototype,47.653132,-122.306114,2025-03-11 12:59:03,4.315650,0.076520,73.287529,4.998779
prototype,47.653132,-122.306114,2025-03-11 12:59:11,4.314268,0.076439,73.287529,4.998779
prototype,47.653132,-122.306114,2025-03-11 12:59:19,4.314268,0.076197,73.477371,4.998779
prototype,47.653132,-122.306114,2025-03-11 12:59:27,4.312929,0.075794,72.431892,4.998779
prototype,47.653132,-122.306114,2025-03-11 12:59:35,4.312929,0.076600,73.097366,4.998779
prototype,47.653132,-122.306114,2025-03-11 12:59:43,4.314268,0.077250,72.717270,4.998779
prototype,47.653132,-122.306114,2025-03-11 12:59:51,4.312929,0.076603,73.287529,4.998779
prototype,47.653132,-122.306114,2025-03-11 12:59:59,4.310251,0.076117,72.907425,4.998779
prototype,47.653132,-122.306114,2025-03-11 13:00:07,4.311549,0.076197,72.717155,4.998779
prototype,47.653132,-122.306114,2025-03-11 13:00:15,4.308912,0.075717,73.097427,4.998779
prototype,47.653132,-122.306114,2025-03-11 13:00:31,4.310251,0.074911,72.812263,4.998779
prototype,47.653132,-122.306114,2025-03-11 13:00:39,4.311590,0.075873,72.717102,4.998779
prototype,47.653132,-122.306114,2025-03-11 13:00:55,4.312929,0.075551,72.527054,4.998779
prototype,47.653132,-122.306114,2025-03-11 13:01:03,4.311590,0.076039,72.717270,4.998779
prototype,47.653132,-122.306114,2025-03-11 13:01:11,4.311549,0.075792,73.002426,4.998779
prototype,47.653132,-122.306114,2025-03-11 13:01:19,4.312929,0.075873,73.192535,4.998779
prototype,47.653132,-122.306114,2025-03-11 13:01:27,4.311590,0.075958,73.192474,4.998779
prototype,47.653132,-122.306114,2025-03-11 13:01:35,4.308915,0.075633,73.097481,4.998779
prototype,47.653132,-122.306114,2025-03-11 13:01:43,4.308875,0.075149,73.287529,4.998779
prototype,47.653132,-122.306114,2025-03-11 13:01:51,4.314268,0.075793,72.812042,4.998779
prototype,47.653132,-122.306114,2025-03-11 13:01:59,4.315610,0.075793,72.717323,4.998779
prototype,47.653132,-122.306114,2025-03-11 13:02:07,4.314268,0.077252,73.287315,4.998779
prototype,47.653132,-122.306114,2025-03-11 13:02:15,4.312932,0.075876,73.002365,4.998779
prototype,47.653132,-122.306114,2025-03-11 13:02:47,4.314311,0.075875,72.717110,4.998779
prototype,47.653132,-122.306114,2025-03-11 13:02:55,4.307576,0.075231,73.002151,4.998779
prototype,47.653132,-122.306114,2025-03-11 13:03:03,4.311549,0.075711,72.812378,4.998779
prototype,47.653132,-122.306114,2025-03-11 13:03:11,4.312929,0.076117,73.002426,4.998779
prototype,47.653132,-122.306114,2025-03-11 13:03:27,4.310254,0.076523,73.382477,4.998779
prototype,47.653132,-122.306114,2025-03-11 13:03:35,4.310210,0.076114,73.097366,4.998779
prototype,47.653132,-122.306114,2025-03-11 13:03:43,4.312929,0.075712,73.002426,4.998779
prototype,47.653132,-122.306114,2025-03-11 13:03:51,4.311549,0.075068,72.907372,4.998779
prototype,47.653132,-122.306114,2025-03-11 13:04:07,4.310210,0.075390,72.812103,4.998779
prototype,47.653132,-122.306114,2025-03-11 13:04:15,4.311590,0.074840,72.717155,4.998779
prototype,47.653132,-122.306114,2025-03-11 13:04:23,4.312972,0.075873,72.621994,4.998779
prototype,47.653132,-122.306114,2025-03-11 13:04:31,4.315650,0.076444,72.812325,4.998779
prototype,47.653132,-122.306114,2025-03-11 13:04:39,4.314268,0.076033,73.002426,4.998779
prototype,47.653132,-122.306114,2025-03-11 13:04:47,4.312929,0.075312,73.097481,4.998779
prototype,47.653132,-122.306114,2025-03-11 13:04:55,4.308915,0.075711,72.717270,4.998779
prototype,47.653132,-122.306114,2025-03-11 13:05:03,4.311590,0.075633,73.002426,4.998779
prototype,47.653132,-122.306114,2025-03-11 13:05:11,4.311590,0.075712,73.192482,4.998779
prototype,47.653132,-122.306114,2025-03-11 13:05:27,4.311590,0.076361,72.717155,4.998779
prototype,47.653132,-122.306114,2025-03-11 13:05:35,4.314268,0.076439,73.097481,4.998779
prototype,47.653132,-122.306114,2025-03-11 13:05:43,4.312929,0.077170,73.097481,4.998779
prototype,47.653132,-122.306114,2025-03-11 13:05:51,4.318334,0.076685,72.812378,4.998779
prototype,47.653132,-122.306114,2025-03-11 13:05:59,4.314313,0.076528,72.907425,4.998779
prototype,47.653132,-122.306114,2025-03-11 13:06:07,4.315650,0.077090,72.812325,4.998779
prototype,47.653132,-122.306114,2025-03-11 13:06:15,4.315610,0.076931,73.002373,4.998779
prototype,47.653132,-122.306114,2025-03-11 13:06:23,4.315650,0.077662,73.097481,4.998779
prototype,47.653132,-122.306114,2025-03-11 13:06:31,4.314268,0.077496,72.717209,4.998779
prototype,47.653132,-122.306114,2025-03-11 13:06:39,4.312972,0.077090,73.002426,4.998779
prototype,47.653132,-122.306114,2025-03-11 13:06:55,4.315650,0.077335,72.907433,4.998779
prototype,47.653132,-122.306114,2025-03-11 13:07:03,4.310251,0.076522,72.717323,4.998779
prototype,47.653132,-122.306114,2025-03-11 13:07:11,4.312929,0.076441,73.002266,4.998779
prototype,47.653132,-122.306114,2025-03-11 13:07:19,4.311590,0.076196,73.665405,4.998779
prototype,47.653132,-122.306114,2025-03-11 13:07:27,4.306197,0.075068,72.812378,4.998779
prototype,47.653132,-122.306114,2025-03-11 13:07:35,4.310251,0.075791,72.907425,4.998779
prototype,47.653132,-122.306114,2025-03-11 13:07:43,4.308871,0.075954,72.717216,4.998779
prototype,47.653132,-122.306114,2025-03-11 13:07:59,4.310251,0.077007,73.287201,4.998779
prototype,47.653132,-122.306114,2025-03-11 13:08:07,4.311590,0.077007,73.571930,4.998779
prototype,47.653132,-122.306114,2025-03-11 13:08:15,4.315650,0.077577,72.812210,4.998779
prototype,47.653132,-122.306114,2025-03-11 13:08:23,4.316991,0.077826,72.812378,4.998779
prototype,47.653132,-122.306114,2025-03-11 13:08:31,4.316991,0.079392,73.856384,4.998779
prototype,47.653132,-122.306114,2025-03-11 13:08:39,4.315610,0.079222,72.717102,4.998779
prototype,47.653132,-122.306114,2025-03-11 13:08:47,4.314268,0.079383,73.286659,4.998779
prototype,47.653132,-122.306114,2025-03-11 13:08:55,4.315650,0.080047,72.622154,4.998779
prototype,47.653132,-122.306114,2025-03-11 13:09:19,4.311590,0.079715,72.812210,4.998779
prototype,47.653132,-122.306114,2025-03-11 13:09:27,4.310251,0.079301,72.717049,4.998779
prototype,47.653132,-122.306114,2025-03-11 13:09:43,4.311590,0.078645,73.382523,4.998779
prototype,47.653132,-122.306114,2025-03-11 13:09:51,4.311590,0.078806,72.717155,4.998779
prototype,47.653132,-122.306114,2025-03-11 13:09:59,4.312929,0.079883,72.907326,4.998779
prototype,47.653132,-122.306114,2025-03-11 13:10:07,4.312929,0.079137,72.907326,4.998779
prototype,47.653132,-122.306114,2025-03-11 13:10:15,4.315610,0.079468,73.287529,4.998779
prototype,47.653132,-122.306114,2025-03-11 13:10:23,4.316991,0.079304,73.192368,4.998779
prototype,47.653132,-122.306114,2025-03-11 13:10:39,4.316991,0.080631,73.192535,4.998779
prototype,47.653132,-122.306114,2025-03-11 13:10:47,4.315652,0.080465,73.192368,4.998779
prototype,47.653132,-122.306114,2025-03-11 13:10:55,4.314268,0.081044,73.572472,4.998779
prototype,47.653132,-122.306114,2025-03-11 13:11:11,4.314268,0.081628,73.477585,4.998779
prototype,47.653132,-122.306114,2025-03-11 13:11:19,4.318334,0.081631,73.192429,4.998779
prototype,47.653132,-122.306114,2025-03-11 13:11:27,4.318334,0.080883,73.002426,4.998779
prototype,47.653132,-122.306114,2025-03-11 13:11:35,4.319675,0.081217,72.621941,4.998779
prototype,47.653132,-122.306114,2025-03-11 13:11:43,4.318334,0.082062,73.192535,4.998779
prototype,47.653132,-122.306114,2025-03-11 13:11:51,4.315650,0.081967,73.097366,4.998779
prototype,47.653132,-122.306114,2025-03-11 13:12:15,4.314311,0.081638,72.527107,4.998779
prototype,47.653132,-122.306114,2025-03-11 13:12:23,4.316991,0.081464,72.907425,4.998779
prototype,47.653132,-122.306114,2025-03-11 13:12:31,4.318334,0.081215,72.907150,4.998779
prototype,47.653132,-122.306114,2025-03-11 13:12:39,4.318334,0.081051,73.002426,4.998779
prototype,47.653132,-122.306114,2025-03-11 13:12:47,4.316952,0.081054,72.907372,4.998779
prototype,47.653132,-122.306114,2025-03-11 13:12:55,4.316991,0.081730,73.287308,4.998779
prototype,47.653132,-122.306114,2025-03-11 13:13:03,4.319675,0.081234,72.717270,4.998779
prototype,47.653132,-122.306114,2025-03-11 13:13:11,4.315650,0.081632,73.097542,4.998779
prototype,47.653132,-122.306114,2025-03-11 13:13:19,4.315610,0.080881,72.812263,4.998779
prototype,47.653132,-122.306114,2025-03-11 13:13:27,4.315650,0.081212,72.907372,4.998779
prototype,47.653132,-122.306114,2025-03-11 13:13:35,4.315650,0.081632,73.097481,4.998779
prototype,47.653132,-122.306114,2025-03-11 13:13:43,4.314268,0.081547,73.287422,4.998779
prototype,47.653132,-122.306114,2025-03-11 13:13:59,4.319675,0.080639,72.907326,4.998779
prototype,47.653132,-122.306114,2025-03-11 13:14:07,4.318294,0.080467,73.382523,4.998779
prototype,47.653132,-122.306114,2025-03-11 13:14:15,4.318334,0.081481,73.192429,4.998779
prototype,47.653132,-122.306114,2025-03-11 13:14:23,4.314268,0.081547,72.812325,4.998779
prototype,47.653132,-122.306114,2025-03-11 13:14:31,4.314268,0.080713,72.907372,4.998779
prototype,47.653132,-122.306114,2025-03-11 13:14:39,4.316991,0.080795,73.382370,4.998779
prototype,47.653132,-122.306114,2025-03-11 13:14:47,4.315650,0.081714,72.812378,4.998779
prototype,47.653132,-122.306114,2025-03-11 13:14:55,4.315650,0.081715,73.287422,4.998779
prototype,47.653132,-122.306114,2025-03-11 13:15:03,4.318334,0.081049,72.907425,4.998779
prototype,47.653132,-122.306114,2025-03-11 13:15:12,4.321060,0.080887,73.097481,4.998779
prototype,47.653132,-122.306114,2025-03-11 13:15:28,4.321060,0.081723,72.812103,4.998779
prototype,47.653132,-122.306114,2025-03-11 13:15:36,4.319675,0.081636,72.907318,4.998779
prototype,47.653132,-122.306114,2025-03-11 13:15:44,4.318334,0.082480,73.192535,4.998779
prototype,47.653132,-122.306114,2025-03-11 13:15:52,4.316991,0.081970,72.907425,4.998779
prototype,47.653132,-122.306114,2025-03-11 13:16:00,4.315650,0.081130,73.477585,4.998779
prototype,47.653132,-122.306114,2025-03-11 13:16:08,4.315650,0.082731,73.002426,4.998779
prototype,47.653132,-122.306114,2025-03-11 13:16:16,4.312929,0.081044,73.097427,4.998779
prototype,47.653132,-122.306114,2025-03-11 13:16:24,4.311590,0.081128,72.812325,4.998779
prototype,47.653132,-122.306114,2025-03-11 13:16:32,4.314271,0.080385,73.287529,4.998779
prototype,47.653132,-122.306114,2025-03-11 13:16:40,4.315650,0.081379,72.622215,4.998779
prototype,47.653132,-122.306114,2025-03-11 13:16:56,4.316991,0.081814,73.192535,4.998779
prototype,47.653132,-122.306114,2025-03-11 13:17:04,4.316991,0.081299,72.907425,4.998779
prototype,47.653132,-122.306114,2025-03-11 13:17:12,4.315610,0.081479,72.907372,4.998779
prototype,47.653132,-122.306114,2025-03-11 13:17:20,4.315650,0.081546,72.907372,4.998779
prototype,47.653132,-122.306114,2025-03-11 13:17:28,4.314268,0.080959,73.192474,4.998779
prototype,47.653132,-122.306114,2025-03-11 13:17:36,4.316991,0.081215,73.287476,4.998779
prototype,47.653132,-122.306114,2025-03-11 13:17:44,4.316991,0.080882,73.002487,4.998779
prototype,47.653132,-122.306114,2025-03-11 13:17:52,4.314268,0.082314,73.382523,4.998779
prototype,47.653132,-122.306114,2025-03-11 13:18:00,4.314311,0.080794,72.622215,4.998779
prototype,47.653132,-122.306114,2025-03-11 13:18:08,4.316991,0.081136,73.382423,4.998779
prototype,47.653132,-122.306114,2025-03-11 13:18:16,4.319675,0.081548,72.811493,4.998779
prototype,47.653132,-122.306114,2025-03-11 13:18:24,4.323747,0.081728,72.717323,4.998779
prototype,47.653132,-122.306114,2025-03-11 13:18:32,4.322362,0.082392,73.192429,4.998779
prototype,47.653132,-122.306114,2025-03-11 13:18:40,4.319675,0.082730,72.622055,4.998779
prototype,47.653132,-122.306114,2025-03-11 13:18:48,4.321021,0.083236,73.097366,4.998779
prototype,47.653132,-122.306114,2025-03-11 13:18:56,4.321017,0.083232,73.382523,4.998779
prototype,47.653132,-122.306114,2025-03-11 13:19:12,4.321021,0.084090,72.907425,4.998779
prototype,47.653132,-122.306114,2025-03-11 13:19:20,4.319675,0.083235,73.002373,4.998779
prototype,47.653132,-122.306114,2025-03-11 13:19:36,4.319675,0.082559,73.856277,4.998779
prototype,47.653132,-122.306114,2025-03-11 13:19:44,4.315650,0.083398,73.002426,4.998779
prototype,47.653132,-122.306114,2025-03-11 13:19:52,4.314268,0.082807,73.002373,4.998779
prototype,47.653132,-122.306114,2025-03-11 13:20:00,4.314311,0.082135,73.572586,4.998779
prototype,47.653132,-122.306114,2025-03-11 13:20:08,4.316952,0.081551,73.287537,4.998779
prototype,47.653132,-122.306114,2025-03-11 13:20:16,4.315650,0.081142,72.907425,4.998779
prototype,47.653132,-122.306114,2025-03-11 13:20:24,4.315610,0.081048,72.907265,4.998779
prototype,47.653132,-122.306114,2025-03-11 13:20:32,4.316991,0.082220,73.287476,4.998779
prototype,47.653132,-122.306114,2025-03-11 13:20:40,4.321060,0.081638,72.907318,4.998779
prototype,47.653132,-122.306114,2025-03-11 13:20:48,4.314311,0.083065,72.812325,4.998779
prototype,47.653132,-122.306114,2025-03-11 13:20:56,4.317034,0.083230,73.192482,4.998779
prototype,47.653132,-122.306114,2025-03-11 13:21:04,4.318334,0.082139,73.382530,4.998779
prototype,47.653132,-122.306114,2025-03-11 13:21:20,4.316991,0.082388,73.571877,4.998779
prototype,47.653132,-122.306114,2025-03-11 13:21:28,4.315650,0.082722,73.097481,4.998779
prototype,47.653132,-122.306114,2025-03-11 13:21:36,4.316991,0.082387,73.287476,4.998779
prototype,47.653132,-122.306114,2025-03-11 13:21:44,4.318334,0.082650,73.002487,4.998779
prototype,47.653132,-122.306114,2025-03-11 13:21:52,4.321060,0.082400,73.097481,4.998779
prototype,47.653132,-122.306114,2025-03-11 13:22:08,4.319718,0.083320,73.097260,4.998779
prototype,47.653132,-122.306114,2025-03-11 13:22:16,4.321060,0.082986,73.192474,4.998779
prototype,47.653132,-122.306114,2025-03-11 13:22:24,4.322362,0.082980,73.002426,4.998779
prototype,47.653132,-122.306114,2025-03-11 13:22:32,4.322362,0.083064,73.287529,4.998779
prototype,47.653132,-122.306114,2025-03-11 13:22:40,4.319678,0.083661,73.192368,4.998779
prototype,47.653132,-122.306114,2025-03-11 13:22:48,4.316991,0.083313,73.382523,4.998779
prototype,47.653132,-122.306114,2025-03-11 13:22:56,4.319675,0.083490,73.192535,4.998779
prototype,47.653132,-122.306114,2025-03-11 13:23:12,4.319675,0.082987,73.002487,4.998779
prototype,47.653132,-122.306114,2025-03-11 13:23:20,4.317034,0.084247,73.382584,4.998779
prototype,47.653132,-122.306114,2025-03-11 13:23:28,4.316991,0.083660,73.002426,4.998779
prototype,47.653132,-122.306114,2025-03-11 13:23:36,4.319675,0.082984,72.716934,4.998779
prototype,47.653132,-122.306114,2025-03-11 13:23:44,4.318376,0.083659,72.907372,4.998779
prototype,47.653132,-122.306114,2025-03-11 13:23:52,4.318334,0.082984,73.097198,4.998779
prototype,47.653132,-122.306114,2025-03-11 13:24:00,4.321021,0.082814,73.192482,4.998779
prototype,47.653132,-122.306114,2025-03-11 13:24:08,4.321021,0.082986,73.002426,4.998779
prototype,47.653132,-122.306114,2025-03-11 13:24:16,4.321021,0.083744,73.097481,4.998779
prototype,47.653132,-122.306114,2025-03-11 13:24:32,4.318334,0.084080,73.287529,4.998779
prototype,47.653132,-122.306114,2025-03-11 13:24:40,4.323747,0.083745,73.192535,4.998779
prototype,47.653132,-122.306114,2025-03-11 13:24:48,4.318334,0.083655,73.287529,4.998779
prototype,47.653132,-122.306114,2025-03-11 13:25:04,4.318376,0.084506,72.812263,4.998779
prototype,47.653132,-122.306114,2025-03-11 13:25:12,4.319675,0.083150,73.287537,4.998779
prototype,47.653132,-122.306114,2025-03-11 13:25:20,4.319675,0.083503,73.287422,4.998779
prototype,47.653132,-122.306114,2025-03-11 13:25:28,4.319675,0.083572,73.382584,4.998779
prototype,47.653132,-122.306114,2025-03-11 13:25:36,4.321063,0.084171,73.192474,4.998779
prototype,47.653132,-122.306114,2025-03-11 13:25:52,4.315610,0.083491,73.287476,4.998779
prototype,47.653132,-122.306114,2025-03-11 13:26:00,4.318376,0.083151,73.002426,4.998779
prototype,47.653132,-122.306114,2025-03-11 13:26:08,4.315610,0.083659,73.477524,4.998779
prototype,47.653132,-122.306114,2025-03-11 13:26:16,4.319675,0.082058,73.097488,4.998779
prototype,47.653132,-122.306114,2025-03-11 13:26:24,4.322405,0.083238,73.287590,4.998779
prototype,47.653132,-122.306114,2025-03-11 13:26:32,4.322362,0.084335,72.907372,4.998779
prototype,47.653132,-122.306114,2025-03-11 13:26:40,4.323707,0.084341,73.287537,4.998779
prototype,47.653132,-122.306114,2025-03-11 13:26:48,4.319678,0.084502,73.382523,4.998779
prototype,47.653132,-122.306114,2025-03-11 13:27:04,4.319675,0.084346,73.192474,4.998779
prototype,47.653132,-122.306114,2025-03-11 13:27:12,4.318334,0.084085,73.382477,4.998779
prototype,47.653132,-122.306114,2025-03-11 13:27:20,4.319675,0.083499,73.192535,4.998779
prototype,47.653132,-122.306114,2025-03-11 13:27:36,4.318334,0.083485,72.431938,4.998779
prototype,47.653132,-122.306114,2025-03-11 13:27:44,4.315650,0.083571,73.097481,4.998779
prototype,47.653132,-122.306114,2025-03-11 13:27:52,4.315650,0.083906,72.907372,4.998779
prototype,47.653132,-122.306114,2025-03-11 13:28:00,4.314268,0.083401,73.097206,4.998779
prototype,47.653132,-122.306114,2025-03-11 13:28:08,4.318334,0.081888,73.192429,4.998779
dummy,69.420,13.37,2025-03-11 13:28:15
prototype,47.653132,-122.306114,2025-03-11 13:28:16,4.315650,0.083150,72.717270,4.998779
prototype,47.653132,-122.306114,2025-03-11 13:28:24,4.314268,0.082638,72.812370,4.998779
prototype,47.653132,-122.306114,2025-03-11 13:28:32,4.318334,0.081802,72.907425,4.998779
prototype,47.653132,-122.306114,2025-03-11 13:28:40,4.315650,0.082723,73.192429,4.998779
prototype,47.653132,-122.306114,2025-03-11 13:28:56,4.316991,0.082474,73.002373,4.998779
prototype,47.653132,-122.306114,2025-03-11 13:29:20,4.315650,0.082723,73.286545,4.998779
prototype,47.653132,-122.306114,2025-03-11 13:29:28,4.314268,0.082050,73.002319,4.998779
prototype,47.653132,-122.306114,2025-03-11 13:29:36,4.315650,0.081884,72.527054,4.998779
prototype,47.653132,-122.306114,2025-03-11 13:29:44,4.314268,0.081464,73.382523,4.998779
prototype,47.653132,-122.306114,2025-03-11 13:29:52,4.315652,0.081554,73.002319,4.998779
prototype,47.653132,-122.306114,2025-03-11 13:30:00,4.315650,0.082723,73.287422,4.998779
prototype,47.653132,-122.306114,2025-03-11 13:30:08,4.315650,0.082134,73.192535,4.998779
prototype,47.653132,-122.306114,2025-03-11 13:30:16,4.316952,0.081066,72.907265,4.998779
prototype,47.653132,-122.306114,2025-03-11 13:30:24,4.315652,0.081301,73.097366,4.998779
prototype,47.653132,-122.306114,2025-03-11 13:30:32,4.314311,0.081798,73.192474,4.998779
prototype,47.653132,-122.306114,2025-03-11 13:30:40,4.316991,0.081629,73.477531,4.998779
prototype,47.653132,-122.306114,2025-03-11 13:30:48,4.315650,0.081130,73.287582,4.998779
prototype,47.653132,-122.306114,2025-03-11 13:30:56,4.312929,0.081547,73.192482,4.998779
prototype,47.653132,-122.306114,2025-03-11 13:31:04,4.314311,0.081645,73.097542,4.998779
prototype,47.653132,-122.306114,2025-03-11 13:31:12,4.316991,0.080795,73.572365,4.998779
prototype,47.653132,-122.306114,2025-03-11 13:31:20,4.316991,0.080882,73.097481,4.998779
prototype,47.653132,-122.306114,2025-03-11 13:31:28,4.314271,0.079967,73.097153,4.998779
prototype,47.653132,-122.306114,2025-03-11 13:31:36,4.312972,0.080212,72.907425,4.998779
prototype,47.653132,-122.306114,2025-03-11 13:31:44,4.314268,0.080295,72.907425,4.998779
prototype,47.653132,-122.306114,2025-03-11 13:31:52,4.315610,0.080986,73.667526,4.998779
prototype,47.653132,-122.306114,2025-03-11 13:32:00,4.316991,0.080630,72.907318,4.998779
prototype,47.653132,-122.306114,2025-03-11 13:32:08,4.315610,0.081236,72.907158,4.998779
prototype,47.653132,-122.306114,2025-03-11 13:32:32,4.316991,0.082062,72.907372,4.998779
prototype,47.653132,-122.306114,2025-03-11 13:32:40,4.315652,0.080800,73.287529,4.998779
prototype,47.653132,-122.306114,2025-03-11 13:32:56,4.315650,0.082062,73.097488,4.998779
prototype,47.653132,-122.306114,2025-03-11 13:33:04,4.316991,0.080716,72.812263,4.998779
prototype,47.653132,-122.306114,2025-03-11 13:33:12,4.316991,0.080882,73.382095,4.998779
prototype,47.653132,-122.306114,2025-03-11 13:33:20,4.314311,0.081562,73.097427,4.998779
prototype,47.653132,-122.306114,2025-03-11 13:33:28,4.314268,0.080878,73.002487,4.998779
prototype,47.653132,-122.306114,2025-03-11 13:33:36,4.315650,0.080961,73.382416,4.998779
prototype,47.653132,-122.306114,2025-03-11 13:33:44,4.314268,0.080460,72.717155,4.998779
prototype,47.653132,-122.306114,2025-03-11 13:33:52,4.314268,0.080710,72.717323,4.998779
prototype,47.653132,-122.306114,2025-03-11 13:34:00,4.315610,0.080132,72.812325,4.998779
prototype,47.653132,-122.306114,2025-03-11 13:34:08,4.312929,0.081396,73.287422,4.998779
prototype,47.653132,-122.306114,2025-03-11 13:34:16,4.315652,0.079886,73.097481,4.998779
prototype,47.653132,-122.306114,2025-03-11 13:34:24,4.316991,0.079554,73.097481,4.998779
prototype,47.653132,-122.306114,2025-03-11 13:34:40,4.316991,0.080797,73.002487,4.998779
prototype,47.653132,-122.306114,2025-03-11 13:34:48,4.315650,0.081296,73.192535,4.998779
prototype,47.653132,-122.306114,2025-03-11 13:35:04,4.314268,0.081545,72.812325,4.998779
prototype,47.653132,-122.306114,2025-03-11 13:35:12,4.316991,0.082065,72.907425,4.998779
prototype,47.653132,-122.306114,2025-03-11 13:35:20,4.316991,0.081468,73.287529,4.998779
prototype,47.653132,-122.306114,2025-03-11 13:35:28,4.316991,0.081639,73.002426,4.998779
prototype,47.653132,-122.306114,2025-03-11 13:35:36,4.315650,0.081715,73.192482,4.998779
prototype,47.653132,-122.306114,2025-03-11 13:35:44,4.314268,0.082730,73.667526,4.998779
prototype,47.653132,-122.306114,2025-03-11 13:35:52,4.314268,0.081880,73.002373,4.998779
prototype,47.653132,-122.306114,2025-03-11 13:36:08,4.318334,0.081808,73.192535,4.998779
prototype,47.653132,-122.306114,2025-03-11 13:36:16,4.318334,0.082391,73.097481,4.998779
prototype,47.653132,-122.306114,2025-03-11 13:36:24,4.323747,0.081808,72.717270,4.998779
prototype,47.653132,-122.306114,2025-03-11 13:36:32,4.325092,0.083153,72.907211,4.998779
prototype,47.653132,-122.306114,2025-03-11 13:36:40,4.326480,0.083744,73.097366,4.998779
prototype,47.653132,-122.306114,2025-03-11 13:36:48,4.321060,0.083910,73.192474,4.998779
prototype,47.653132,-122.306114,2025-03-11 13:36:56,4.318334,0.084593,73.382477,4.998779
prototype,47.653132,-122.306114,2025-03-11 13:37:04,4.319675,0.083655,73.287529,4.998779
prototype,47.653132,-122.306114,2025-03-11 13:37:12,4.316952,0.083741,73.097427,4.998779
prototype,47.653132,-122.306114,2025-03-11 13:37:20,4.318334,0.083408,73.382523,4.998779
prototype,47.653132,-122.306114,2025-03-11 13:37:28,4.315650,0.084075,73.287529,4.998779
prototype,47.653132,-122.306114,2025-03-11 13:37:36,4.318334,0.083404,73.287529,4.998779
prototype,47.653132,-122.306114,2025-03-11 13:37:52,4.322362,0.083571,73.477478,4.998779
prototype,47.653132,-122.306114,2025-03-11 13:38:00,4.321017,0.083233,73.667526,4.998779
prototype,47.653132,-122.306114,2025-03-11 13:38:08,4.319675,0.083995,73.572365,4.998779
prototype,47.653132,-122.306114,2025-03-11 13:38:16,4.319678,0.084254,73.762413,4.998779
prototype,47.653132,-122.306114,2025-03-11 13:38:25,4.319675,0.083234,73.097366,4.998779
prototype,47.653132,-122.306114,2025-03-11 13:38:33,4.318334,0.083402,73.097260,4.998779
prototype,47.653132,-122.306114,2025-03-11 13:38:41,4.325092,0.083321,73.002426,4.998779
prototype,47.653132,-122.306114,2025-03-11 13:38:49,4.316991,0.083910,73.002426,4.998779
prototype,47.653132,-122.306114,2025-03-11 13:38:57,4.318334,0.082814,73.477371,4.998779
prototype,47.653132,-122.306114,2025-03-11 13:39:05,4.321021,0.082482,73.097481,4.998779
prototype,47.653132,-122.306114,2025-03-11 13:39:21,4.318334,0.082150,73.002373,4.998779
prototype,47.653132,-122.306114,2025-03-11 13:39:29,4.316991,0.083153,72.716934,4.998779
prototype,47.653132,-122.306114,2025-03-11 13:39:53,4.318334,0.082226,73.667412,4.998779
prototype,47.653132,-122.306114,2025-03-11 13:40:01,4.321023,0.082052,73.097481,4.998779
prototype,47.653132,-122.306114,2025-03-11 13:40:33,4.327782,0.083064,73.192474,4.998779
prototype,47.653132,-122.306114,2025-03-11 13:40:41,4.326437,0.082313,73.097366,4.998779
prototype,47.653132,-122.306114,2025-03-11 13:40:49,4.326397,0.082558,73.097427,4.998779
prototype,47.653132,-122.306114,2025-03-11 13:40:57,4.329130,0.083232,73.192482,4.998779
prototype,47.653132,-122.306114,2025-03-11 13:41:05,4.338615,0.084419,73.572418,4.998779
prototype,47.653132,-122.306114,2025-03-11 13:41:13,4.345460,0.084418,73.287537,4.998779
prototype,47.653132,-122.306114,2025-03-11 13:41:21,4.342711,0.085441,73.097481,4.998779
prototype,47.653132,-122.306114,2025-03-11 13:41:29,4.344106,0.085957,73.192482,4.998779
prototype,47.653132,-122.306114,2025-03-11 13:41:37,4.353637,0.087510,73.572250,4.998779
prototype,47.653132,-122.306114,2025-03-11 13:41:45,4.359115,0.087859,72.812149,4.998779
prototype,47.653132,-122.306114,2025-03-11 13:41:53,4.365929,0.088469,73.097260,4.998779
prototype,47.653132,-122.306114,2025-03-11 13:42:01,4.374200,0.088651,72.812325,4.998779
prototype,47.653132,-122.306114,2025-03-11 13:42:09,4.372833,0.089260,73.192535,4.998779
prototype,47.653132,-122.306114,2025-03-11 13:42:17,4.370101,0.091282,73.002487,4.998779
prototype,47.653132,-122.306114,2025-03-11 13:42:25,4.367380,0.091912,73.002266,4.998779
prototype,47.653132,-122.306114,2025-03-11 13:42:33,4.356399,0.090227,72.717323,4.998779
prototype,47.653132,-122.306114,2025-03-11 13:42:41,4.344106,0.089344,73.856766,4.998779
prototype,47.653132,-122.306114,2025-03-11 13:42:49,4.342752,0.088384,73.287529,4.998779
prototype,47.653132,-122.306114,2025-03-11 13:42:57,4.341401,0.088033,72.717049,4.998779
prototype,47.653132,-122.306114,2025-03-11 13:43:05,4.337304,0.086561,73.002487,4.998779
prototype,47.653132,-122.306114,2025-03-11 13:43:13,4.331866,0.085966,73.192368,4.998779
prototype,47.653132,-122.306114,2025-03-11 13:43:21,4.330518,0.085709,73.192474,4.998779
prototype,47.653132,-122.306114,2025-03-11 13:43:29,4.333214,0.085699,72.812370,4.998779
prototype,47.653132,-122.306114,2025-03-11 13:43:37,4.335913,0.088909,73.192535,4.998779
prototype,47.653132,-122.306114,2025-03-11 13:43:53,4.342755,0.091193,72.907425,4.998779
prototype,47.653132,-122.306114,2025-03-11 13:44:01,4.340007,0.091459,73.192314,4.998779
prototype,47.653132,-122.306114,2025-03-11 13:44:09,4.337304,0.092353,73.192535,4.998779
prototype,47.653132,-122.306114,2025-03-11 13:44:17,4.331866,0.091116,73.192429,4.998779
prototype,47.653132,-122.306114,2025-03-11 13:44:25,4.330518,0.089973,73.382584,4.998779
prototype,47.653132,-122.306114,2025-03-11 13:44:33,4.329173,0.089972,73.477524,4.998779
prototype,47.653132,-122.306114,2025-03-11 13:44:41,4.337304,0.090665,73.097481,4.998779
prototype,47.653132,-122.306114,2025-03-11 13:44:49,4.329170,0.089022,73.287590,4.998779
prototype,47.653132,-122.306114,2025-03-11 13:44:57,4.325092,0.087698,73.192429,4.998779
prototype,47.653132,-122.306114,2025-03-11 13:45:05,4.322405,0.086407,72.907425,4.998779
prototype,47.653132,-122.306114,2025-03-11 13:45:13,4.319675,0.085626,72.907425,4.998779
prototype,47.653132,-122.306114,2025-03-11 13:45:21,4.316991,0.084769,72.907326,4.998779
prototype,47.653132,-122.306114,2025-03-11 13:45:29,4.321017,0.083239,73.287590,4.998779
prototype,47.653132,-122.306114,2025-03-11 13:45:46,4.325092,0.083820,73.097481,4.998779
prototype,47.653132,-122.306114,2025-03-11 13:46:02,4.325092,0.084162,73.097321,4.998779
prototype,47.653132,-122.306114,2025-03-11 13:46:10,4.326480,0.084259,73.097374,4.998779
prototype,47.653132,-122.306114,2025-03-11 13:46:18,4.318376,0.084684,73.477585,4.998779
prototype,47.653132,-122.306114,2025-03-11 13:46:26,4.321017,0.082056,73.097481,4.998779
prototype,47.653132,-122.306114,2025-03-11 13:46:34,4.323707,0.082814,73.382477,4.998779
prototype,47.653132,-122.306114,2025-03-11 13:46:42,4.327785,0.084078,73.382416,4.998779
prototype,47.653132,-122.306114,2025-03-11 13:47:06,4.322362,0.083571,73.002426,4.998779
prototype,47.653132,-122.306114,2025-03-11 13:47:14,4.325092,0.083747,72.717270,4.998779
prototype,47.653132,-122.306114,2025-03-11 13:47:22,4.322362,0.083150,73.382477,4.998779
prototype,47.653132,-122.306114,2025-03-11 13:47:30,4.322362,0.082976,73.002426,4.998779
prototype,47.653132,-122.306114,2025-03-11 13:47:46,4.326437,0.083659,73.002487,4.998779
prototype,47.653132,-122.306114,2025-03-11 13:47:54,4.330522,0.084588,73.382309,4.998779
prototype,47.653132,-122.306114,2025-03-11 13:48:02,4.331866,0.085021,73.002487,4.998779
prototype,47.653132,-122.306114,2025-03-11 13:48:10,4.329170,0.085109,72.907425,4.998779
prototype,47.653132,-122.306114,2025-03-11 13:48:18,4.326437,0.085278,73.382423,4.998779
prototype,47.653132,-122.306114,2025-03-11 13:48:26,4.330518,0.085799,73.192535,4.998779
prototype,47.653132,-122.306114,2025-03-11 13:48:34,4.329130,0.086223,73.097481,4.998779
prototype,47.653132,-122.306114,2025-03-11 13:48:50,4.327825,0.086313,73.287529,4.998779
prototype,47.653132,-122.306114,2025-03-11 13:49:06,4.326480,0.084682,73.382584,4.998779
prototype,47.653132,-122.306114,2025-03-11 13:49:14,4.318334,0.084674,73.477585,4.998779
prototype,47.653132,-122.306114,2025-03-11 13:49:30,4.325052,0.083912,73.002487,4.998779
prototype,47.653132,-122.306114,2025-03-11 13:49:38,4.326480,0.083570,73.287308,4.998779
prototype,47.653132,-122.306114,2025-03-11 13:49:46,4.323747,0.083916,73.477478,4.998779
prototype,47.653132,-122.306114,2025-03-11 13:49:54,4.326437,0.083917,73.287529,4.998779
prototype,47.653132,-122.306114,2025-03-11 13:50:02,4.327782,0.084848,73.287529,4.998779
prototype,47.653132,-122.306114,2025-03-11 13:50:10,4.329170,0.085721,73.477585,4.998779
prototype,47.653132,-122.306114,2025-03-11 13:50:18,4.330518,0.087252,73.572525,4.998779
prototype,47.653132,-122.306114,2025-03-11 13:50:26,4.331869,0.088569,73.382523,4.998779
prototype,47.653132,-122.306114,2025-03-11 13:50:34,4.335954,0.088470,73.002426,4.998779
prototype,47.653132,-122.306114,2025-03-11 13:50:42,4.331866,0.088226,73.192368,4.998779
prototype,47.653132,-122.306114,2025-03-11 13:50:50,4.334605,0.089695,73.097427,4.998779
prototype,47.653132,-122.306114,2025-03-11 13:50:58,4.335954,0.090049,73.192368,4.998779
prototype,47.653132,-122.306114,2025-03-11 13:51:06,4.333217,0.090672,73.192474,4.998779
prototype,47.653132,-122.306114,2025-03-11 13:51:14,4.334605,0.090931,73.287529,4.998779
prototype,47.653132,-122.306114,2025-03-11 13:51:30,4.337305,0.092262,73.097260,4.998779
prototype,47.653132,-122.306114,2025-03-11 13:51:38,4.337307,0.092000,73.382584,4.998779
prototype,47.653132,-122.306114,2025-03-11 13:51:46,4.331866,0.092370,73.097427,4.998779
prototype,47.653132,-122.306114,2025-03-11 13:51:54,4.331909,0.091112,72.907318,4.998779
prototype,47.653132,-122.306114,2025-03-11 13:52:02,4.330518,0.091201,73.952026,4.998779
prototype,47.653132,-122.306114,2025-03-11 13:52:10,4.334605,0.090932,73.097481,4.998779
prototype,47.653132,-122.306114,2025-03-11 13:52:26,4.334609,0.091996,72.907379,4.998779
prototype,47.653132,-122.306114,2025-03-11 13:52:42,4.335954,0.092887,73.287369,4.998779
prototype,47.653132,-122.306114,2025-03-11 13:52:50,4.337304,0.093514,73.097488,4.998779
prototype,47.653132,-122.306114,2025-03-11 13:52:58,4.341357,0.093606,72.812325,4.998779
prototype,47.653132,-122.306114,2025-03-11 13:53:06,4.331866,0.093256,73.097481,4.998779
prototype,47.653132,-122.306114,2025-03-11 13:53:14,4.333217,0.094438,73.192368,4.998779
prototype,47.653132,-122.306114,2025-03-11 13:53:22,4.331866,0.094170,73.002426,4.998779
prototype,47.653132,-122.306114,2025-03-11 13:53:30,4.337305,0.094502,73.002426,4.998779
prototype,47.653132,-122.306114,2025-03-11 13:53:38,4.337305,0.094867,73.192535,4.998779
prototype,47.653132,-122.306114,2025-03-11 13:53:46,4.337307,0.094868,73.192535,4.998779
prototype,47.653132,-122.306114,2025-03-11 13:53:54,4.335956,0.095680,73.477585,4.998779
prototype,47.653132,-122.306114,2025-03-11 13:54:02,4.340006,0.096317,73.572525,4.998779
prototype,47.653132,-122.306114,2025-03-11 13:54:18,4.335954,0.095517,73.666603,4.998779
prototype,47.653132,-122.306114,2025-03-11 13:54:34,4.333257,0.093247,73.382584,4.998779
prototype,47.653132,-122.306114,2025-03-11 13:54:50,4.333257,0.094332,73.477585,4.998779
prototype,47.653132,-122.306114,2025-03-11 13:55:06,4.330518,0.094697,73.477470,4.998779
prototype,47.653132,-122.306114,2025-03-11 13:55:14,4.330478,0.094073,73.572578,4.998779
prototype,47.653132,-122.306114,2025-03-11 13:55:22,4.329170,0.093281,73.287529,4.998779
prototype,47.653132,-122.306114,2025-03-11 13:55:30,4.329170,0.092837,72.907425,4.998779
prototype,47.653132,-122.306114,2025-03-11 13:55:38,4.327782,0.090495,73.382416,4.998779
prototype,47.653132,-122.306114,2025-03-11 13:55:54,4.326437,0.089965,73.382523,4.998779
prototype,47.653132,-122.306114,2025-03-11 13:56:02,4.329170,0.090586,73.287529,4.998779
prototype,47.653132,-122.306114,2025-03-11 13:56:10,4.329170,0.091196,73.192474,4.998779
prototype,47.653132,-122.306114,2025-03-11 13:56:18,4.330478,0.090778,73.097427,4.998779
prototype,47.653132,-122.306114,2025-03-11 13:56:26,4.333214,0.092272,73.287422,4.998779
prototype,47.653132,-122.306114,2025-03-11 13:56:34,4.334565,0.093879,73.477470,4.998779
prototype,47.653132,-122.306114,2025-03-11 13:56:42,4.331866,0.093103,73.192474,4.998779
prototype,47.653132,-122.306114,2025-03-11 13:56:58,4.329170,0.091034,73.287529,4.998779
prototype,47.653132,-122.306114,2025-03-11 13:57:06,4.329170,0.089795,72.907318,4.998779
prototype,47.653132,-122.306114,2025-03-11 13:57:14,4.330518,0.089970,73.382317,4.998779
prototype,47.653132,-122.306114,2025-03-11 13:57:22,4.330561,0.089784,73.382370,4.998779
prototype,47.653132,-122.306114,2025-03-11 13:57:30,4.327782,0.090238,73.097427,4.998779
prototype,47.653132,-122.306114,2025-03-11 13:57:38,4.329170,0.088305,73.192474,4.998779
prototype,47.653132,-122.306114,2025-03-11 13:57:46,4.325135,0.087613,73.382416,4.998779
prototype,47.653132,-122.306114,2025-03-11 13:57:54,4.322362,0.085712,73.192474,4.998779
prototype,47.653132,-122.306114,2025-03-11 13:58:02,4.323793,0.085544,72.717270,4.998779
prototype,47.653132,-122.306114,2025-03-11 13:58:10,4.321063,0.085882,73.097427,4.998779
prototype,47.653132,-122.306114,2025-03-11 13:58:26,4.321017,0.084254,73.382416,4.998779
prototype,47.653132,-122.306114,2025-03-11 13:58:34,4.325092,0.084682,73.287529,4.998779
prototype,47.653132,-122.306114,2025-03-11 13:58:42,4.322362,0.085021,73.382423,4.998779
prototype,47.653132,-122.306114,2025-03-11 13:59:06,4.326437,0.085797,73.477470,4.998779
prototype,47.653132,-122.306114,2025-03-11 13:59:14,4.327825,0.086483,73.097427,4.998779
prototype,47.653132,-122.306114,2025-03-11 13:59:22,4.327782,0.086826,73.572426,4.998779
prototype,47.653132,-122.306114,2025-03-11 13:59:30,4.326480,0.086315,73.002373,4.998779
prototype,47.653132,-122.306114,2025-03-11 13:59:38,4.330518,0.087695,73.477470,4.998779
prototype,47.653132,-122.306114,2025-03-11 13:59:46,4.327782,0.087087,73.287529,4.998779
prototype,47.653132,-122.306114,2025-03-11 13:59:54,4.323747,0.086397,73.477524,4.998779
prototype,47.653132,-122.306114,2025-03-11 14:00:02,4.327782,0.087430,73.097427,4.998779
prototype,47.653132,-122.306114,2025-03-11 14:00:10,4.329170,0.086928,73.287582,4.998779
prototype,47.653132,-122.306114,2025-03-11 14:00:18,4.329130,0.087607,73.287483,4.998779
prototype,47.653132,-122.306114,2025-03-11 14:00:26,4.327782,0.087784,72.907272,4.998779
prototype,47.653132,-122.306114,2025-03-11 14:00:42,4.323747,0.086571,73.002312,4.998779
prototype,47.653132,-122.306114,2025-03-11 14:00:58,4.326437,0.085282,73.572578,4.998779
prototype,47.653132,-122.306114,2025-03-11 14:01:06,4.327782,0.085626,73.382477,4.998779
prototype,47.653132,-122.306114,2025-03-11 14:01:14,4.326437,0.085536,74.140617,4.998779
prototype,47.653132,-122.306114,2025-03-11 14:01:30,4.327782,0.085184,73.192535,4.998779
prototype,47.653132,-122.306114,2025-03-11 14:01:38,4.323750,0.085282,73.667526,4.998779
prototype,47.653132,-122.306114,2025-03-11 14:01:46,4.326397,0.084762,73.192154,4.998779
prototype,47.653132,-122.306114,2025-03-11 14:01:54,4.322402,0.084934,73.382477,4.998779
prototype,47.653132,-122.306114,2025-03-11 14:02:02,4.326437,0.084934,73.192474,4.998779
prototype,47.653132,-122.306114,2025-03-11 14:02:10,4.325052,0.085109,73.192535,4.998779
prototype,47.653132,-122.306114,2025-03-11 14:02:18,4.327782,0.085813,73.572586,4.998779
prototype,47.653132,-122.306114,2025-03-11 14:02:26,4.329170,0.085796,72.812370,4.998779
prototype,47.653132,-122.306114,2025-03-11 14:02:42,4.329170,0.086397,73.097427,4.998779
prototype,47.653132,-122.306114,2025-03-11 14:02:50,4.327782,0.086221,73.002373,4.998779
prototype,47.653132,-122.306114,2025-03-11 14:03:06,4.326480,0.085799,73.382523,4.998779
prototype,47.653132,-122.306114,2025-03-11 14:03:22,4.326437,0.084942,73.382523,4.998779
prototype,47.653132,-122.306114,2025-03-11 14:03:30,4.326437,0.085280,73.477531,4.998779
prototype,47.653132,-122.306114,2025-03-11 14:03:38,4.326397,0.085624,72.907318,4.998779
prototype,47.653132,-122.306114,2025-03-11 14:03:46,4.327825,0.086230,72.907425,4.998779
prototype,47.653132,-122.306114,2025-03-11 14:03:54,4.325092,0.085112,73.572365,4.998779
prototype,47.653132,-122.306114,2025-03-11 14:04:02,4.326437,0.085197,73.287529,4.998779
prototype,47.653132,-122.306114,2025-03-11 14:04:18,4.327782,0.085538,73.382477,4.998779
prototype,47.653132,-122.306114,2025-03-11 14:04:26,4.325052,0.085022,73.002205,4.998779
prototype,47.653132,-122.306114,2025-03-11 14:04:35,4.327782,0.085709,73.382530,4.998779
prototype,47.653132,-122.306114,2025-03-11 14:04:43,4.326437,0.085533,73.477425,4.998779
prototype,47.653132,-122.306114,2025-03-11 14:04:51,4.326437,0.085112,73.002319,4.998779
prototype,47.653132,-122.306114,2025-03-11 14:05:07,4.325092,0.084091,73.382530,4.998779
prototype,47.653132,-122.306114,2025-03-11 14:05:15,4.326437,0.084172,73.382530,4.998779
prototype,47.653132,-122.306114,2025-03-11 14:05:23,4.329170,0.085022,73.572365,4.998779
prototype,47.653132,-122.306114,2025-03-11 14:05:31,4.333217,0.086481,73.857254,4.998779
prototype,47.653132,-122.306114,2025-03-11 14:05:39,4.330518,0.086927,73.287422,4.998779
prototype,47.653132,-122.306114,2025-03-11 14:05:47,4.333214,0.088128,73.002373,4.998779
prototype,47.653132,-122.306114,2025-03-11 14:05:55,4.341401,0.089605,73.097366,4.998779
prototype,47.653132,-122.306114,2025-03-11 14:06:03,4.338698,0.089784,73.097481,4.998779
prototype,47.653132,-122.306114,2025-03-11 14:06:11,4.333214,0.089087,74.329483,4.998779
prototype,47.653132,-122.306114,2025-03-11 14:06:19,4.331866,0.088917,73.477470,4.998779
prototype,47.653132,-122.306114,2025-03-11 14:06:27,4.338655,0.089782,73.382477,4.998779
prototype,47.653132,-122.306114,2025-03-11 14:06:35,4.334605,0.090136,73.667419,4.998779
prototype,47.653132,-122.306114,2025-03-11 14:06:43,4.335954,0.091106,73.382370,4.998779
prototype,47.653132,-122.306114,2025-03-11 14:06:51,4.337307,0.091645,73.572525,4.998779
prototype,47.653132,-122.306114,2025-03-11 14:06:59,4.335954,0.091196,73.572365,4.998779
prototype,47.653132,-122.306114,2025-03-11 14:07:07,4.330518,0.089798,73.667526,4.998779
prototype,47.653132,-122.306114,2025-03-11 14:07:15,4.333257,0.089698,73.192368,4.998779
prototype,47.653132,-122.306114,2025-03-11 14:07:23,4.330518,0.090058,73.477524,4.998779
prototype,47.653132,-122.306114,2025-03-11 14:07:31,4.327782,0.088395,73.002426,4.998779
prototype,47.653132,-122.306114,2025-03-11 14:07:39,4.333214,0.089704,73.097366,4.998779
prototype,47.653132,-122.306114,2025-03-11 14:07:47,4.331866,0.089880,74.047356,4.998779
prototype,47.653132,-122.306114,2025-03-11 14:07:55,4.333214,0.090494,73.572586,4.998779
prototype,47.653132,-122.306114,2025-03-11 14:08:03,4.335954,0.090313,73.287529,4.998779
prototype,47.653132,-122.306114,2025-03-11 14:08:11,4.334605,0.089699,73.762466,4.998779
prototype,47.653132,-122.306114,2025-03-11 14:08:19,4.329173,0.089967,73.762413,4.998779
prototype,47.653132,-122.306114,2025-03-11 14:08:27,4.335954,0.090842,73.097321,4.998779
prototype,47.653132,-122.306114,2025-03-11 14:08:35,4.331866,0.090408,73.572418,4.998779
prototype,47.653132,-122.306114,2025-03-11 14:08:43,4.330518,0.089719,73.097366,4.998779
prototype,47.653132,-122.306114,2025-03-11 14:09:07,4.323708,0.088050,73.477524,4.998779
prototype,47.653132,-122.306114,2025-03-11 14:09:15,4.325092,0.087607,73.192429,4.998779
prototype,47.653132,-122.306114,2025-03-11 14:09:23,4.329170,0.087954,73.477524,4.998779
prototype,47.653132,-122.306114,2025-03-11 14:09:31,4.326437,0.087868,72.907272,4.998779
prototype,47.653132,-122.306114,2025-03-11 14:09:39,4.333304,0.087599,73.572586,4.998779
prototype,47.653132,-122.306114,2025-03-11 14:09:47,4.334565,0.089264,73.572418,4.998779
prototype,47.653132,-122.306114,2025-03-11 14:09:55,4.331866,0.088829,73.097313,4.998779
prototype,47.653132,-122.306114,2025-03-11 14:10:03,4.330518,0.089005,73.762413,4.998779
prototype,47.653132,-122.306114,2025-03-11 14:10:11,4.327825,0.088136,73.477524,4.998779
prototype,47.653132,-122.306114,2025-03-11 14:10:19,4.327782,0.088574,73.382477,4.998779
prototype,47.653132,-122.306114,2025-03-11 14:10:27,4.326437,0.088040,73.382530,4.998779
prototype,47.653132,-122.306114,2025-03-11 14:10:35,4.329130,0.088386,73.382523,4.998779
prototype,47.653132,-122.306114,2025-03-11 14:10:43,4.331909,0.088035,73.572525,4.998779
prototype,47.653132,-122.306114,2025-03-11 14:10:51,4.329170,0.088650,73.477585,4.998779
prototype,47.653132,-122.306114,2025-03-11 14:10:59,4.331866,0.088914,73.382477,4.998779
prototype,47.653132,-122.306114,2025-03-11 14:11:07,4.333214,0.089705,73.192535,4.998779
prototype,47.653132,-122.306114,2025-03-11 14:11:23,4.333257,0.090136,73.572472,4.998779
prototype,47.653132,-122.306114,2025-03-11 14:11:31,4.334565,0.090419,73.382477,4.998779
prototype,47.653132,-122.306114,2025-03-11 14:11:39,4.333214,0.091202,73.097481,4.998779
prototype,47.653132,-122.306114,2025-03-11 14:11:47,4.331909,0.090224,72.622055,4.998779
prototype,47.653132,-122.306114,2025-03-11 14:11:55,4.330518,0.089786,73.192535,4.998779
prototype,47.653132,-122.306114,2025-03-11 14:12:03,4.335916,0.091201,73.002426,4.998779
prototype,47.653132,-122.306114,2025-03-11 14:12:11,4.333217,0.090236,73.192093,4.998779
prototype,47.653132,-122.306114,2025-03-11 14:12:19,4.329130,0.088826,73.952354,4.998779
prototype,47.653132,-122.306114,2025-03-11 14:12:27,4.329170,0.089180,73.477531,4.998779
prototype,47.653132,-122.306114,2025-03-11 14:12:35,4.331866,0.089078,73.477531,4.998779
prototype,47.653132,-122.306114,2025-03-11 14:12:43,4.330518,0.089099,73.097481,4.998779
prototype,47.653132,-122.306114,2025-03-11 14:12:51,4.326480,0.088566,73.572578,4.998779
prototype,47.653132,-122.306114,2025-03-11 14:13:07,4.330518,0.088043,73.382523,4.998779
prototype,47.653132,-122.306114,2025-03-11 14:13:15,4.329170,0.088582,73.382530,4.998779
prototype,47.653132,-122.306114,2025-03-11 14:13:23,4.329130,0.087526,74.331047,4.998779
prototype,47.653132,-122.306114,2025-03-11 14:13:31,4.327782,0.087785,73.287308,4.998779
prototype,47.653132,-122.306114,2025-03-11 14:13:39,4.329170,0.087609,73.382523,4.998779
prototype,47.653132,-122.306114,2025-03-11 14:13:55,4.326397,0.086654,73.382530,4.998779
prototype,47.653132,-122.306114,2025-03-11 14:14:03,4.329170,0.086063,73.477425,4.998779
prototype,47.653132,-122.306114,2025-03-11 14:14:19,4.330478,0.086996,73.287422,4.998779
prototype,47.653132,-122.306114,2025-03-11 14:14:27,4.337264,0.088824,73.477470,4.998779
prototype,47.653132,-122.306114,2025-03-11 14:14:35,4.340007,0.089255,73.572472,4.998779
prototype,47.653132,-122.306114,2025-03-11 14:14:51,4.341401,0.091193,73.477470,4.998779
prototype,47.653132,-122.306114,2025-03-11 14:14:59,4.340007,0.091549,73.572464,4.998779
prototype,47.653132,-122.306114,2025-03-11 14:15:07,4.331866,0.090321,73.287430,4.998779
prototype,47.653132,-122.306114,2025-03-11 14:15:23,4.333217,0.090324,73.382523,4.998779
prototype,47.653132,-122.306114,2025-03-11 14:15:31,4.327782,0.089615,73.762527,4.998779
prototype,47.653132,-122.306114,2025-03-11 14:15:39,4.330518,0.089881,73.382477,4.998779
prototype,47.653132,-122.306114,2025-03-11 14:15:47,4.337307,0.090928,73.477585,4.998779
prototype,47.653132,-122.306114,2025-03-11 14:15:55,4.337304,0.091283,73.572525,4.998779
prototype,47.653132,-122.306114,2025-03-11 14:16:11,4.333214,0.091909,73.192528,4.998779
prototype,47.653132,-122.306114,2025-03-11 14:16:19,4.334608,0.090403,73.477257,4.998779
prototype,47.653132,-122.306114,2025-03-11 14:16:27,4.330518,0.089797,73.192474,4.998779
prototype,47.653132,-122.306114,2025-03-11 14:16:43,4.329170,0.088481,73.002373,4.998779
prototype,47.653132,-122.306114,2025-03-11 14:16:51,4.331866,0.089178,73.097481,4.998779
prototype,47.653132,-122.306114,2025-03-11 14:16:59,4.327782,0.088568,73.287529,4.998779
prototype,47.653132,-122.306114,2025-03-11 14:17:07,4.329170,0.089005,73.572418,4.998779
prototype,47.653132,-122.306114,2025-03-11 14:17:15,4.327782,0.088130,73.477585,4.998779
prototype,47.653132,-122.306114,2025-03-11 14:17:23,4.331866,0.089885,73.762466,4.998779
prototype,47.653132,-122.306114,2025-03-11 14:17:31,4.330518,0.089005,73.192535,4.998779
prototype,47.653132,-122.306114,2025-03-11 14:17:39,4.330478,0.089528,73.762520,4.998779
prototype,47.653132,-122.306114,2025-03-11 14:17:47,4.331826,0.089961,73.192429,4.998779
prototype,47.653132,-122.306114,2025-03-11 14:17:55,4.335954,0.090577,73.477585,4.998779
prototype,47.653132,-122.306114,2025-03-11 14:18:03,4.334562,0.091736,73.382477,4.998779
prototype,47.653132,-122.306114,2025-03-11 14:18:11,4.333217,0.090941,73.667366,4.998779
prototype,47.653132,-122.306114,2025-03-11 14:18:19,4.334562,0.091645,73.287590,4.998779
prototype,47.653132,-122.306114,2025-03-11 14:18:35,4.337305,0.093515,73.951920,4.998779
prototype,47.653132,-122.306114,2025-03-11 14:18:43,4.338699,0.093604,73.382523,4.998779
prototype,47.653132,-122.306114,2025-03-11 14:18:59,4.340050,0.094505,73.382423,4.998779
prototype,47.653132,-122.306114,2025-03-11 14:19:15,4.342752,0.096590,73.572525,4.998779
prototype,47.653132,-122.306114,2025-03-11 14:19:23,4.342752,0.097139,73.477585,4.998779
prototype,47.653132,-122.306114,2025-03-11 14:19:31,4.344106,0.097786,73.667526,4.998779
prototype,47.653132,-122.306114,2025-03-11 14:19:39,4.341401,0.096775,72.907372,4.998779
prototype,47.653132,-122.306114,2025-03-11 14:19:47,4.340006,0.095691,73.002319,4.998779
prototype,47.653132,-122.306114,2025-03-11 14:19:55,4.341357,0.098151,73.572464,4.998779
prototype,47.653132,-122.306114,2025-03-11 14:20:11,4.348212,0.100185,73.382530,4.998779
prototype,47.653132,-122.306114,2025-03-11 14:20:19,4.346814,0.100091,73.192535,4.998779
prototype,47.653132,-122.306114,2025-03-11 14:20:27,4.344106,0.100369,73.287529,4.998779
prototype,47.653132,-122.306114,2025-03-11 14:20:35,4.341401,0.098150,73.192261,4.998779
prototype,47.653132,-122.306114,2025-03-11 14:20:59,4.345463,0.097881,73.287201,4.998779
prototype,47.653132,-122.306114,2025-03-11 14:21:07,4.338658,0.094874,73.002319,4.998779
prototype,47.653132,-122.306114,2025-03-11 14:21:31,4.335914,0.093904,73.572578,4.998779
prototype,47.653132,-122.306114,2025-03-11 14:21:47,4.341404,0.093538,73.192429,4.998779
prototype,47.653132,-122.306114,2025-03-11 14:21:55,4.334605,0.092179,73.097366,4.998779
prototype,47.653132,-122.306114,2025-03-11 14:22:03,4.331866,0.092272,73.192528,4.998779
prototype,47.653132,-122.306114,2025-03-11 14:22:11,4.335954,0.092177,73.477585,4.998779
prototype,47.653132,-122.306114,2025-03-11 14:22:19,4.338655,0.091018,73.762413,4.998779
prototype,47.653132,-122.306114,2025-03-11 14:22:43,4.341357,0.093247,73.477364,4.998779
prototype,47.653132,-122.306114,2025-03-11 14:23:07,4.352280,0.097693,73.287483,4.998779
prototype,47.653132,-122.306114,2025-03-11 14:23:15,4.346814,0.098059,73.762199,4.998779
prototype,47.653132,-122.306114,2025-03-11 14:23:23,4.346858,0.098425,73.192253,4.998779
prototype,47.653132,-122.306114,2025-03-11 14:23:31,4.344106,0.097693,73.477310,4.998779
prototype,47.653132,-122.306114,2025-03-11 14:23:39,4.340006,0.096047,73.287308,4.998779
prototype,47.653132,-122.306114,2025-03-11 14:23:47,4.340006,0.094419,73.287529,4.998779
prototype,47.653132,-122.306114,2025-03-11 14:23:55,4.340006,0.093875,73.192535,4.998779
prototype,47.653132,-122.306114,2025-03-11 14:24:03,4.340007,0.093335,73.097481,4.998779
prototype,47.653132,-122.306114,2025-03-11 14:24:11,4.342752,0.093783,73.382523,4.998779
prototype,47.653132,-122.306114,2025-03-11 14:24:19,4.334565,0.093348,73.572472,4.998779
prototype,47.653132,-122.306114,2025-03-11 14:24:27,4.341401,0.093154,73.477524,4.998779
prototype,47.653132,-122.306114,2025-03-11 14:24:35,4.342711,0.093781,73.667526,4.998779
prototype,47.653132,-122.306114,2025-03-11 14:24:43,4.344106,0.095409,73.952362,4.998779
prototype,47.653132,-122.306114,2025-03-11 14:24:51,4.349569,0.097780,73.762466,4.998779
prototype,47.653132,-122.306114,2025-03-11 14:24:59,4.346858,0.098241,73.287529,4.998779
prototype,47.653132,-122.306114,2025-03-11 14:25:07,4.344106,0.096046,73.667526,4.998779
prototype,47.653132,-122.306114,2025-03-11 14:25:15,4.338655,0.095865,73.667473,4.998779
prototype,47.653132,-122.306114,2025-03-11 14:25:23,4.342755,0.096773,73.857468,4.998779
prototype,47.653132,-122.306114,2025-03-11 14:25:31,4.342752,0.096056,73.477585,4.998779
prototype,47.653132,-122.306114,2025-03-11 14:25:39,4.341357,0.096499,73.382042,4.998779
prototype,47.653132,-122.306114,2025-03-11 14:25:47,4.341401,0.095325,73.762413,4.998779
prototype,47.653132,-122.306114,2025-03-11 14:25:55,4.340050,0.094867,73.382423,4.998779
prototype,47.653132,-122.306114,2025-03-11 14:26:03,4.341357,0.094415,73.097481,4.998779
prototype,47.653132,-122.306114,2025-03-11 14:26:11,4.344106,0.096690,73.287529,4.998779
prototype,47.653132,-122.306114,2025-03-11 14:26:19,4.344106,0.097054,73.857468,4.998779
prototype,47.653132,-122.306114,2025-03-11 14:26:27,4.348212,0.098245,74.332031,4.998779
prototype,47.653132,-122.306114,2025-03-11 14:26:35,4.349569,0.098885,73.382370,4.998779
prototype,47.653132,-122.306114,2025-03-11 14:26:43,4.342755,0.097600,73.192429,4.998779
prototype,47.653132,-122.306114,2025-03-11 14:26:51,4.344106,0.097599,73.856819,4.998779
prototype,47.653132,-122.306114,2025-03-11 14:26:59,4.341357,0.097141,73.287209,4.998779
prototype,47.653132,-122.306114,2025-03-11 14:27:07,4.342711,0.097784,73.382477,4.998779
prototype,47.653132,-122.306114,2025-03-11 14:27:15,4.341357,0.096590,73.097198,4.998779
prototype,47.653132,-122.306114,2025-03-11 14:27:23,4.348171,0.097511,73.572426,4.998779
prototype,47.653132,-122.306114,2025-03-11 14:27:31,4.346814,0.098885,73.287483,4.998779
prototype,47.653132,-122.306114,2025-03-11 14:27:39,4.342755,0.098058,73.097481,4.998779
prototype,47.653132,-122.306114,2025-03-11 14:27:55,4.337305,0.094686,73.572372,4.998779
prototype,47.653132,-122.306114,2025-03-11 14:28:03,4.338655,0.094414,73.667526,4.998779
prototype,47.653132,-122.306114,2025-03-11 14:28:11,4.341357,0.094954,73.762527,4.998779
prototype,47.653132,-122.306114,2025-03-11 14:28:19,25.212082,1026.981812,73.572472,4.998779
prototype,47.653132,-122.306114,2025-03-11 14:28:35,39.820751,1722.765991,0.002627,73.382584,4.998779
prototype,47.653132,-122.306114,2025-03-11 14:28:51,12.127822,359.280212,73.002373,4.998779
prototype,47.653132,-122.306114,2025-03-11 14:28:59,4.404869,0.098804,72.907097,4.998779
prototype,47.653132,-122.306114,2025-03-11 14:29:07,4.367427,0.098989,72.907372,4.998779
prototype,47.653132,-122.306114,2025-03-11 14:29:15,4.349612,0.097148,72.717323,4.998779
prototype,47.653132,-122.306114,2025-03-11 14:29:23,4.340050,0.094331,73.192482,4.998779
prototype,47.653132,-122.306114,2025-03-11 14:29:32,4.338655,0.092443,73.382477,4.998779
prototype,47.653132,-122.306114,2025-03-11 14:29:40,4.334605,0.091378,72.526825,4.998779
prototype,47.653132,-122.306114,2025-03-11 14:29:48,4.335913,0.090499,73.002213,4.998779
prototype,47.653132,-122.306114,2025-03-11 14:29:56,4.333257,0.088561,73.002312,4.998779
prototype,47.653132,-122.306114,2025-03-11 14:30:04,4.329170,0.088392,73.382584,4.998779
prototype,47.653132,-122.306114,2025-03-11 14:30:12,4.330518,0.087351,72.812325,4.998779
prototype,47.653132,-122.306114,2025-03-11 14:30:20,4.331866,0.087175,72.717049,4.998779
prototype,47.653132,-122.306114,2025-03-11 14:30:28,4.329170,0.086069,72.622208,4.998779
prototype,47.653132,-122.306114,2025-03-11 14:30:36,4.334565,0.085709,72.812370,4.998779
prototype,47.653132,-122.306114,2025-03-11 14:30:44,4.329170,0.084601,72.622162,4.998779
prototype,47.653132,-122.306114,2025-03-11 14:30:52,4.330518,0.085021,72.812325,4.998779
prototype,47.653132,-122.306114,2025-03-11 14:31:00,4.330561,0.083912,72.527107,4.998779
prototype,47.653132,-122.306114,2025-03-11 14:31:08,4.330518,0.085022,73.002487,4.998779
prototype,47.653132,-122.306114,2025-03-11 14:31:24,4.340006,0.087165,72.621941,4.998779
prototype,47.653132,-122.306114,2025-03-11 14:31:32,4.335954,0.086475,73.001877,4.998779
prototype,47.653132,-122.306114,2025-03-11 14:31:40,4.337264,0.087605,72.812378,4.998779
prototype,47.653132,-122.306114,2025-03-11 14:31:48,4.335956,0.086994,73.192368,4.998779
prototype,47.653132,-122.306114,2025-03-11 14:31:56,4.338655,0.086564,73.192429,4.998779
prototype,47.653132,-122.306114,2025-03-11 14:32:04,4.330518,0.086397,73.002426,4.998779
prototype,47.653132,-122.306114,2025-03-11 14:32:12,4.335916,0.087172,72.812325,4.998779
prototype,47.653132,-122.306114,2025-03-11 14:32:20,4.333214,0.085877,72.812149,4.998779
prototype,47.653132,-122.306114,2025-03-11 14:32:28,4.330518,0.085365,72.907372,4.998779
prototype,47.653132,-122.306114,2025-03-11 14:32:36,4.329170,0.085022,73.097427,4.998779
prototype,47.653132,-122.306114,2025-03-11 14:32:44,4.329130,0.085022,72.907372,4.998779
prototype,47.653132,-122.306114,2025-03-11 14:32:52,4.333214,0.085109,73.002373,4.998779
prototype,47.653132,-122.306114,2025-03-11 14:33:00,4.330518,0.084854,73.287422,4.998779
prototype,47.653132,-122.306114,2025-03-11 14:33:08,4.333214,0.084936,73.382530,4.998779
prototype,47.653132,-122.306114,2025-03-11 14:33:16,4.330518,0.085112,73.002426,4.998779
prototype,47.653132,-122.306114,2025-03-11 14:33:24,4.333217,0.085542,72.621941,4.998779
prototype,47.653132,-122.306114,2025-03-11 14:33:32,4.330478,0.085027,73.572372,4.998779
prototype,47.653132,-122.306114,2025-03-11 14:33:40,4.333214,0.084677,73.382416,4.998779
prototype,47.653132,-122.306114,2025-03-11 14:33:48,4.330518,0.084170,73.760239,4.998779
prototype,47.653132,-122.306114,2025-03-11 14:33:56,4.330481,0.084421,73.287476,4.998779
prototype,47.653132,-122.306114,2025-03-11 14:34:04,4.329170,0.083916,73.477425,4.998779
prototype,47.653132,-122.306114,2025-03-11 14:34:12,4.329130,0.083584,73.192535,4.998779
prototype,47.653132,-122.306114,2025-03-11 14:34:20,4.331866,0.083494,72.812149,4.998779
prototype,47.653132,-122.306114,2025-03-11 14:34:28,4.330518,0.083152,73.192474,4.998779
prototype,47.653132,-122.306114,2025-03-11 14:34:36,4.329170,0.083744,73.476486,4.998779
prototype,47.653132,-122.306114,2025-03-11 14:34:44,4.334562,0.084604,72.907318,4.998779
prototype,47.653132,-122.306114,2025-03-11 14:34:52,4.330518,0.084593,73.192482,4.998779
prototype,47.653132,-122.306114,2025-03-11 14:35:00,4.334605,0.084418,73.002319,4.998779
prototype,47.653132,-122.306114,2025-03-11 14:35:08,4.334605,0.084334,73.002426,4.998779
prototype,47.653132,-122.306114,2025-03-11 14:35:16,4.331866,0.085537,73.002426,4.998779
prototype,47.653132,-122.306114,2025-03-11 14:35:24,4.331866,0.084938,73.192474,4.998779
prototype,47.653132,-122.306114,2025-03-11 14:35:32,4.331866,0.084512,72.907318,4.998779
prototype,47.653132,-122.306114,2025-03-11 14:35:40,4.331866,0.084339,73.192535,4.998779
prototype,47.653132,-122.306114,2025-03-11 14:35:48,4.330518,0.084175,73.192535,4.998779
prototype,47.653132,-122.306114,2025-03-11 14:35:56,4.333217,0.084598,73.002365,4.998779
prototype,47.653132,-122.306114,2025-03-11 14:36:04,4.331866,0.084765,73.192474,4.998779
prototype,47.653132,-122.306114,2025-03-11 14:36:12,4.334562,0.084851,73.002090,4.998779
prototype,47.653132,-122.306114,2025-03-11 14:36:20,4.327782,0.084012,73.477531,4.998779
prototype,47.653132,-122.306114,2025-03-11 14:36:28,4.330518,0.083493,73.097366,4.998779
prototype,47.653132,-122.306114,2025-03-11 14:36:36,4.327782,0.082645,73.572578,4.998779
prototype,47.653132,-122.306114,2025-03-11 14:36:44,4.329170,0.082984,73.002426,4.998779
prototype,47.653132,-122.306114,2025-03-11 14:36:52,4.329173,0.082561,73.002365,4.998779
prototype,47.653132,-122.306114,2025-03-11 14:37:00,4.331866,0.082734,73.097481,4.998779
prototype,47.653132,-122.306114,2025-03-11 14:37:08,4.329170,0.082311,72.622162,4.998779
prototype,47.653132,-122.306114,2025-03-11 14:37:16,4.330518,0.082313,72.527054,4.998779
prototype,47.653132,-122.306114,2025-03-11 14:37:24,4.327782,0.082226,73.192429,4.998779
prototype,47.653132,-122.306114,2025-03-11 14:37:32,4.330478,0.082646,73.477585,4.998779
prototype,47.653132,-122.306114,2025-03-11 14:37:40,4.330521,0.082818,73.477257,4.998779
prototype,47.653132,-122.306114,2025-03-11 14:37:48,4.330518,0.082731,73.572472,4.998779
prototype,47.653132,-122.306114,2025-03-11 14:37:56,4.334527,0.083993,73.287422,4.998779
prototype,47.653132,-122.306114,2025-03-11 14:38:04,4.333257,0.083405,73.192368,4.998779
prototype,47.653132,-122.306114,2025-03-11 14:38:12,4.330518,0.082730,73.192368,4.998779
prototype,47.653132,-122.306114,2025-03-11 14:38:20,4.331866,0.082734,73.192207,4.998779
prototype,47.653132,-122.306114,2025-03-11 14:38:28,4.329130,0.081978,73.572472,4.998779
prototype,47.653132,-122.306114,2025-03-11 14:38:36,4.329170,0.081387,72.907379,4.998779
prototype,47.653132,-122.306114,2025-03-11 14:38:44,4.326480,0.081066,72.717270,4.998779
prototype,47.653132,-122.306114,2025-03-11 14:38:52,4.327782,0.081396,73.192421,4.998779
prototype,47.653132,-122.306114,2025-03-11 14:39:00,4.329170,0.080890,73.192482,4.998779
prototype,47.653132,-122.306114,2025-03-11 14:39:08,4.327782,0.080223,73.382584,4.998779
prototype,47.653132,-122.306114,2025-03-11 14:39:33,4.326437,0.079721,73.097260,4.998779
prototype,47.653132,-122.306114,2025-03-11 14:39:57,4.329170,0.080982,73.097481,4.998779
prototype,47.653132,-122.306114,2025-03-11 14:40:05,4.329170,0.080219,73.382423,4.998779
prototype,47.653132,-122.306114,2025-03-11 14:40:13,4.330478,0.080632,73.287422,4.998779
prototype,47.653132,-122.306114,2025-03-11 14:40:21,4.331866,0.081133,73.097481,4.998779
prototype,47.653132,-122.306114,2025-03-11 14:40:29,4.334562,0.082313,74.139969,4.998779
prototype,47.653132,-122.306114,2025-03-11 14:40:37,4.338699,0.081716,73.002426,4.998779
prototype,47.653132,-122.306114,2025-03-11 14:40:45,4.334565,0.081397,73.287308,4.998779
prototype,47.653132,-122.306114,2025-03-11 14:40:53,4.330518,0.081385,73.192314,4.998779
prototype,47.653132,-122.306114,2025-03-11 14:41:01,4.335914,0.081890,73.002426,4.998779
prototype,47.653132,-122.306114,2025-03-11 14:41:09,4.334562,0.082145,73.287529,4.998779
prototype,47.653132,-122.306114,2025-03-11 14:41:17,4.333214,0.082231,73.287422,4.998779
prototype,47.653132,-122.306114,2025-03-11 14:41:25,4.334605,0.081130,72.907425,4.998779
prototype,47.653132,-122.306114,2025-03-11 14:41:33,4.331866,0.082061,73.287422,4.998779
prototype,47.653132,-122.306114,2025-03-11 14:41:41,4.331866,0.081645,73.572586,4.998779
prototype,47.653132,-122.306114,2025-03-11 14:41:49,4.333214,0.080829,73.572525,4.998779
prototype,47.653132,-122.306114,2025-03-11 14:41:57,4.330518,0.081385,73.952408,4.998779
prototype,47.653132,-122.306114,2025-03-11 14:42:05,4.334605,0.082062,73.002266,4.998779
prototype,47.653132,-122.306114,2025-03-11 14:42:13,4.334562,0.082228,73.382523,4.998779
prototype,47.653132,-122.306114,2025-03-11 14:42:21,4.333257,0.080961,73.762527,4.998779
prototype,47.653132,-122.306114,2025-03-11 14:42:29,4.337264,0.082647,73.192207,4.998779
prototype,47.653132,-122.306114,2025-03-11 14:42:37,4.340006,0.083234,73.287537,4.998779
prototype,47.653132,-122.306114,2025-03-11 14:42:45,4.337264,0.084337,73.477470,4.998779
prototype,47.653132,-122.306114,2025-03-11 14:42:53,4.342752,0.083656,73.097153,4.998779
prototype,47.653132,-122.306114,2025-03-11 14:43:01,4.337304,0.083145,72.907272,4.998779
prototype,47.653132,-122.306114,2025-03-11 14:43:09,4.337304,0.082638,73.762314,4.998779
prototype,47.653132,-122.306114,2025-03-11 14:43:17,4.340006,0.083650,73.762466,4.998779
prototype,47.653132,-122.306114,2025-03-11 14:43:25,4.341401,0.083483,73.762306,4.998779
prototype,47.653132,-122.306114,2025-03-11 14:43:33,4.340006,0.083909,73.382584,4.998779
prototype,47.653132,-122.306114,2025-03-11 14:43:41,4.341357,0.084078,73.287094,4.998779
prototype,47.653132,-122.306114,2025-03-11 14:43:49,4.342752,0.084759,73.097534,4.998779
prototype,47.653132,-122.306114,2025-03-11 14:43:57,4.342752,0.085360,73.192528,4.998779
prototype,47.653132,-122.306114,2025-03-11 14:44:05,4.341357,0.085270,73.762360,4.998779
prototype,47.653132,-122.306114,2025-03-11 14:44:13,4.342752,0.084587,73.192535,4.998779
prototype,47.653132,-122.306114,2025-03-11 14:44:21,4.341357,0.084502,73.287308,4.998779
prototype,47.653132,-122.306114,2025-03-11 14:44:37,4.342752,0.084843,73.477470,4.998779
prototype,47.653132,-122.306114,2025-03-11 14:44:45,4.345460,0.086214,73.287529,4.998779
prototype,47.653132,-122.306114,2025-03-11 14:44:53,4.346814,0.087081,73.287476,4.998779
prototype,47.653132,-122.306114,2025-03-11 14:45:01,4.344106,0.087251,73.002487,4.998779
prototype,47.653132,-122.306114,2025-03-11 14:45:09,4.349528,0.087080,72.907272,4.998779
prototype,47.653132,-122.306114,2025-03-11 14:45:17,4.345503,0.086390,73.287476,4.998779
prototype,47.653132,-122.306114,2025-03-11 14:45:41,4.344106,0.085957,73.477371,4.998779
prototype,47.653132,-122.306114,2025-03-11 14:45:49,4.345463,0.085783,73.572464,4.998779
prototype,47.653132,-122.306114,2025-03-11 14:45:57,4.346814,0.085441,73.287590,4.998779
prototype,47.653132,-122.306114,2025-03-11 14:46:05,4.348171,0.086561,73.477531,4.998779
prototype,47.653132,-122.306114,2025-03-11 14:46:13,4.346858,0.086133,73.572365,4.998779
prototype,47.653132,-122.306114,2025-03-11 14:46:29,4.344106,0.086907,73.287476,4.998779
prototype,47.653132,-122.306114,2025-03-11 14:46:53,4.348215,0.087251,73.667526,4.998779
prototype,47.653132,-122.306114,2025-03-11 14:47:01,4.346814,0.087598,73.667580,4.998779
prototype,47.653132,-122.306114,2025-03-11 14:47:09,4.348212,0.087599,73.287529,4.998779
prototype,47.653132,-122.306114,2025-03-11 14:47:17,4.349525,0.087684,73.572578,4.998779
prototype,47.653132,-122.306114,2025-03-11 14:47:25,4.344106,0.088035,73.382477,4.998779
prototype,47.653132,-122.306114,2025-03-11 14:47:33,4.348171,0.088119,73.287529,4.998779
prototype,47.653132,-122.306114,2025-03-11 14:47:41,4.346814,0.088381,73.382584,4.998779
prototype,47.653132,-122.306114,2025-03-11 14:48:05,4.349525,0.088476,73.287422,4.998779
prototype,47.653132,-122.306114,2025-03-11 14:48:13,4.350923,0.089170,72.717270,4.998779
prototype,47.653132,-122.306114,2025-03-11 14:48:21,4.350923,0.088555,73.287422,4.998779
prototype,47.653132,-122.306114,2025-03-11 14:48:29,4.350923,0.089697,73.287529,4.998779
prototype,47.653132,-122.306114,2025-03-11 14:48:37,4.346814,0.089342,73.667580,4.998779
prototype,47.653132,-122.306114,2025-03-11 14:48:45,4.349566,0.089344,73.572525,4.998779
prototype,47.653132,-122.306114,2025-03-11 14:48:53,4.348171,0.089433,73.287422,4.998779
prototype,47.653132,-122.306114,2025-03-11 14:49:01,4.348212,0.088647,73.382477,4.998779
prototype,47.653132,-122.306114,2025-03-11 14:49:09,4.346814,0.087860,73.382584,4.998779
prototype,47.653132,-122.306114,2025-03-11 14:49:17,4.348171,0.088730,73.667526,4.998779
prototype,47.653132,-122.306114,2025-03-11 14:49:25,4.350923,0.090406,73.097488,4.998779
prototype,47.653132,-122.306114,2025-03-11 14:49:33,4.353681,0.089874,73.382530,4.998779
prototype,47.653132,-122.306114,2025-03-11 14:49:41,4.349566,0.088563,73.192368,4.998779
prototype,47.653132,-122.306114,2025-03-11 14:49:49,4.345460,0.089255,73.192482,4.998779
prototype,47.653132,-122.306114,2025-03-11 14:49:57,4.346860,0.089169,74.047035,4.998779
prototype,47.653132,-122.306114,2025-03-11 14:50:13,4.344106,0.088296,73.382423,4.998779
prototype,47.653132,-122.306114,2025-03-11 14:50:22,4.344106,0.088383,73.477470,4.998779
prototype,47.653132,-122.306114,2025-03-11 14:50:30,4.346814,0.087860,73.002258,4.998779
prototype,47.653132,-122.306114,2025-03-11 14:50:38,4.342752,0.088382,73.192474,4.998779
prototype,47.653132,-122.306114,2025-03-11 14:50:54,4.345460,0.087772,73.192429,4.998779
prototype,47.653132,-122.306114,2025-03-11 14:51:02,4.344106,0.087512,73.287529,4.998779
prototype,47.653132,-122.306114,2025-03-11 14:51:10,4.342752,0.084929,73.477470,4.998779
prototype,47.653132,-122.306114,2025-03-11 14:51:18,4.341357,0.085698,73.477364,4.998779
prototype,47.653132,-122.306114,2025-03-11 14:51:26,4.342752,0.084673,73.477585,4.998779
prototype,47.653132,-122.306114,2025-03-11 14:51:50,4.348168,0.086991,73.667366,4.998779
prototype,47.653132,-122.306114,2025-03-11 14:51:58,4.348168,0.087339,73.192429,4.998779
prototype,47.653132,-122.306114,2025-03-11 14:52:14,4.349566,0.088033,73.572365,4.998779
prototype,47.653132,-122.306114,2025-03-11 14:52:22,4.348215,0.087254,73.287476,4.998779
prototype,47.653132,-122.306114,2025-03-11 14:52:30,4.345460,0.087597,72.906982,4.998779
prototype,47.653132,-122.306114,2025-03-11 14:52:38,4.345460,0.086391,73.857361,4.998779
prototype,47.653132,-122.306114,2025-03-11 14:52:46,4.342752,0.086042,72.717270,4.998779
prototype,47.653132,-122.306114,2025-03-11 14:52:54,4.342752,0.086221,73.477470,4.998779
prototype,47.653132,-122.306114,2025-03-11 14:53:02,4.344106,0.085699,73.477364,4.998779
prototype,47.653132,-122.306114,2025-03-11 14:53:10,4.346814,0.085359,73.856979,4.998779
prototype,47.653132,-122.306114,2025-03-11 14:53:18,4.344106,0.084673,73.572472,4.998779
prototype,47.653132,-122.306114,2025-03-11 14:53:26,4.345460,0.085274,73.382523,4.998779
prototype,47.653132,-122.306114,2025-03-11 14:53:34,4.345503,0.085529,73.572472,4.998779
prototype,47.653132,-122.306114,2025-03-11 14:53:42,4.342752,0.084929,73.192535,4.998779
prototype,47.653132,-122.306114,2025-03-11 14:53:50,4.346814,0.085612,73.287476,4.998779
prototype,47.653132,-122.306114,2025-03-11 14:53:58,4.345460,0.085442,73.192474,4.998779
prototype,47.653132,-122.306114,2025-03-11 14:54:06,4.346814,0.085356,73.667419,4.998779
prototype,47.653132,-122.306114,2025-03-11 14:54:14,4.345503,0.085961,72.907372,4.998779
prototype,47.653132,-122.306114,2025-03-11 14:54:22,4.352280,0.086303,73.572418,4.998779
prototype,47.653132,-122.306114,2025-03-11 14:54:30,4.350883,0.085358,73.857361,4.998779
prototype,47.653132,-122.306114,2025-03-11 14:54:38,4.348171,0.086214,73.477470,4.998779
prototype,47.653132,-122.306114,2025-03-11 14:54:46,4.353637,0.087686,73.192429,4.998779
prototype,47.653132,-122.306114,2025-03-11 14:54:54,4.349569,0.086990,73.287422,4.998779
prototype,47.653132,-122.306114,2025-03-11 14:55:10,4.352280,0.086734,73.382477,4.998779
prototype,47.653132,-122.306114,2025-03-11 14:55:26,4.356395,0.088213,73.477531,4.998779
prototype,47.653132,-122.306114,2025-03-11 14:55:42,4.356399,0.087427,73.097321,4.998779
prototype,47.653132,-122.306114,2025-03-11 14:55:50,4.352280,0.087251,73.762413,4.998779
prototype,47.653132,-122.306114,2025-03-11 14:55:58,4.353637,0.086992,73.382309,4.998779
prototype,47.653132,-122.306114,2025-03-11 14:56:06,4.357715,0.087684,73.287537,4.998779
prototype,47.653132,-122.306114,2025-03-11 14:56:14,4.368693,0.089870,73.477585,4.998779
prototype,47.653132,-122.306114,2025-03-11 14:56:22,4.370060,0.090841,73.667313,4.998779
prototype,47.653132,-122.306114,2025-03-11 14:56:30,4.374209,0.092179,73.477470,4.998779
prototype,47.653132,-122.306114,2025-03-11 14:56:38,4.393525,0.093332,73.572525,4.998779
prototype,47.653132,-122.306114,2025-03-11 14:57:20,4.385003,0.716386,-1.000000,73.287422,4.998779
prototype,47.653132,-122.306114,2025-03-11 14:57:28,4.404680,0.748642,-1.000000,74.141434,4.998779
prototype,47.653132,-122.306114,2025-03-11 14:57:36,4.403251,0.777064,-1.000000,73.477585,4.998779
