CO,NO2,NH3,TDS


4.371275,0.568303,0.168377,40.706841

4.378130,0.574705,0.168377,58.328163
4.371275,0.572565,0.167833,19.107618
4.371275,0.570431,0.168924,16.554668
4.371275,0.572565,0.168377,38.723694
4.378130,0.574705,0.166755,57.359608
4.391886,0.576851,0.166755,11.936748
4.378130,0.573634,0.170584,50.545971
